Age,Gender,Weight(kg),Daily Water Intake (liters),Physical Activity Level,Hydration Level
43,Female,93.45,1.64,Moderate,At Risk of Dehydration
43,Male,78.15,3.51,Low,Hydrated
56,Female,80.82,2.96,Low,Hydrated
45,Male,98.33,3.58,Low,Hydrated
22,Female,86.86,2.59,High,At Risk of Dehydration
26,Male,64.3,2.63,Moderate,At Risk of Dehydration
40,Female,79.4,3.17,High,At Risk of Dehydration
27,Female,87.84,3.51,High,At Risk of Dehydration
28,Female,58.5,3.2,Low,At Risk of Dehydration
54,Female,58.11,1.91,Moderate,At Risk of Dehydration
44,Male,98.8,1.75,Low,At Risk of Dehydration
23,Female,97.75,3.68,Low,Hydrated
24,Female,86.42,2.83,Low,At Risk of Dehydration
37,Female,54.86,3.07,High,At Risk of Dehydration
20,Female,50.85,1.76,Moderate,At Risk of Dehydration
50,Male,67.52,1.02,Moderate,At Risk of Dehydration
19,Male,88.51,1.56,Moderate,At Risk of Dehydration
36,Female,67.7,1.59,Moderate,At Risk of Dehydration
21,Male,61.7,1.76,High,At Risk of Dehydration
31,Female,51.01,1.12,High,At Risk of Dehydration
47,Female,65.46,1.64,High,At Risk of Dehydration
28,Female,53.33,2.47,High,At Risk of Dehydration
51,Male,88.07,1.4,Low,At Risk of Dehydration
53,Male,91.68,2.85,Low,At Risk of Dehydration
24,Male,90.75,3.94,Moderate,Hydrated
56,Male,99.19,1.84,Low,At Risk of Dehydration
53,Female,53.18,3.25,Low,At Risk of Dehydration
35,Male,71.27,1.13,Low,At Risk of Dehydration
52,Male,60.83,1.78,Low,Hydrated
37,Male,61.28,1.62,Moderate,At Risk of Dehydration
36,Female,63.12,2.4,Low,Hydrated
29,Male,77.57,1.32,Moderate,At Risk of Dehydration
59,Male,74.43,1.29,High,At Risk of Dehydration
39,Female,67.71,1.92,Moderate,At Risk of Dehydration
49,Male,65.76,2.63,Moderate,At Risk of Dehydration
46,Female,76.53,2.01,Moderate,At Risk of Dehydration
46,Male,70.28,3.19,High,At Risk of Dehydration
30,Female,45.3,1.85,Moderate,At Risk of Dehydration
56,Male,79.97,1.96,Low,Hydrated
23,Male,93.69,1.1,High,At Risk of Dehydration
26,Male,87.39,2.5,Low,At Risk of Dehydration
37,Male,91.26,2.17,Low,At Risk of Dehydration
48,Female,63.02,1.53,Low,At Risk of Dehydration
34,Male,94.98,3.51,Moderate,Hydrated
23,Female,92.95,3.37,Low,Hydrated
44,Female,97.15,2.36,Moderate,At Risk of Dehydration
59,Female,89.76,3.74,Moderate,At Risk of Dehydration
49,Male,45.7,2.28,Low,At Risk of Dehydration
56,Female,78.03,2.47,Low,At Risk of Dehydration
33,Female,93.82,2.83,High,At Risk of Dehydration
54,Female,79.94,2.22,High,At Risk of Dehydration
28,Female,57.58,3.23,Moderate,At Risk of Dehydration
26,Female,73.42,4.0,Low,Hydrated
34,Female,66.8,2.71,Low,Hydrated
59,Male,67.14,2.35,Moderate,Hydrated
34,Male,50.15,1.15,Moderate,At Risk of Dehydration
51,Male,67.79,1.43,Moderate,At Risk of Dehydration
21,Female,58.21,3.37,High,At Risk of Dehydration
56,Female,95.57,3.09,Low,At Risk of Dehydration
29,Female,56.13,3.51,Moderate,At Risk of Dehydration
26,Female,97.7,2.41,Moderate,At Risk of Dehydration
24,Female,97.61,2.31,Low,At Risk of Dehydration
32,Male,60.41,3.51,Moderate,Hydrated
55,Female,79.25,3.05,High,At Risk of Dehydration
35,Female,89.23,2.38,Moderate,At Risk of Dehydration
36,Male,52.62,2.68,High,At Risk of Dehydration
22,Female,84.24,2.45,Low,At Risk of Dehydration
36,Male,52.36,1.43,High,At Risk of Dehydration
21,Male,70.99,3.15,Low,At Risk of Dehydration
52,Female,71.06,2.19,Low,At Risk of Dehydration
46,Female,68.18,1.73,High,At Risk of Dehydration
41,Male,79.82,1.37,Moderate,At Risk of Dehydration
31,Female,91.36,3.08,Moderate,At Risk of Dehydration
39,Female,87.02,2.41,Low,At Risk of Dehydration
49,Female,73.09,1.95,Moderate,At Risk of Dehydration
56,Female,57.72,1.72,Moderate,Hydrated
40,Male,65.07,2.02,High,At Risk of Dehydration
36,Male,50.51,1.89,Low,At Risk of Dehydration
22,Female,55.38,3.93,High,Hydrated
20,Female,45.18,2.73,Low,Hydrated
45,Male,49.26,1.94,Low,At Risk of Dehydration
25,Male,97.35,2.43,Low,At Risk of Dehydration
26,Female,68.82,3.44,Low,Hydrated
29,Male,75.6,1.72,Moderate,Hydrated
46,Male,55.06,3.68,High,Hydrated
25,Male,46.4,2.3,High,At Risk of Dehydration
59,Female,95.37,1.32,Moderate,Hydrated
22,Female,68.79,2.27,Low,At Risk of Dehydration
25,Male,45.45,3.55,High,At Risk of Dehydration
43,Female,57.49,3.44,Low,Hydrated
30,Male,53.03,2.99,Moderate,Hydrated
56,Male,73.83,3.93,Low,Hydrated
45,Male,59.35,2.52,Low,At Risk of Dehydration
25,Female,65.5,2.0,Moderate,At Risk of Dehydration
54,Female,69.89,2.15,Low,At Risk of Dehydration
50,Male,83.74,1.6,Moderate,At Risk of Dehydration
30,Male,61.69,3.45,Low,At Risk of Dehydration
25,Female,77.01,3.13,High,At Risk of Dehydration
32,Female,92.55,1.3,Moderate,At Risk of Dehydration
40,Female,70.34,3.71,High,Hydrated
18,Male,85.32,1.1,High,At Risk of Dehydration
46,Male,50.19,3.86,Moderate,Hydrated
20,Female,71.6,3.38,High,At Risk of Dehydration
39,Male,56.6,2.49,High,At Risk of Dehydration
22,Male,93.89,1.36,Low,At Risk of Dehydration
27,Male,65.07,2.39,Moderate,At Risk of Dehydration
59,Male,90.8,1.16,Moderate,At Risk of Dehydration
18,Male,82.07,1.85,Low,At Risk of Dehydration
52,Male,60.83,1.78,Low,Hydrated
35,Female,72.27,1.85,Moderate,At Risk of Dehydration
53,Female,63.81,1.67,High,At Risk of Dehydration
32,Male,70.93,3.75,Low,Hydrated
45,Female,91.22,2.69,Low,At Risk of Dehydration
50,Male,85.17,3.38,Low,Hydrated
27,Female,58.75,2.38,Moderate,At Risk of Dehydration
20,Female,50.03,2.53,High,At Risk of Dehydration
32,Female,66.86,3.23,Low,Hydrated
24,Male,81.17,1.82,Moderate,At Risk of Dehydration
27,Male,79.32,1.04,Moderate,At Risk of Dehydration
31,Male,59.0,2.45,High,At Risk of Dehydration
33,Female,49.57,2.04,Low,At Risk of Dehydration
49,Male,54.31,1.24,Low,At Risk of Dehydration
22,Female,97.83,1.23,High,At Risk of Dehydration
43,Female,97.36,3.56,High,At Risk of Dehydration
45,Female,88.0,2.13,High,At Risk of Dehydration
33,Female,47.55,2.96,Low,At Risk of Dehydration
26,Female,96.67,2.47,High,At Risk of Dehydration
57,Male,69.44,1.46,High,At Risk of Dehydration
44,Female,61.97,3.68,Moderate,Hydrated
38,Female,94.25,2.45,High,At Risk of Dehydration
56,Female,59.38,1.8,High,At Risk of Dehydration
39,Male,64.35,2.85,Moderate,Hydrated
29,Female,93.42,2.82,High,Hydrated
35,Male,68.1,3.58,Moderate,Hydrated
28,Male,54.27,1.09,Low,At Risk of Dehydration
55,Female,60.07,3.84,Moderate,Hydrated
29,Male,79.85,2.34,Moderate,At Risk of Dehydration
40,Male,56.96,3.88,Low,At Risk of Dehydration
28,Male,94.18,2.24,Moderate,At Risk of Dehydration
52,Male,67.1,2.71,Moderate,Hydrated
19,Male,68.5,1.72,Moderate,At Risk of Dehydration
27,Female,47.03,1.91,Moderate,At Risk of Dehydration
45,Male,63.12,2.28,Low,At Risk of Dehydration
58,Male,81.77,3.04,Low,Hydrated
58,Female,82.4,1.72,Low,At Risk of Dehydration
53,Male,54.77,1.01,Moderate,At Risk of Dehydration
26,Male,61.11,2.66,Moderate,At Risk of Dehydration
59,Female,64.92,1.87,Moderate,At Risk of Dehydration
35,Female,59.01,3.69,Moderate,Hydrated
40,Male,78.28,1.21,High,At Risk of Dehydration
27,Female,90.37,2.49,Low,Hydrated
40,Female,87.81,1.63,High,At Risk of Dehydration
44,Female,56.84,3.46,Moderate,Hydrated
19,Male,55.56,1.83,Low,At Risk of Dehydration
56,Male,72.45,2.29,High,At Risk of Dehydration
40,Female,67.68,1.4,High,At Risk of Dehydration
43,Female,58.53,1.32,Low,Hydrated
57,Male,64.67,1.86,High,At Risk of Dehydration
20,Female,50.22,3.54,Moderate,At Risk of Dehydration
54,Female,58.3,1.71,Moderate,At Risk of Dehydration
21,Female,74.72,3.55,Moderate,At Risk of Dehydration
51,Male,65.72,2.48,High,At Risk of Dehydration
18,Male,47.49,3.57,Moderate,Hydrated
51,Female,53.95,1.84,Moderate,Hydrated
37,Male,55.13,1.53,Low,At Risk of Dehydration
45,Male,86.7,2.64,High,At Risk of Dehydration
34,Female,63.46,1.73,Low,At Risk of Dehydration
55,Male,93.71,2.19,High,At Risk of Dehydration
37,Female,87.21,1.47,Low,At Risk of Dehydration
40,Male,79.53,2.9,Moderate,At Risk of Dehydration
49,Male,73.63,1.73,High,At Risk of Dehydration
26,Male,49.29,1.8,Moderate,At Risk of Dehydration
55,Male,58.12,2.24,Moderate,Hydrated
33,Female,53.84,2.15,Low,At Risk of Dehydration
18,Male,98.01,2.66,Moderate,Hydrated
27,Male,83.45,2.39,High,Hydrated
35,Female,96.09,2.97,Moderate,At Risk of Dehydration
18,Male,89.88,2.72,Low,At Risk of Dehydration
50,Male,85.17,3.38,Low,Hydrated
33,Female,74.51,3.62,Low,At Risk of Dehydration
35,Male,50.83,1.55,Moderate,At Risk of Dehydration
38,Male,49.94,1.19,Low,At Risk of Dehydration
51,Female,58.48,1.35,Moderate,At Risk of Dehydration
27,Female,50.44,2.61,Low,Hydrated
42,Female,74.86,2.9,High,Hydrated
48,Female,69.99,3.24,Moderate,Hydrated
26,Female,68.78,1.07,Moderate,At Risk of Dehydration
35,Female,62.56,2.61,Low,At Risk of Dehydration
46,Male,67.12,3.38,Low,At Risk of Dehydration
24,Female,97.18,3.78,Low,Hydrated
25,Female,84.14,1.96,Low,At Risk of Dehydration
34,Female,67.6,2.82,High,Hydrated
50,Male,92.55,1.03,Low,At Risk of Dehydration
36,Male,91.74,2.52,High,At Risk of Dehydration
40,Female,78.09,3.27,Low,Hydrated
22,Female,66.72,2.95,Low,At Risk of Dehydration
47,Female,83.79,3.3,High,At Risk of Dehydration
40,Female,45.23,2.67,Moderate,At Risk of Dehydration
50,Male,92.27,3.37,Low,Hydrated
58,Female,99.15,1.19,Low,At Risk of Dehydration
34,Female,77.44,1.89,Moderate,At Risk of Dehydration
31,Male,53.68,2.33,Moderate,At Risk of Dehydration
18,Female,46.13,1.43,Moderate,At Risk of Dehydration
21,Female,53.66,2.79,Low,Hydrated
58,Male,47.74,1.5,Moderate,Hydrated
36,Female,89.76,3.04,Moderate,At Risk of Dehydration
39,Female,72.39,3.98,Moderate,Hydrated
40,Male,89.38,1.57,High,At Risk of Dehydration
31,Female,51.76,2.07,High,At Risk of Dehydration
21,Male,66.27,2.43,High,At Risk of Dehydration
18,Female,63.02,2.93,Low,Hydrated
29,Female,67.33,3.47,Low,At Risk of Dehydration
28,Male,69.96,3.98,Low,Hydrated
26,Female,94.84,3.32,Moderate,Hydrated
37,Male,78.24,1.3,Low,At Risk of Dehydration
22,Male,69.05,1.74,Moderate,At Risk of Dehydration
58,Female,66.55,1.38,Moderate,At Risk of Dehydration
39,Female,78.41,1.05,Moderate,At Risk of Dehydration
50,Female,64.93,1.34,High,At Risk of Dehydration
31,Female,56.66,2.97,High,At Risk of Dehydration
59,Male,98.47,1.77,High,At Risk of Dehydration
45,Female,55.3,1.82,Low,At Risk of Dehydration
31,Male,54.07,1.28,Low,At Risk of Dehydration
59,Male,47.33,3.6,Moderate,Hydrated
57,Female,51.0,2.43,High,At Risk of Dehydration
56,Female,65.08,3.1,High,At Risk of Dehydration
26,Male,70.03,2.59,High,At Risk of Dehydration
33,Male,58.13,1.21,Low,At Risk of Dehydration
44,Female,89.15,3.89,High,Hydrated
38,Male,66.01,3.88,High,Hydrated
23,Male,45.08,2.16,High,At Risk of Dehydration
31,Male,86.21,2.92,Low,At Risk of Dehydration
53,Female,68.58,1.36,Moderate,At Risk of Dehydration
23,Female,99.01,2.41,Low,At Risk of Dehydration
47,Male,63.15,2.86,Low,At Risk of Dehydration
44,Female,52.7,3.88,High,Hydrated
37,Female,95.59,1.83,High,At Risk of Dehydration
18,Female,59.95,1.56,High,At Risk of Dehydration
42,Male,80.49,3.01,Moderate,At Risk of Dehydration
46,Male,47.66,2.87,Moderate,At Risk of Dehydration
33,Male,89.87,1.04,High,Hydrated
40,Male,86.89,2.07,High,At Risk of Dehydration
59,Male,76.31,2.95,Moderate,At Risk of Dehydration
28,Female,56.59,2.95,High,Hydrated
19,Male,91.93,3.24,Low,At Risk of Dehydration
44,Female,90.39,1.67,Low,At Risk of Dehydration
48,Female,82.78,3.94,High,Hydrated
20,Male,75.64,3.11,Low,Hydrated
46,Female,54.09,3.86,Moderate,Hydrated
18,Male,76.92,3.25,Low,At Risk of Dehydration
43,Male,47.7,2.5,Low,At Risk of Dehydration
38,Male,55.49,1.96,High,At Risk of Dehydration
20,Female,51.97,3.05,Low,Hydrated
26,Female,59.26,1.58,High,At Risk of Dehydration
24,Female,55.85,2.1,Moderate,Hydrated
23,Male,51.05,2.17,High,At Risk of Dehydration
48,Female,92.88,3.35,High,Hydrated
39,Female,69.91,1.54,Moderate,At Risk of Dehydration
59,Female,75.28,3.55,High,At Risk of Dehydration
38,Female,85.13,1.03,High,At Risk of Dehydration
42,Female,80.48,1.69,High,At Risk of Dehydration
38,Female,62.47,1.58,High,At Risk of Dehydration
28,Male,46.81,2.07,High,At Risk of Dehydration
38,Female,63.83,3.53,Moderate,At Risk of Dehydration
47,Male,67.83,3.91,Moderate,At Risk of Dehydration
45,Female,50.72,1.55,Low,At Risk of Dehydration
48,Male,63.32,2.37,Moderate,At Risk of Dehydration
30,Male,50.67,2.3,Low,At Risk of Dehydration
41,Male,52.58,3.07,High,Hydrated
21,Female,57.88,2.7,Moderate,Hydrated
39,Male,56.9,3.59,Moderate,Hydrated
53,Female,73.82,3.11,Low,At Risk of Dehydration
56,Male,83.77,1.46,High,At Risk of Dehydration
41,Male,66.12,1.74,Moderate,At Risk of Dehydration
56,Female,67.38,2.99,High,At Risk of Dehydration
57,Female,79.42,3.42,Moderate,At Risk of Dehydration
36,Female,61.83,3.11,Low,Hydrated
48,Female,99.96,1.1,Moderate,At Risk of Dehydration
34,Female,63.23,3.59,Moderate,Hydrated
24,Female,72.26,3.29,Moderate,At Risk of Dehydration
27,Female,77.8,2.33,High,At Risk of Dehydration
50,Male,82.07,2.11,Low,At Risk of Dehydration
45,Female,88.41,1.95,Moderate,At Risk of Dehydration
36,Female,61.55,2.15,Moderate,At Risk of Dehydration
50,Male,92.55,1.03,Low,At Risk of Dehydration
35,Female,69.23,3.25,High,Hydrated
26,Female,72.07,1.19,Low,At Risk of Dehydration
41,Male,45.09,3.22,Moderate,Hydrated
53,Female,89.37,2.28,Moderate,At Risk of Dehydration
41,Male,48.91,1.6,High,At Risk of Dehydration
30,Female,75.16,1.83,Moderate,At Risk of Dehydration
22,Male,84.58,1.57,High,At Risk of Dehydration
53,Male,63.89,1.49,Low,At Risk of Dehydration
33,Female,95.56,1.85,High,At Risk of Dehydration
18,Female,51.19,1.41,Low,At Risk of Dehydration
25,Female,46.59,1.23,High,At Risk of Dehydration
50,Female,55.78,1.14,Moderate,At Risk of Dehydration
33,Male,53.9,3.53,Moderate,Hydrated
20,Male,75.84,3.24,High,Hydrated
40,Male,95.72,3.37,Low,At Risk of Dehydration
36,Male,92.49,2.34,High,At Risk of Dehydration
47,Female,45.84,2.32,High,At Risk of Dehydration
25,Male,70.59,1.0,High,At Risk of Dehydration
33,Male,50.45,3.44,High,At Risk of Dehydration
59,Female,59.04,1.17,Low,At Risk of Dehydration
32,Male,59.94,2.57,Low,At Risk of Dehydration
43,Male,92.92,3.36,Low,Hydrated
23,Female,80.74,3.93,High,At Risk of Dehydration
37,Female,64.93,2.22,High,At Risk of Dehydration
29,Male,86.46,2.26,Low,Hydrated
26,Male,54.53,2.08,High,At Risk of Dehydration
37,Female,61.01,2.27,High,At Risk of Dehydration
18,Male,52.83,1.99,High,At Risk of Dehydration
30,Male,90.76,2.25,High,At Risk of Dehydration
33,Male,60.76,3.36,Moderate,Hydrated
56,Male,66.2,1.36,High,At Risk of Dehydration
59,Male,46.63,1.58,High,At Risk of Dehydration
52,Female,94.76,3.69,High,At Risk of Dehydration
44,Male,74.83,2.59,High,At Risk of Dehydration
35,Male,72.75,3.67,High,Hydrated
41,Male,69.86,3.08,Low,Hydrated
30,Female,67.41,1.92,High,At Risk of Dehydration
48,Male,55.25,1.26,High,At Risk of Dehydration
40,Male,95.37,2.92,High,At Risk of Dehydration
48,Female,55.46,3.69,Moderate,At Risk of Dehydration
53,Male,93.69,3.69,Low,Hydrated
33,Female,67.52,1.52,Low,At Risk of Dehydration
29,Male,98.23,3.12,High,Hydrated
21,Male,84.16,3.78,Moderate,Hydrated
51,Female,81.87,2.47,High,At Risk of Dehydration
51,Female,74.92,2.89,Low,Hydrated
24,Male,71.93,2.46,Low,At Risk of Dehydration
40,Female,51.55,1.77,Low,At Risk of Dehydration
29,Male,51.22,2.44,Low,At Risk of Dehydration
39,Female,98.69,2.92,Low,At Risk of Dehydration
34,Male,80.74,2.0,Moderate,At Risk of Dehydration
34,Male,89.72,3.37,High,At Risk of Dehydration
58,Female,61.39,1.54,Moderate,At Risk of Dehydration
35,Female,83.19,3.68,Moderate,Hydrated
33,Female,84.04,3.51,Low,Hydrated
35,Female,91.2,2.73,High,At Risk of Dehydration
44,Female,82.11,1.81,High,At Risk of Dehydration
37,Male,86.95,2.64,Moderate,At Risk of Dehydration
19,Male,53.33,3.94,Low,Hydrated
25,Female,77.07,2.75,Low,At Risk of Dehydration
56,Female,79.49,3.87,Moderate,Hydrated
30,Male,61.9,2.3,High,At Risk of Dehydration
37,Male,61.39,3.15,Low,At Risk of Dehydration
55,Female,85.32,3.45,Low,At Risk of Dehydration
41,Male,99.17,2.27,Low,At Risk of Dehydration
34,Female,73.78,3.93,Moderate,Hydrated
45,Male,83.14,2.39,Moderate,At Risk of Dehydration
20,Female,53.09,2.89,Low,At Risk of Dehydration
56,Male,48.8,3.46,Moderate,Hydrated
50,Male,79.68,3.75,Low,Hydrated
30,Male,82.53,1.56,Moderate,At Risk of Dehydration
32,Male,74.28,3.97,High,Hydrated
50,Male,98.43,2.28,Moderate,Hydrated
58,Female,46.19,1.37,Moderate,At Risk of Dehydration
27,Male,98.29,3.6,High,Hydrated
51,Female,94.32,3.49,High,At Risk of Dehydration
41,Male,79.82,1.37,Moderate,At Risk of Dehydration
59,Female,97.15,3.27,Low,At Risk of Dehydration
33,Female,93.98,3.77,Moderate,Hydrated
54,Male,76.59,1.42,High,At Risk of Dehydration
27,Male,73.76,3.11,Moderate,At Risk of Dehydration
27,Female,59.69,2.95,Low,Hydrated
56,Male,95.12,2.69,Low,At Risk of Dehydration
37,Female,76.49,1.17,High,At Risk of Dehydration
32,Male,49.69,1.21,Moderate,At Risk of Dehydration
46,Female,76.57,2.78,Low,Hydrated
26,Female,53.69,3.47,Low,At Risk of Dehydration
30,Male,78.19,1.72,High,At Risk of Dehydration
20,Male,85.82,2.93,High,At Risk of Dehydration
47,Female,74.67,2.05,Moderate,At Risk of Dehydration
49,Male,73.71,3.65,Moderate,Hydrated
40,Male,76.51,3.3,Low,Hydrated
44,Female,77.36,2.82,Low,At Risk of Dehydration
19,Female,60.52,2.21,Low,At Risk of Dehydration
22,Male,91.55,2.41,Low,At Risk of Dehydration
52,Male,61.84,2.66,High,At Risk of Dehydration
23,Male,52.75,1.74,Low,At Risk of Dehydration
48,Female,66.52,1.2,Moderate,At Risk of Dehydration
35,Female,49.34,3.12,Low,At Risk of Dehydration
33,Male,45.11,3.62,High,Hydrated
40,Female,60.77,1.24,Moderate,At Risk of Dehydration
46,Male,83.78,2.15,High,At Risk of Dehydration
59,Male,86.66,3.53,High,At Risk of Dehydration
39,Female,59.53,3.28,Moderate,Hydrated
22,Male,70.8,3.14,Moderate,Hydrated
20,Male,85.07,3.35,Low,At Risk of Dehydration
43,Female,90.84,2.71,Moderate,At Risk of Dehydration
34,Female,88.01,1.47,Low,At Risk of Dehydration
20,Female,80.82,3.78,Moderate,Hydrated
43,Female,48.87,2.26,Low,At Risk of Dehydration
47,Female,86.68,1.95,Low,At Risk of Dehydration
27,Female,91.94,1.24,High,At Risk of Dehydration
47,Male,61.67,1.7,Moderate,At Risk of Dehydration
23,Male,85.09,1.84,Moderate,At Risk of Dehydration
31,Male,60.2,2.71,Moderate,At Risk of Dehydration
59,Male,58.21,3.42,Low,Hydrated
52,Male,99.83,3.52,Low,Hydrated
41,Male,72.45,2.65,High,At Risk of Dehydration
30,Male,92.74,3.95,Low,Hydrated
33,Male,67.48,3.58,Moderate,Hydrated
38,Female,56.88,1.92,Moderate,At Risk of Dehydration
29,Male,52.57,1.16,High,At Risk of Dehydration
53,Male,67.33,3.71,High,Hydrated
49,Male,74.77,3.8,High,At Risk of Dehydration
52,Male,71.45,2.06,Low,Hydrated
19,Male,51.32,2.42,Low,Hydrated
31,Female,63.41,3.96,Low,Hydrated
57,Female,99.35,3.81,Moderate,At Risk of Dehydration
43,Male,55.3,2.82,Low,Hydrated
42,Female,52.2,2.01,Low,At Risk of Dehydration
46,Male,48.85,3.44,Moderate,Hydrated
43,Male,67.48,1.4,Moderate,At Risk of Dehydration
21,Male,62.02,2.58,Low,At Risk of Dehydration
51,Male,65.68,1.12,Moderate,At Risk of Dehydration
22,Male,94.22,1.82,Low,At Risk of Dehydration
31,Female,45.24,1.54,Moderate,At Risk of Dehydration
20,Male,94.23,1.4,Low,At Risk of Dehydration
23,Female,96.37,3.73,Low,Hydrated
37,Female,67.56,3.16,Moderate,Hydrated
29,Male,70.27,1.59,Low,At Risk of Dehydration
42,Female,77.91,3.54,High,At Risk of Dehydration
43,Male,61.23,3.3,Low,Hydrated
44,Female,46.84,1.89,High,At Risk of Dehydration
59,Female,78.25,2.36,Moderate,At Risk of Dehydration
21,Female,52.6,2.53,Low,At Risk of Dehydration
52,Female,51.87,3.85,Low,Hydrated
57,Male,69.89,1.29,High,At Risk of Dehydration
51,Male,55.16,3.81,Moderate,At Risk of Dehydration
45,Male,66.28,3.47,Low,Hydrated
26,Male,47.22,1.67,Low,At Risk of Dehydration
20,Male,95.19,3.04,Moderate,At Risk of Dehydration
39,Female,77.21,3.33,Moderate,At Risk of Dehydration
56,Female,77.7,2.74,Moderate,At Risk of Dehydration
43,Male,72.7,3.32,High,At Risk of Dehydration
26,Male,74.04,3.09,Moderate,At Risk of Dehydration
28,Male,61.22,3.68,High,At Risk of Dehydration
21,Female,45.83,2.22,High,At Risk of Dehydration
48,Female,61.27,1.72,High,At Risk of Dehydration
54,Female,76.88,3.33,High,At Risk of Dehydration
54,Male,49.69,2.53,High,At Risk of Dehydration
28,Male,60.59,1.68,High,At Risk of Dehydration
20,Female,95.86,3.26,Low,Hydrated
18,Male,96.09,1.8,Low,At Risk of Dehydration
28,Female,59.66,3.64,Moderate,Hydrated
57,Male,63.31,3.15,Moderate,At Risk of Dehydration
58,Male,55.39,2.69,Low,At Risk of Dehydration
18,Male,97.21,3.75,High,Hydrated
57,Female,89.84,1.67,Low,At Risk of Dehydration
32,Male,86.2,3.6,Moderate,Hydrated
28,Female,67.91,1.75,High,At Risk of Dehydration
31,Male,57.47,3.96,Moderate,Hydrated
36,Female,78.95,2.15,Low,At Risk of Dehydration
34,Male,57.92,2.58,Moderate,At Risk of Dehydration
31,Male,82.22,1.75,High,At Risk of Dehydration
42,Male,48.96,3.92,High,Hydrated
24,Female,45.54,3.74,Low,Hydrated
27,Female,61.23,1.07,Moderate,At Risk of Dehydration
39,Male,92.15,1.95,Moderate,At Risk of Dehydration
55,Female,61.42,3.32,Moderate,Hydrated
21,Male,54.19,3.63,Low,Hydrated
35,Male,94.47,1.44,Moderate,At Risk of Dehydration
50,Female,49.75,3.39,Moderate,Hydrated
38,Male,72.92,3.84,Moderate,Hydrated
20,Male,54.2,3.23,Moderate,At Risk of Dehydration
39,Male,83.65,2.76,Low,Hydrated
59,Male,63.7,3.29,Moderate,At Risk of Dehydration
42,Female,56.76,1.01,Low,At Risk of Dehydration
43,Female,98.06,2.51,High,At Risk of Dehydration
57,Female,62.94,1.53,Low,At Risk of Dehydration
26,Female,51.19,3.05,Low,Hydrated
56,Female,65.92,1.88,Low,At Risk of Dehydration
59,Male,92.5,1.36,Moderate,At Risk of Dehydration
49,Male,90.6,2.08,Low,Hydrated
59,Female,46.05,3.4,High,Hydrated
34,Male,84.08,3.7,Low,At Risk of Dehydration
41,Female,81.21,3.9,Low,Hydrated
19,Male,70.22,3.6,High,Hydrated
27,Male,55.08,1.8,High,At Risk of Dehydration
21,Male,60.78,1.52,Low,At Risk of Dehydration
48,Female,63.13,1.18,High,Hydrated
33,Male,80.65,2.94,High,At Risk of Dehydration
55,Female,84.5,1.3,High,At Risk of Dehydration
37,Male,85.39,1.82,High,At Risk of Dehydration
25,Male,63.45,1.93,Moderate,At Risk of Dehydration
46,Female,49.81,2.5,Low,At Risk of Dehydration
32,Male,52.17,1.55,High,Hydrated
55,Female,98.99,2.53,Moderate,At Risk of Dehydration
18,Male,52.5,2.31,Moderate,Hydrated
51,Male,53.86,1.03,High,At Risk of Dehydration
26,Male,73.93,2.05,High,At Risk of Dehydration
20,Male,79.72,1.52,Low,At Risk of Dehydration
37,Female,63.46,3.44,Low,At Risk of Dehydration
43,Male,66.2,3.5,Low,Hydrated
23,Male,93.63,1.87,Low,At Risk of Dehydration
24,Female,77.98,2.23,High,At Risk of Dehydration
36,Female,62.9,1.73,Low,At Risk of Dehydration
50,Male,53.62,1.25,Moderate,At Risk of Dehydration
23,Male,57.53,3.68,High,At Risk of Dehydration
18,Male,83.61,2.3,Moderate,At Risk of Dehydration
22,Male,82.37,2.8,High,At Risk of Dehydration
32,Female,75.98,2.57,High,Hydrated
19,Male,51.9,2.25,Low,At Risk of Dehydration
39,Female,62.31,1.14,Low,At Risk of Dehydration
33,Female,46.38,3.47,Low,Hydrated
27,Female,68.27,2.02,Moderate,Hydrated
26,Male,45.65,1.91,Moderate,At Risk of Dehydration
31,Female,50.45,3.99,Moderate,Hydrated
56,Female,88.49,2.2,High,At Risk of Dehydration
20,Male,45.98,1.68,High,At Risk of Dehydration
32,Male,78.33,3.15,Low,Hydrated
58,Male,54.56,2.87,High,At Risk of Dehydration
53,Male,58.74,3.49,Low,At Risk of Dehydration
41,Female,48.86,3.64,Low,At Risk of Dehydration
27,Female,51.11,2.06,Moderate,At Risk of Dehydration
22,Female,63.5,2.61,Low,At Risk of Dehydration
42,Male,82.82,2.46,High,At Risk of Dehydration
48,Male,49.52,3.44,High,At Risk of Dehydration
55,Female,58.7,3.74,High,At Risk of Dehydration
34,Male,52.17,1.95,Moderate,At Risk of Dehydration
36,Female,45.43,3.06,Low,Hydrated
51,Male,62.09,2.04,High,At Risk of Dehydration
55,Female,55.89,1.07,Low,At Risk of Dehydration
30,Male,79.8,3.82,High,Hydrated
28,Male,70.57,3.38,Moderate,Hydrated
46,Female,96.58,2.91,High,At Risk of Dehydration
32,Male,74.75,2.34,Moderate,Hydrated
35,Female,51.12,3.58,Low,Hydrated
31,Female,83.76,3.78,Moderate,At Risk of Dehydration
38,Male,77.0,2.9,High,Hydrated
34,Male,49.0,1.01,High,At Risk of Dehydration
52,Female,65.22,3.59,Low,Hydrated
39,Female,54.53,1.87,High,At Risk of Dehydration
26,Male,48.19,1.83,Moderate,At Risk of Dehydration
51,Female,78.38,2.42,Low,At Risk of Dehydration
18,Female,83.5,1.13,Moderate,At Risk of Dehydration
21,Female,55.4,3.75,Low,Hydrated
39,Female,86.43,3.72,Low,Hydrated
37,Male,87.05,1.6,High,At Risk of Dehydration
24,Male,65.09,1.88,High,At Risk of Dehydration
38,Female,62.19,3.6,High,Hydrated
47,Male,64.19,1.17,Moderate,At Risk of Dehydration
53,Male,79.43,3.19,High,At Risk of Dehydration
42,Male,60.1,3.92,Moderate,Hydrated
20,Female,75.5,2.09,Moderate,At Risk of Dehydration
38,Female,87.74,3.77,Moderate,Hydrated
35,Female,97.33,3.28,Low,At Risk of Dehydration
32,Female,49.8,2.39,Moderate,At Risk of Dehydration
39,Male,94.7,3.78,Low,Hydrated
41,Female,89.32,2.36,Low,At Risk of Dehydration
49,Male,85.69,1.64,High,Hydrated
40,Female,58.62,1.73,Moderate,At Risk of Dehydration
53,Female,63.34,3.5,Moderate,At Risk of Dehydration
59,Female,63.54,2.03,High,Hydrated
27,Female,73.05,1.19,High,At Risk of Dehydration
27,Male,82.53,3.93,Low,Hydrated
33,Male,52.52,3.62,Low,Hydrated
52,Female,55.71,2.92,High,At Risk of Dehydration
53,Female,53.23,2.2,Moderate,At Risk of Dehydration
34,Female,74.42,2.98,High,At Risk of Dehydration
28,Male,49.72,3.56,Low,Hydrated
25,Female,53.75,3.21,High,At Risk of Dehydration
21,Female,66.36,2.4,Moderate,At Risk of Dehydration
33,Female,82.29,1.01,Low,At Risk of Dehydration
26,Male,68.19,3.67,High,Hydrated
22,Male,87.36,1.48,Moderate,At Risk of Dehydration
51,Female,68.35,2.45,High,At Risk of Dehydration
53,Male,55.9,3.28,Moderate,At Risk of Dehydration
39,Female,99.22,3.36,Moderate,Hydrated
28,Female,49.07,2.78,Low,Hydrated
42,Male,54.68,2.57,Moderate,Hydrated
35,Female,62.52,2.93,High,Hydrated
32,Female,94.75,3.56,High,Hydrated
29,Female,56.43,2.51,High,At Risk of Dehydration
29,Female,57.53,1.7,Low,At Risk of Dehydration
52,Female,57.46,1.34,High,At Risk of Dehydration
30,Male,70.46,2.25,Low,Hydrated
41,Male,69.58,3.44,High,Hydrated
43,Female,65.41,1.62,Low,At Risk of Dehydration
36,Male,52.85,3.85,Moderate,Hydrated
44,Male,83.26,1.23,Moderate,At Risk of Dehydration
54,Female,76.89,2.6,Moderate,Hydrated
57,Female,81.93,3.15,High,Hydrated
39,Female,78.06,1.17,Moderate,At Risk of Dehydration
40,Female,77.72,3.94,Low,At Risk of Dehydration
36,Male,49.91,1.17,High,At Risk of Dehydration
52,Female,47.28,3.75,High,Hydrated
44,Female,76.65,1.65,Low,At Risk of Dehydration
20,Female,78.47,3.97,Moderate,At Risk of Dehydration
58,Female,90.92,1.56,Moderate,At Risk of Dehydration
41,Female,90.65,1.03,Moderate,At Risk of Dehydration
33,Female,60.68,2.51,Low,At Risk of Dehydration
27,Female,74.42,2.41,Low,Hydrated
54,Male,49.07,3.28,Low,Hydrated
34,Female,73.45,2.2,Moderate,At Risk of Dehydration
19,Female,54.81,3.3,Moderate,At Risk of Dehydration
36,Male,89.07,1.36,High,At Risk of Dehydration
52,Male,99.24,1.43,Low,At Risk of Dehydration
33,Female,61.11,1.21,High,At Risk of Dehydration
28,Female,77.56,1.04,High,At Risk of Dehydration
40,Male,60.28,2.35,High,At Risk of Dehydration
41,Male,77.17,2.95,Moderate,At Risk of Dehydration
49,Female,81.24,2.14,High,At Risk of Dehydration
54,Female,82.1,1.64,Moderate,At Risk of Dehydration
35,Female,50.36,1.06,Low,At Risk of Dehydration
19,Female,54.53,2.24,Moderate,At Risk of Dehydration
52,Female,95.7,2.3,High,At Risk of Dehydration
55,Female,65.67,1.88,High,At Risk of Dehydration
23,Male,83.79,3.75,Low,Hydrated
31,Female,77.72,1.16,Low,At Risk of Dehydration
38,Female,53.0,2.91,High,At Risk of Dehydration
26,Female,85.17,1.44,Low,At Risk of Dehydration
38,Female,56.88,1.92,Moderate,At Risk of Dehydration
29,Female,98.03,3.15,High,At Risk of Dehydration
32,Male,57.1,1.86,Moderate,At Risk of Dehydration
33,Female,45.89,2.82,High,At Risk of Dehydration
26,Male,82.6,2.84,High,At Risk of Dehydration
48,Female,95.34,2.0,Low,At Risk of Dehydration
36,Female,60.89,1.57,High,At Risk of Dehydration
59,Female,90.65,2.19,Moderate,At Risk of Dehydration
29,Male,50.27,1.38,Low,At Risk of Dehydration
27,Female,52.42,2.41,Low,At Risk of Dehydration
32,Male,90.25,2.82,Moderate,At Risk of Dehydration
52,Female,96.52,2.89,Low,At Risk of Dehydration
38,Male,88.09,3.0,Low,At Risk of Dehydration
20,Male,49.54,1.82,High,At Risk of Dehydration
50,Male,99.5,1.28,Low,At Risk of Dehydration
25,Male,95.59,3.24,Moderate,Hydrated
57,Male,91.78,3.26,Moderate,At Risk of Dehydration
38,Male,67.67,3.4,Moderate,At Risk of Dehydration
38,Female,61.98,2.32,Low,At Risk of Dehydration
38,Female,87.06,2.22,Moderate,At Risk of Dehydration
31,Male,61.76,1.43,Moderate,At Risk of Dehydration
28,Male,84.43,1.44,Low,At Risk of Dehydration
21,Male,48.19,3.46,Moderate,At Risk of Dehydration
21,Female,56.49,1.55,Low,At Risk of Dehydration
24,Female,68.22,1.61,Moderate,At Risk of Dehydration
22,Male,83.06,3.18,High,At Risk of Dehydration
24,Female,49.47,1.88,Moderate,At Risk of Dehydration
33,Female,58.93,2.17,Low,At Risk of Dehydration
43,Male,54.32,3.79,High,At Risk of Dehydration
34,Male,98.71,2.64,Low,At Risk of Dehydration
24,Male,64.47,2.84,Moderate,At Risk of Dehydration
33,Male,98.49,3.94,Low,Hydrated
39,Female,92.86,1.01,Low,At Risk of Dehydration
55,Male,80.05,2.29,High,At Risk of Dehydration
22,Male,84.39,2.24,Moderate,Hydrated
37,Female,89.89,2.74,Moderate,Hydrated
49,Male,77.66,3.87,Moderate,At Risk of Dehydration
37,Male,99.93,2.94,Low,At Risk of Dehydration
25,Female,69.15,3.62,High,At Risk of Dehydration
30,Female,69.62,3.49,High,Hydrated
51,Female,69.63,2.54,Moderate,At Risk of Dehydration
36,Female,83.58,3.29,Low,Hydrated
33,Male,85.6,3.9,High,At Risk of Dehydration
59,Female,81.9,1.6,Moderate,At Risk of Dehydration
38,Male,73.05,2.21,Moderate,At Risk of Dehydration
59,Female,70.62,3.88,Low,Hydrated
58,Female,53.23,2.85,Moderate,Hydrated
20,Female,54.98,2.77,High,At Risk of Dehydration
32,Male,48.38,1.86,Low,At Risk of Dehydration
33,Female,57.49,2.26,High,At Risk of Dehydration
54,Male,78.13,2.36,Moderate,At Risk of Dehydration
30,Female,91.64,1.94,Low,At Risk of Dehydration
43,Female,64.19,2.48,High,At Risk of Dehydration
37,Male,60.21,3.06,Moderate,At Risk of Dehydration
45,Female,83.96,1.71,High,At Risk of Dehydration
19,Female,77.48,2.51,Moderate,At Risk of Dehydration
47,Female,87.22,1.89,High,At Risk of Dehydration
27,Male,76.9,2.39,Moderate,Hydrated
36,Male,85.39,2.34,Low,Hydrated
40,Male,71.85,1.35,Moderate,At Risk of Dehydration
35,Female,56.22,3.43,Low,At Risk of Dehydration
21,Male,86.92,2.5,Low,Hydrated
32,Female,92.51,1.4,High,At Risk of Dehydration
27,Male,58.29,2.21,Low,At Risk of Dehydration
25,Female,55.09,2.73,Moderate,At Risk of Dehydration
28,Female,70.3,1.45,Low,At Risk of Dehydration
37,Male,91.72,2.86,Low,Hydrated
45,Female,56.33,3.75,Moderate,Hydrated
45,Male,56.7,2.05,Moderate,At Risk of Dehydration
36,Female,67.29,2.45,High,At Risk of Dehydration
40,Female,99.44,3.13,Moderate,Hydrated
38,Female,60.59,3.49,Low,Hydrated
57,Male,55.04,3.96,Moderate,At Risk of Dehydration
34,Male,95.52,2.18,Moderate,At Risk of Dehydration
47,Male,62.36,2.99,High,Hydrated
58,Female,92.99,1.09,Moderate,At Risk of Dehydration
40,Male,98.02,1.63,Moderate,At Risk of Dehydration
50,Female,80.54,1.51,Moderate,At Risk of Dehydration
55,Male,92.54,1.42,High,At Risk of Dehydration
25,Male,92.96,1.3,Low,At Risk of Dehydration
22,Male,81.06,1.09,High,At Risk of Dehydration
46,Male,61.76,1.29,Moderate,At Risk of Dehydration
54,Male,85.44,1.72,Low,At Risk of Dehydration
19,Male,48.79,1.28,Low,Hydrated
22,Female,59.13,1.21,High,At Risk of Dehydration
39,Male,61.52,3.25,Low,At Risk of Dehydration
25,Male,68.71,1.96,High,At Risk of Dehydration
59,Female,65.86,1.82,Moderate,At Risk of Dehydration
45,Male,92.31,1.03,Low,At Risk of Dehydration
44,Male,99.67,1.63,Moderate,At Risk of Dehydration
22,Female,49.37,1.31,Moderate,At Risk of Dehydration
21,Male,47.6,1.06,Low,At Risk of Dehydration
36,Male,85.83,1.38,Low,At Risk of Dehydration
51,Male,77.25,1.28,Low,At Risk of Dehydration
51,Female,83.75,2.96,Low,At Risk of Dehydration
27,Male,52.58,1.97,Moderate,Hydrated
26,Female,79.1,3.52,Moderate,Hydrated
25,Female,99.27,1.6,High,At Risk of Dehydration
41,Male,91.76,1.3,Low,At Risk of Dehydration
53,Male,96.53,1.97,Moderate,At Risk of Dehydration
55,Male,52.45,2.12,Moderate,At Risk of Dehydration
34,Male,76.14,1.81,Low,At Risk of Dehydration
38,Female,50.6,2.27,High,At Risk of Dehydration
27,Male,49.68,2.52,High,At Risk of Dehydration
23,Male,81.17,2.59,Low,At Risk of Dehydration
47,Male,46.59,1.34,Moderate,At Risk of Dehydration
22,Female,91.54,3.45,Moderate,Hydrated
39,Female,71.71,3.46,Low,Hydrated
51,Female,98.8,1.93,Low,At Risk of Dehydration
37,Female,82.15,3.22,Moderate,Hydrated
18,Male,77.11,3.67,Low,Hydrated
21,Female,91.11,2.99,High,At Risk of Dehydration
43,Female,78.31,2.0,Low,At Risk of Dehydration
50,Female,83.74,2.75,High,Hydrated
26,Female,67.82,2.08,Low,At Risk of Dehydration
27,Male,53.17,2.79,Low,At Risk of Dehydration
50,Female,98.58,2.36,Low,Hydrated
22,Male,63.82,3.74,High,Hydrated
33,Male,66.77,2.09,Low,At Risk of Dehydration
20,Male,52.52,3.32,Low,At Risk of Dehydration
47,Male,51.75,3.61,Moderate,At Risk of Dehydration
32,Male,50.87,3.94,High,Hydrated
34,Female,77.73,1.5,Moderate,At Risk of Dehydration
24,Male,87.25,3.93,High,At Risk of Dehydration
35,Male,48.64,3.49,Low,Hydrated
56,Female,63.26,3.16,High,At Risk of Dehydration
38,Male,61.05,1.32,High,At Risk of Dehydration
37,Male,60.05,1.47,High,At Risk of Dehydration
46,Male,48.93,1.52,High,At Risk of Dehydration
44,Male,75.07,1.31,High,At Risk of Dehydration
35,Male,95.3,2.72,High,At Risk of Dehydration
52,Male,96.22,3.18,Moderate,At Risk of Dehydration
54,Male,76.92,3.65,Moderate,Hydrated
47,Male,56.94,3.62,High,Hydrated
55,Female,92.57,3.96,Moderate,Hydrated
20,Male,61.17,3.54,Low,Hydrated
53,Male,79.28,1.24,High,At Risk of Dehydration
32,Female,66.9,1.35,Low,At Risk of Dehydration
18,Male,68.64,1.02,Moderate,At Risk of Dehydration
25,Male,79.86,1.79,Low,At Risk of Dehydration
30,Male,90.35,1.32,High,At Risk of Dehydration
37,Male,88.55,1.99,Moderate,Hydrated
29,Male,92.47,3.96,Low,Hydrated
52,Female,55.71,2.92,High,At Risk of Dehydration
24,Male,99.91,2.13,High,At Risk of Dehydration
46,Female,75.62,3.59,Low,Hydrated
50,Male,89.99,3.74,Low,At Risk of Dehydration
59,Male,67.47,2.97,High,At Risk of Dehydration
54,Female,82.78,2.03,High,At Risk of Dehydration
58,Male,84.63,2.8,High,At Risk of Dehydration
59,Male,76.97,2.46,Low,At Risk of Dehydration
28,Female,79.15,3.16,Moderate,At Risk of Dehydration
18,Female,72.68,1.29,High,At Risk of Dehydration
24,Female,51.56,3.61,High,Hydrated
38,Female,48.33,1.18,Low,At Risk of Dehydration
46,Male,54.62,1.81,Moderate,At Risk of Dehydration
56,Male,51.17,2.87,Low,Hydrated
25,Male,98.84,1.45,High,At Risk of Dehydration
22,Female,97.07,1.34,High,At Risk of Dehydration
40,Female,95.59,2.28,Low,At Risk of Dehydration
50,Female,97.08,1.39,High,At Risk of Dehydration
31,Female,91.33,2.0,Moderate,At Risk of Dehydration
46,Male,68.47,2.29,Low,Hydrated
19,Male,49.3,2.66,Low,Hydrated
38,Male,85.54,1.1,High,At Risk of Dehydration
37,Male,75.61,1.74,Moderate,At Risk of Dehydration
51,Male,56.68,2.5,Low,At Risk of Dehydration
34,Female,52.94,2.4,High,At Risk of Dehydration
22,Female,72.25,2.65,Moderate,Hydrated
44,Male,63.92,2.68,Low,At Risk of Dehydration
33,Female,76.85,2.87,High,At Risk of Dehydration
50,Male,93.91,2.42,High,At Risk of Dehydration
26,Male,54.84,2.63,High,At Risk of Dehydration
51,Female,72.59,3.09,Low,Hydrated
21,Female,49.02,3.52,High,Hydrated
52,Female,50.4,3.95,Low,Hydrated
51,Male,45.24,2.52,Low,Hydrated
38,Female,60.02,3.68,Low,At Risk of Dehydration
40,Female,87.1,1.56,High,At Risk of Dehydration
34,Male,73.82,1.39,Low,At Risk of Dehydration
34,Female,91.45,3.73,Low,Hydrated
36,Male,83.04,2.41,Low,At Risk of Dehydration
18,Male,52.79,2.85,Low,At Risk of Dehydration
37,Male,64.18,1.19,Moderate,At Risk of Dehydration
25,Female,88.06,1.03,High,At Risk of Dehydration
38,Female,51.76,2.08,Low,At Risk of Dehydration
47,Female,54.95,1.65,Low,At Risk of Dehydration
59,Male,62.33,2.21,Moderate,At Risk of Dehydration
55,Female,49.87,1.08,Low,At Risk of Dehydration
27,Female,73.19,3.83,Moderate,Hydrated
23,Female,45.11,2.66,High,Hydrated
32,Female,89.79,3.32,Moderate,At Risk of Dehydration
36,Female,78.86,2.63,Low,At Risk of Dehydration
54,Female,67.27,3.19,Low,Hydrated
47,Female,93.21,1.97,Low,At Risk of Dehydration
40,Male,74.54,3.86,High,At Risk of Dehydration
39,Male,66.07,3.79,Low,Hydrated
19,Male,69.24,2.12,Low,At Risk of Dehydration
18,Male,69.13,3.55,High,Hydrated
54,Male,68.98,2.85,Moderate,At Risk of Dehydration
56,Female,46.17,2.6,Low,At Risk of Dehydration
58,Male,68.26,3.52,Low,Hydrated
42,Female,85.35,1.37,Low,At Risk of Dehydration
56,Male,79.29,1.87,Low,Hydrated
39,Male,81.73,1.94,Low,At Risk of Dehydration
25,Female,83.24,2.13,Low,At Risk of Dehydration
20,Male,74.33,3.81,Low,Hydrated
58,Female,54.49,2.3,High,At Risk of Dehydration
54,Female,79.14,2.54,Moderate,At Risk of Dehydration
29,Male,91.92,3.48,Low,At Risk of Dehydration
32,Male,47.19,1.49,Low,At Risk of Dehydration
54,Male,62.95,2.53,Moderate,At Risk of Dehydration
47,Female,98.66,1.05,Moderate,At Risk of Dehydration
51,Male,69.46,1.02,Moderate,At Risk of Dehydration
29,Male,57.26,2.88,Moderate,At Risk of Dehydration
26,Female,93.57,1.12,Low,At Risk of Dehydration
39,Female,65.19,1.91,Moderate,At Risk of Dehydration
41,Female,96.4,3.18,High,Hydrated
35,Female,76.01,1.44,Moderate,At Risk of Dehydration
52,Female,97.41,2.15,High,At Risk of Dehydration
21,Male,46.77,3.4,Moderate,Hydrated
37,Male,69.07,2.48,High,At Risk of Dehydration
33,Female,73.26,3.04,High,At Risk of Dehydration
33,Female,70.42,2.09,Low,At Risk of Dehydration
42,Male,64.48,1.87,High,Hydrated
45,Male,53.18,1.74,High,At Risk of Dehydration
31,Male,91.24,2.42,Moderate,At Risk of Dehydration
22,Male,60.73,2.17,High,At Risk of Dehydration
38,Male,50.51,2.53,Moderate,At Risk of Dehydration
40,Female,82.96,2.63,Low,Hydrated
40,Female,50.52,3.37,High,Hydrated
24,Male,87.53,3.94,Low,Hydrated
24,Female,45.55,3.19,Moderate,At Risk of Dehydration
37,Female,79.99,3.6,Low,Hydrated
25,Female,86.68,2.14,Moderate,At Risk of Dehydration
33,Female,53.41,2.88,Moderate,At Risk of Dehydration
52,Female,93.65,2.85,High,At Risk of Dehydration
36,Female,93.84,2.22,Low,At Risk of Dehydration
43,Female,52.35,3.94,High,Hydrated
53,Female,83.22,3.66,Low,At Risk of Dehydration
34,Male,45.42,2.03,Moderate,At Risk of Dehydration
55,Female,89.16,2.03,Low,Hydrated
24,Female,93.81,3.22,Low,Hydrated
22,Female,71.09,3.42,Moderate,At Risk of Dehydration
36,Male,52.44,2.41,Low,At Risk of Dehydration
38,Female,49.54,3.55,Low,Hydrated
40,Male,68.7,3.93,Moderate,Hydrated
56,Female,87.9,3.14,Low,Hydrated
19,Male,87.46,2.43,Low,At Risk of Dehydration
37,Female,71.12,2.54,Low,At Risk of Dehydration
40,Male,46.27,1.02,Low,At Risk of Dehydration
35,Male,84.76,2.14,High,At Risk of Dehydration
28,Female,59.86,1.01,Moderate,At Risk of Dehydration
21,Female,48.58,1.87,High,At Risk of Dehydration
44,Male,67.36,3.17,Low,At Risk of Dehydration
57,Female,90.19,3.88,High,Hydrated
43,Male,77.19,2.75,High,At Risk of Dehydration
51,Male,47.9,1.84,Low,Hydrated
48,Female,49.13,1.91,Low,At Risk of Dehydration
38,Male,74.04,1.74,Low,At Risk of Dehydration
58,Female,91.68,2.45,Moderate,At Risk of Dehydration
18,Male,68.44,1.02,Moderate,At Risk of Dehydration
48,Male,49.55,2.31,High,Hydrated
25,Female,94.52,1.77,Low,At Risk of Dehydration
46,Male,89.0,2.98,High,At Risk of Dehydration
42,Female,85.89,2.36,Moderate,At Risk of Dehydration
28,Female,95.61,1.6,Low,At Risk of Dehydration
57,Female,49.31,1.11,Moderate,At Risk of Dehydration
20,Male,74.22,3.27,Low,At Risk of Dehydration
26,Female,97.7,2.41,Moderate,At Risk of Dehydration
23,Female,57.15,3.71,Low,Hydrated
37,Female,86.54,2.61,Moderate,At Risk of Dehydration
30,Male,47.43,2.22,Moderate,At Risk of Dehydration
39,Male,67.34,2.7,Low,At Risk of Dehydration
38,Male,66.17,2.6,High,Hydrated
31,Female,81.63,3.48,High,At Risk of Dehydration
38,Male,58.92,1.1,High,At Risk of Dehydration
20,Male,61.19,3.92,Low,Hydrated
36,Female,54.94,3.21,Low,At Risk of Dehydration
29,Male,46.42,2.13,Low,Hydrated
36,Male,91.03,1.07,High,At Risk of Dehydration
34,Female,60.54,3.45,High,Hydrated
47,Male,74.16,2.51,Moderate,At Risk of Dehydration
29,Male,90.8,1.84,Low,At Risk of Dehydration
40,Male,46.23,1.89,High,At Risk of Dehydration
29,Female,61.21,3.83,Moderate,Hydrated
49,Female,79.94,3.58,Moderate,At Risk of Dehydration
40,Female,70.56,3.78,Moderate,Hydrated
56,Male,53.59,2.14,Moderate,At Risk of Dehydration
57,Female,64.81,1.57,High,At Risk of Dehydration
36,Female,59.69,1.99,Moderate,At Risk of Dehydration
52,Male,94.59,2.74,Moderate,Hydrated
23,Male,95.37,3.79,High,Hydrated
32,Male,88.5,2.5,High,At Risk of Dehydration
21,Male,56.32,3.55,High,Hydrated
19,Female,61.22,2.67,High,At Risk of Dehydration
58,Male,58.15,2.45,Moderate,At Risk of Dehydration
52,Female,50.63,3.91,High,Hydrated
53,Female,96.3,2.8,Moderate,At Risk of Dehydration
44,Male,48.36,2.61,High,At Risk of Dehydration
20,Female,70.16,2.75,Moderate,At Risk of Dehydration
27,Male,98.09,3.06,Low,At Risk of Dehydration
18,Male,76.9,2.28,High,At Risk of Dehydration
30,Male,62.41,3.01,High,At Risk of Dehydration
33,Male,52.2,3.64,Low,At Risk of Dehydration
31,Female,70.88,1.05,High,At Risk of Dehydration
51,Female,52.11,1.41,Low,At Risk of Dehydration
42,Male,96.25,3.89,High,At Risk of Dehydration
19,Female,61.08,1.17,Moderate,At Risk of Dehydration
35,Male,45.46,1.35,Moderate,At Risk of Dehydration
39,Female,83.26,2.65,Moderate,At Risk of Dehydration
47,Male,72.2,1.65,Moderate,At Risk of Dehydration
30,Male,92.5,3.02,Low,At Risk of Dehydration
53,Female,78.32,1.23,Low,At Risk of Dehydration
52,Female,55.4,3.02,Low,Hydrated
43,Male,77.86,2.85,Low,At Risk of Dehydration
25,Male,77.47,3.86,Moderate,Hydrated
43,Female,89.42,2.54,Moderate,At Risk of Dehydration
44,Female,60.16,2.01,Low,At Risk of Dehydration
39,Female,86.19,3.2,Low,Hydrated
33,Female,50.6,1.03,High,At Risk of Dehydration
27,Male,55.08,1.8,High,At Risk of Dehydration
48,Male,50.95,3.95,Low,Hydrated
43,Male,72.13,2.31,Moderate,At Risk of Dehydration
42,Female,63.36,1.39,Moderate,At Risk of Dehydration
35,Female,93.65,3.15,Moderate,At Risk of Dehydration
24,Male,49.55,3.17,Moderate,Hydrated
44,Female,58.45,3.38,Moderate,Hydrated
52,Female,58.32,3.88,High,Hydrated
54,Male,63.56,1.18,High,At Risk of Dehydration
41,Female,79.97,1.95,Moderate,At Risk of Dehydration
49,Female,57.8,2.22,Moderate,Hydrated
49,Female,46.28,2.81,Low,At Risk of Dehydration
38,Female,50.43,2.91,High,At Risk of Dehydration
29,Male,72.64,2.53,Moderate,At Risk of Dehydration
47,Female,77.33,1.8,Low,At Risk of Dehydration
19,Female,52.39,3.99,Moderate,At Risk of Dehydration
55,Male,73.59,3.23,Low,At Risk of Dehydration
37,Male,96.49,3.45,High,At Risk of Dehydration
36,Male,70.09,1.12,Low,At Risk of Dehydration
32,Male,69.22,3.96,High,Hydrated
23,Male,69.89,1.57,Low,At Risk of Dehydration
43,Male,72.94,1.6,Low,At Risk of Dehydration
44,Male,95.4,2.13,Moderate,At Risk of Dehydration
41,Male,71.54,1.85,Moderate,At Risk of Dehydration
22,Female,66.44,3.22,Low,At Risk of Dehydration
19,Male,51.06,2.12,Low,At Risk of Dehydration
37,Female,79.42,2.56,Moderate,At Risk of Dehydration
54,Male,60.87,1.14,Moderate,At Risk of Dehydration
47,Female,79.46,3.24,Moderate,Hydrated
45,Female,74.45,1.05,Moderate,At Risk of Dehydration
59,Male,77.63,3.32,Moderate,Hydrated
30,Female,77.48,1.21,High,At Risk of Dehydration
57,Male,72.63,2.15,High,At Risk of Dehydration
26,Female,72.17,1.54,Low,At Risk of Dehydration
51,Male,48.38,2.43,Moderate,At Risk of Dehydration
30,Female,77.93,1.03,Low,At Risk of Dehydration
55,Female,78.79,1.25,Low,At Risk of Dehydration
24,Female,92.46,1.33,High,At Risk of Dehydration
39,Female,56.23,1.36,Low,At Risk of Dehydration
45,Male,81.17,1.6,Low,At Risk of Dehydration
31,Male,88.53,3.42,Low,Hydrated
59,Female,55.04,2.89,Moderate,Hydrated
22,Female,47.78,3.4,High,At Risk of Dehydration
31,Female,76.98,2.41,Low,At Risk of Dehydration
46,Female,48.7,2.48,Low,At Risk of Dehydration
18,Male,73.0,1.7,Moderate,At Risk of Dehydration
38,Female,65.92,2.11,Low,At Risk of Dehydration
54,Female,69.43,1.4,Moderate,At Risk of Dehydration
50,Male,51.14,3.19,High,At Risk of Dehydration
45,Male,56.37,1.06,Moderate,Hydrated
26,Female,59.18,3.48,High,Hydrated
49,Male,51.48,2.07,High,At Risk of Dehydration
58,Male,55.39,2.69,Low,At Risk of Dehydration
25,Female,66.0,2.33,High,At Risk of Dehydration
38,Male,94.88,3.6,Low,At Risk of Dehydration
45,Female,61.68,2.41,Low,At Risk of Dehydration
23,Female,85.86,3.34,Moderate,Hydrated
52,Female,71.06,2.19,Low,At Risk of Dehydration
20,Male,94.82,1.28,Moderate,Hydrated
32,Female,75.96,2.94,Low,At Risk of Dehydration
44,Male,72.16,1.88,High,At Risk of Dehydration
26,Male,80.77,1.22,High,At Risk of Dehydration
35,Female,88.92,3.76,Moderate,At Risk of Dehydration
24,Male,65.4,1.29,Low,At Risk of Dehydration
36,Female,91.54,3.11,Moderate,At Risk of Dehydration
44,Female,79.43,3.04,Moderate,At Risk of Dehydration
38,Male,57.08,3.54,High,At Risk of Dehydration
56,Female,63.32,3.94,Moderate,Hydrated
29,Female,67.33,3.47,Low,At Risk of Dehydration
52,Female,47.55,2.25,Moderate,Hydrated
34,Male,58.41,2.83,Low,At Risk of Dehydration
41,Female,78.2,2.7,Moderate,At Risk of Dehydration
40,Female,72.34,2.21,Low,At Risk of Dehydration
30,Female,91.35,1.46,Moderate,At Risk of Dehydration
53,Male,90.03,3.38,Moderate,At Risk of Dehydration
28,Male,69.96,3.98,Low,Hydrated
38,Male,82.2,3.24,High,At Risk of Dehydration
56,Female,67.45,2.31,High,At Risk of Dehydration
39,Male,57.38,3.72,Low,Hydrated
26,Female,72.4,3.36,High,At Risk of Dehydration
37,Female,97.63,2.24,High,At Risk of Dehydration
41,Female,88.44,1.89,Moderate,At Risk of Dehydration
19,Female,92.09,3.28,Low,Hydrated
39,Male,47.96,3.34,Low,At Risk of Dehydration
44,Male,59.33,2.83,High,At Risk of Dehydration
50,Female,51.53,3.25,Low,At Risk of Dehydration
45,Female,61.63,1.49,Moderate,At Risk of Dehydration
32,Male,46.31,1.43,High,At Risk of Dehydration
25,Male,83.48,2.21,Moderate,At Risk of Dehydration
58,Female,89.11,2.22,Low,At Risk of Dehydration
48,Female,99.81,1.79,Moderate,At Risk of Dehydration
30,Female,75.5,2.2,Low,At Risk of Dehydration
39,Male,77.03,1.27,High,At Risk of Dehydration
37,Female,51.62,3.14,High,Hydrated
36,Female,72.71,1.68,High,At Risk of Dehydration
27,Male,99.91,1.51,High,At Risk of Dehydration
36,Male,53.22,1.18,Low,At Risk of Dehydration
41,Male,93.42,3.09,Low,At Risk of Dehydration
53,Female,69.95,3.78,Moderate,At Risk of Dehydration
47,Male,85.17,1.38,Low,At Risk of Dehydration
34,Male,73.13,3.07,Moderate,At Risk of Dehydration
20,Male,67.71,2.32,Low,At Risk of Dehydration
57,Male,52.29,3.29,Moderate,At Risk of Dehydration
23,Female,86.11,3.15,High,At Risk of Dehydration
58,Female,74.15,2.96,Moderate,At Risk of Dehydration
33,Male,47.74,1.05,Moderate,At Risk of Dehydration
50,Female,76.96,3.15,Moderate,Hydrated
40,Female,54.9,3.58,High,At Risk of Dehydration
21,Female,84.19,3.38,Low,At Risk of Dehydration
26,Male,73.47,2.19,Moderate,At Risk of Dehydration
22,Female,64.81,2.65,Low,At Risk of Dehydration
24,Male,73.65,1.21,Low,At Risk of Dehydration
53,Female,83.21,2.63,Low,At Risk of Dehydration
51,Female,80.87,3.45,Low,Hydrated
25,Female,82.03,2.65,Moderate,At Risk of Dehydration
27,Male,47.26,2.47,Moderate,At Risk of Dehydration
30,Male,56.78,1.53,Moderate,At Risk of Dehydration
20,Male,90.82,2.29,High,At Risk of Dehydration
50,Male,71.02,2.04,Low,At Risk of Dehydration
49,Male,93.83,2.03,Moderate,At Risk of Dehydration
19,Female,76.19,2.7,Moderate,At Risk of Dehydration
44,Male,60.54,1.56,Moderate,At Risk of Dehydration
38,Male,50.65,2.24,Moderate,At Risk of Dehydration
57,Female,92.05,2.34,High,Hydrated
20,Male,67.45,1.51,High,At Risk of Dehydration
50,Female,46.26,3.23,High,At Risk of Dehydration
35,Male,73.51,1.44,High,At Risk of Dehydration
20,Male,84.53,1.95,Moderate,At Risk of Dehydration
48,Female,71.18,3.3,Low,Hydrated
48,Female,89.59,1.85,Low,Hydrated
52,Female,83.14,1.06,High,At Risk of Dehydration
34,Female,93.72,2.49,High,At Risk of Dehydration
58,Female,77.87,1.64,Moderate,At Risk of Dehydration
22,Male,91.3,3.15,High,At Risk of Dehydration
36,Female,51.41,1.85,Low,At Risk of Dehydration
42,Male,58.9,2.33,Low,Hydrated
27,Female,69.63,1.47,High,At Risk of Dehydration
59,Female,87.13,1.47,High,At Risk of Dehydration
24,Male,59.09,3.43,Moderate,Hydrated
49,Male,53.58,1.13,Low,At Risk of Dehydration
46,Female,53.68,3.25,Low,Hydrated
38,Female,47.87,3.68,Moderate,Hydrated
51,Male,77.25,1.28,Low,At Risk of Dehydration
27,Male,57.33,3.72,Low,Hydrated
53,Male,66.48,2.48,Moderate,At Risk of Dehydration
55,Male,75.74,2.6,High,At Risk of Dehydration
46,Male,69.79,2.9,Low,At Risk of Dehydration
54,Male,82.99,3.56,High,At Risk of Dehydration
52,Female,99.8,1.31,Moderate,At Risk of Dehydration
32,Male,46.31,1.43,High,At Risk of Dehydration
28,Male,68.1,1.1,High,At Risk of Dehydration
20,Female,57.98,3.17,High,Hydrated
45,Male,93.08,2.9,High,At Risk of Dehydration
48,Male,72.49,1.73,Moderate,At Risk of Dehydration
43,Female,75.06,3.56,Low,At Risk of Dehydration
36,Female,95.45,2.98,Low,At Risk of Dehydration
26,Male,58.46,3.16,Low,At Risk of Dehydration
26,Female,69.5,2.62,High,Hydrated
29,Female,91.45,3.52,Low,Hydrated
42,Female,50.45,1.26,Low,At Risk of Dehydration
48,Female,53.12,2.84,Low,At Risk of Dehydration
34,Male,48.29,2.24,Low,At Risk of Dehydration
39,Female,61.58,3.1,Low,Hydrated
37,Female,89.54,2.7,Moderate,At Risk of Dehydration
21,Male,45.54,3.87,Moderate,Hydrated
34,Male,84.68,3.71,Low,Hydrated
21,Male,84.88,2.28,Moderate,Hydrated
18,Female,69.88,2.72,High,Hydrated
48,Female,56.77,1.02,High,At Risk of Dehydration
30,Male,69.77,1.67,Moderate,At Risk of Dehydration
52,Male,58.14,3.88,High,At Risk of Dehydration
31,Female,81.11,1.68,High,At Risk of Dehydration
59,Female,64.91,2.47,High,At Risk of Dehydration
34,Male,50.29,2.65,Moderate,Hydrated
43,Male,61.41,2.43,Low,At Risk of Dehydration
37,Female,83.44,2.13,Low,At Risk of Dehydration
56,Female,70.45,3.61,Moderate,At Risk of Dehydration
41,Male,69.76,1.84,Moderate,At Risk of Dehydration
47,Female,98.0,2.59,Moderate,Hydrated
19,Female,73.43,3.7,High,At Risk of Dehydration
48,Female,91.24,1.52,High,At Risk of Dehydration
37,Female,90.81,3.74,Low,Hydrated
25,Female,55.98,1.63,Moderate,At Risk of Dehydration
54,Male,87.36,3.17,Moderate,Hydrated
19,Female,93.36,2.72,Moderate,Hydrated
59,Female,83.27,3.34,High,Hydrated
37,Male,92.99,2.66,Moderate,At Risk of Dehydration
55,Female,78.79,1.25,Low,At Risk of Dehydration
47,Female,99.18,3.44,Low,Hydrated
20,Female,61.46,3.59,High,Hydrated
30,Female,62.41,3.58,Low,Hydrated
54,Female,98.81,1.62,Moderate,At Risk of Dehydration
18,Male,75.17,3.45,Low,At Risk of Dehydration
58,Male,64.25,1.32,High,At Risk of Dehydration
58,Male,92.21,3.58,High,Hydrated
40,Female,81.6,3.17,Moderate,At Risk of Dehydration
20,Female,47.12,3.94,Low,Hydrated
51,Female,92.7,3.86,Low,Hydrated
28,Female,47.68,3.42,Moderate,Hydrated
58,Male,89.34,3.88,Low,Hydrated
25,Male,87.51,2.99,Moderate,At Risk of Dehydration
58,Female,62.66,2.15,Moderate,Hydrated
57,Male,79.23,1.83,Low,At Risk of Dehydration
31,Female,70.53,1.59,Moderate,At Risk of Dehydration
56,Male,64.58,3.63,High,At Risk of Dehydration
21,Female,51.22,3.67,High,Hydrated
21,Male,57.57,1.58,Moderate,At Risk of Dehydration
49,Female,50.2,1.4,High,At Risk of Dehydration
45,Male,81.41,2.16,High,At Risk of Dehydration
54,Female,98.97,3.39,Low,Hydrated
57,Male,92.37,1.6,High,At Risk of Dehydration
57,Male,82.07,2.3,High,At Risk of Dehydration
29,Male,55.55,3.13,Moderate,Hydrated
32,Female,46.4,2.78,Moderate,Hydrated
52,Male,64.01,2.3,Moderate,Hydrated
27,Male,88.8,1.69,Low,At Risk of Dehydration
31,Female,76.83,3.61,Moderate,Hydrated
31,Male,98.86,2.02,High,At Risk of Dehydration
41,Female,56.26,1.69,Moderate,At Risk of Dehydration
33,Female,93.06,3.7,Low,Hydrated
39,Male,54.29,2.09,Moderate,At Risk of Dehydration
50,Male,79.68,1.54,Low,At Risk of Dehydration
25,Male,60.78,2.47,Moderate,Hydrated
45,Female,95.89,2.4,High,At Risk of Dehydration
58,Female,96.27,1.93,Low,At Risk of Dehydration
28,Female,61.99,3.73,High,Hydrated
18,Female,76.05,3.4,High,At Risk of Dehydration
22,Male,89.14,2.01,Moderate,Hydrated
45,Female,90.46,1.58,High,At Risk of Dehydration
54,Female,51.89,3.0,Low,Hydrated
26,Male,47.38,1.67,Moderate,Hydrated
42,Female,50.83,3.18,Low,Hydrated
52,Female,99.09,3.58,Low,At Risk of Dehydration
40,Male,93.22,1.01,Low,At Risk of Dehydration
39,Male,99.18,1.62,Low,At Risk of Dehydration
26,Female,53.63,2.66,Moderate,At Risk of Dehydration
42,Female,77.19,1.61,Moderate,At Risk of Dehydration
23,Male,66.36,3.64,Moderate,At Risk of Dehydration
36,Female,74.4,1.73,Moderate,At Risk of Dehydration
54,Male,51.95,1.95,Low,Hydrated
23,Male,95.57,1.75,Moderate,At Risk of Dehydration
29,Male,75.37,1.3,Moderate,At Risk of Dehydration
40,Female,57.66,3.23,Low,At Risk of Dehydration
23,Male,78.0,3.64,High,Hydrated
39,Male,56.68,2.14,Moderate,At Risk of Dehydration
34,Female,55.01,1.58,Low,At Risk of Dehydration
19,Female,91.03,3.5,Moderate,Hydrated
32,Female,88.88,3.48,Moderate,Hydrated
23,Male,93.8,3.17,Moderate,At Risk of Dehydration
23,Female,58.92,1.05,Low,At Risk of Dehydration
55,Female,60.04,3.21,Low,Hydrated
43,Male,99.4,1.04,Low,At Risk of Dehydration
55,Female,82.35,3.78,Low,Hydrated
29,Female,72.04,3.68,Low,At Risk of Dehydration
43,Female,91.76,3.32,Low,At Risk of Dehydration
24,Female,55.93,2.21,Low,At Risk of Dehydration
19,Female,46.7,1.8,Low,Hydrated
34,Female,63.22,2.9,Low,Hydrated
42,Male,80.93,2.2,Low,At Risk of Dehydration
18,Male,97.66,2.73,Low,At Risk of Dehydration
42,Male,51.14,3.29,Moderate,At Risk of Dehydration
23,Female,73.27,2.59,Moderate,At Risk of Dehydration
31,Female,72.53,3.69,Low,Hydrated
37,Male,92.09,3.42,Moderate,Hydrated
35,Female,96.88,2.34,Moderate,Hydrated
18,Male,67.25,1.08,Moderate,At Risk of Dehydration
25,Female,69.25,2.87,High,Hydrated
23,Female,54.47,1.89,Moderate,At Risk of Dehydration
22,Female,86.62,3.27,High,Hydrated
18,Male,57.41,3.4,Moderate,Hydrated
40,Female,54.29,2.66,Moderate,Hydrated
25,Male,49.75,3.94,Moderate,Hydrated
58,Male,82.86,1.13,Low,At Risk of Dehydration
33,Male,60.2,1.99,High,At Risk of Dehydration
57,Male,67.45,3.92,Low,Hydrated
47,Male,95.28,2.11,Moderate,At Risk of Dehydration
34,Female,65.74,3.84,High,Hydrated
43,Female,56.7,2.97,Moderate,At Risk of Dehydration
41,Male,80.21,3.76,Moderate,Hydrated
43,Female,88.48,1.4,Low,At Risk of Dehydration
37,Female,57.97,1.16,Moderate,At Risk of Dehydration
53,Male,69.26,1.91,Low,At Risk of Dehydration
49,Male,54.71,2.85,Moderate,At Risk of Dehydration
53,Female,78.43,2.73,High,At Risk of Dehydration
32,Male,73.3,3.77,Moderate,Hydrated
18,Male,99.43,1.08,Moderate,At Risk of Dehydration
37,Male,63.49,2.95,High,At Risk of Dehydration
52,Female,89.1,2.4,Moderate,At Risk of Dehydration
51,Male,80.97,3.45,Moderate,Hydrated
44,Male,65.98,3.44,Low,Hydrated
45,Male,98.91,2.62,Low,At Risk of Dehydration
30,Male,81.71,3.28,High,Hydrated
32,Female,61.12,1.06,Moderate,At Risk of Dehydration
35,Female,94.92,3.17,Moderate,At Risk of Dehydration
39,Female,58.86,1.96,Moderate,At Risk of Dehydration
52,Male,86.59,3.42,Low,At Risk of Dehydration
41,Male,86.29,1.26,High,At Risk of Dehydration
18,Female,82.17,3.38,Moderate,At Risk of Dehydration
59,Female,77.41,3.04,High,At Risk of Dehydration
44,Female,60.92,1.88,High,At Risk of Dehydration
20,Male,89.43,1.77,Low,At Risk of Dehydration
54,Female,96.94,1.44,Low,At Risk of Dehydration
45,Male,72.41,1.65,Low,At Risk of Dehydration
36,Male,80.36,1.56,Moderate,At Risk of Dehydration
39,Female,81.56,2.3,High,At Risk of Dehydration
53,Male,90.86,2.72,High,At Risk of Dehydration
48,Male,99.56,3.48,High,At Risk of Dehydration
59,Male,52.3,1.51,Moderate,At Risk of Dehydration
47,Female,50.52,3.05,Low,At Risk of Dehydration
51,Female,79.79,2.35,Low,At Risk of Dehydration
34,Male,56.31,3.62,Low,Hydrated
39,Female,56.27,2.5,Moderate,At Risk of Dehydration
45,Male,66.43,2.51,Low,At Risk of Dehydration
51,Female,80.15,1.04,Low,Hydrated
45,Female,46.27,3.91,Low,Hydrated
59,Male,70.05,3.08,Low,At Risk of Dehydration
39,Male,90.06,3.19,Moderate,At Risk of Dehydration
27,Female,68.03,1.04,Moderate,At Risk of Dehydration
44,Male,61.81,1.4,Moderate,At Risk of Dehydration
59,Male,62.52,2.91,Moderate,Hydrated
53,Male,80.63,2.85,Low,At Risk of Dehydration
37,Male,54.58,3.28,High,At Risk of Dehydration
26,Female,59.18,3.48,High,Hydrated
22,Female,83.35,1.48,Moderate,At Risk of Dehydration
54,Male,83.67,1.24,Moderate,At Risk of Dehydration
30,Female,51.75,3.56,High,Hydrated
33,Male,57.54,1.74,High,Hydrated
58,Male,82.39,3.35,Moderate,At Risk of Dehydration
44,Male,75.55,3.05,Low,Hydrated
27,Female,92.32,3.92,Moderate,Hydrated
54,Female,94.9,1.63,Low,At Risk of Dehydration
33,Female,50.19,3.76,Moderate,Hydrated
47,Female,48.66,1.85,Moderate,Hydrated
19,Male,71.07,2.26,Low,At Risk of Dehydration
54,Male,80.07,1.19,Moderate,At Risk of Dehydration
32,Male,46.13,2.63,Low,At Risk of Dehydration
39,Male,97.57,1.3,Moderate,At Risk of Dehydration
49,Male,83.4,2.66,Low,At Risk of Dehydration
37,Male,67.93,2.71,High,At Risk of Dehydration
24,Male,68.09,1.65,Low,At Risk of Dehydration
47,Female,93.4,3.84,High,Hydrated
45,Male,66.41,3.34,Low,Hydrated
22,Male,61.44,2.62,Moderate,At Risk of Dehydration
45,Female,94.87,1.21,Moderate,At Risk of Dehydration
27,Male,94.51,3.82,Moderate,Hydrated
55,Male,70.06,1.63,High,At Risk of Dehydration
49,Male,97.26,1.13,High,At Risk of Dehydration
45,Female,66.88,2.9,High,At Risk of Dehydration
47,Male,73.17,2.6,Low,At Risk of Dehydration
50,Male,66.22,2.3,Moderate,At Risk of Dehydration
58,Male,90.33,3.98,Low,Hydrated
29,Male,75.58,3.2,Moderate,Hydrated
57,Female,62.97,3.79,Low,At Risk of Dehydration
57,Male,66.64,1.89,Low,At Risk of Dehydration
18,Female,96.45,1.8,High,At Risk of Dehydration
33,Female,89.21,3.45,Low,Hydrated
31,Female,94.56,2.05,High,At Risk of Dehydration
18,Female,53.01,3.3,Moderate,At Risk of Dehydration
42,Female,61.29,3.78,Low,Hydrated
28,Male,65.88,1.5,Moderate,Hydrated
40,Male,85.51,3.57,High,At Risk of Dehydration
59,Female,54.17,3.45,High,At Risk of Dehydration
43,Male,93.03,2.68,High,At Risk of Dehydration
50,Female,69.22,3.02,Moderate,Hydrated
26,Female,79.11,2.57,High,At Risk of Dehydration
34,Male,80.28,3.92,High,Hydrated
29,Female,80.86,2.19,High,Hydrated
42,Female,46.58,2.52,Moderate,At Risk of Dehydration
29,Female,90.19,3.15,High,At Risk of Dehydration
49,Male,54.16,3.15,High,Hydrated
35,Male,50.6,1.63,High,At Risk of Dehydration
31,Male,77.0,1.63,High,At Risk of Dehydration
46,Female,64.5,2.14,High,At Risk of Dehydration
47,Male,95.22,2.37,Moderate,At Risk of Dehydration
49,Female,68.25,2.82,Low,At Risk of Dehydration
45,Female,99.19,3.28,High,Hydrated
58,Female,77.68,3.46,High,At Risk of Dehydration
24,Male,89.82,1.71,Moderate,At Risk of Dehydration
20,Female,96.73,2.97,Moderate,Hydrated
52,Male,59.76,3.21,High,At Risk of Dehydration
54,Female,85.39,1.86,Low,At Risk of Dehydration
58,Male,60.9,1.24,Moderate,At Risk of Dehydration
25,Female,97.71,2.16,Low,At Risk of Dehydration
53,Male,53.09,2.86,Low,Hydrated
31,Male,88.08,1.79,Low,At Risk of Dehydration
52,Male,72.1,2.1,Low,At Risk of Dehydration
40,Female,58.43,2.87,High,At Risk of Dehydration
51,Female,69.49,2.75,High,At Risk of Dehydration
39,Male,46.55,1.69,Moderate,Hydrated
41,Male,98.23,1.13,Low,At Risk of Dehydration
47,Female,94.05,3.49,Moderate,Hydrated
29,Female,82.32,2.44,Low,At Risk of Dehydration
58,Female,50.54,2.21,High,At Risk of Dehydration
44,Female,95.19,3.66,Moderate,Hydrated
42,Female,54.62,2.74,Moderate,Hydrated
28,Male,60.05,1.83,Low,At Risk of Dehydration
21,Female,48.58,1.87,High,At Risk of Dehydration
23,Male,46.66,3.57,Moderate,Hydrated
38,Male,89.9,1.06,High,At Risk of Dehydration
36,Female,56.74,1.99,Low,Hydrated
33,Male,51.07,2.69,Low,At Risk of Dehydration
56,Male,76.5,1.86,Moderate,At Risk of Dehydration
35,Male,93.84,3.76,Moderate,At Risk of Dehydration
42,Female,46.65,2.41,Low,At Risk of Dehydration
47,Female,91.79,3.85,Moderate,Hydrated
35,Male,91.08,1.52,High,At Risk of Dehydration
49,Male,60.89,2.89,High,At Risk of Dehydration
34,Female,88.06,2.59,Moderate,At Risk of Dehydration
56,Male,85.34,1.15,Moderate,At Risk of Dehydration
38,Female,95.73,3.92,Moderate,At Risk of Dehydration
59,Female,64.58,2.48,Low,At Risk of Dehydration
46,Male,78.42,3.15,Moderate,Hydrated
27,Female,81.05,3.12,Moderate,At Risk of Dehydration
47,Male,73.71,1.84,Low,Hydrated
44,Female,63.35,2.31,High,At Risk of Dehydration
58,Male,87.26,3.18,High,At Risk of Dehydration
56,Male,65.74,3.45,Moderate,At Risk of Dehydration
50,Male,70.46,1.34,Low,At Risk of Dehydration
29,Male,94.34,1.2,High,At Risk of Dehydration
46,Male,63.44,2.31,Low,At Risk of Dehydration
22,Female,59.61,1.36,Low,At Risk of Dehydration
34,Male,90.96,3.27,High,At Risk of Dehydration
19,Male,79.74,2.65,High,At Risk of Dehydration
35,Male,82.23,2.33,Low,Hydrated
19,Female,48.24,1.95,Moderate,At Risk of Dehydration
22,Male,67.28,2.55,High,At Risk of Dehydration
30,Female,81.49,1.73,High,At Risk of Dehydration
19,Male,63.39,2.0,High,At Risk of Dehydration
39,Male,86.38,3.21,Moderate,At Risk of Dehydration
47,Male,48.38,3.19,High,At Risk of Dehydration
38,Male,56.47,1.87,Low,At Risk of Dehydration
47,Male,74.23,1.81,Low,At Risk of Dehydration
44,Female,95.33,1.72,Moderate,At Risk of Dehydration
39,Female,47.78,1.25,Low,At Risk of Dehydration
36,Female,76.49,1.55,Low,At Risk of Dehydration
37,Female,96.08,1.39,High,Hydrated
33,Female,96.84,2.41,Moderate,At Risk of Dehydration
59,Male,86.19,2.45,Moderate,At Risk of Dehydration
42,Female,80.59,2.66,Moderate,At Risk of Dehydration
59,Female,89.3,3.24,Moderate,At Risk of Dehydration
46,Male,62.84,1.97,Moderate,At Risk of Dehydration
34,Female,95.06,1.09,Moderate,At Risk of Dehydration
34,Female,99.84,3.17,High,At Risk of Dehydration
26,Male,74.09,1.1,Low,At Risk of Dehydration
24,Male,57.77,3.59,Low,Hydrated
59,Male,96.88,3.51,High,At Risk of Dehydration
56,Male,45.42,1.36,High,At Risk of Dehydration
33,Male,58.26,3.75,Low,At Risk of Dehydration
59,Male,59.42,3.43,Low,At Risk of Dehydration
27,Female,61.0,2.33,High,At Risk of Dehydration
36,Female,80.87,2.12,Low,Hydrated
22,Male,71.58,2.81,High,Hydrated
29,Male,93.53,3.71,Low,At Risk of Dehydration
22,Female,96.02,3.52,Low,At Risk of Dehydration
22,Male,95.12,2.38,High,Hydrated
47,Female,55.14,1.75,Low,At Risk of Dehydration
30,Male,74.52,1.73,High,At Risk of Dehydration
56,Female,98.79,2.01,Moderate,Hydrated
51,Male,79.27,1.58,Moderate,At Risk of Dehydration
36,Female,54.63,2.69,Moderate,At Risk of Dehydration
20,Female,49.93,2.74,Moderate,Hydrated
34,Male,48.4,1.04,High,At Risk of Dehydration
38,Female,95.39,2.63,High,At Risk of Dehydration
50,Female,55.57,3.07,Moderate,Hydrated
38,Female,83.67,3.18,Moderate,Hydrated
56,Male,50.81,1.63,Moderate,At Risk of Dehydration
18,Male,60.08,3.44,Moderate,Hydrated
51,Female,73.81,2.21,High,Hydrated
35,Male,93.11,2.77,Moderate,At Risk of Dehydration
22,Male,74.72,3.24,Moderate,Hydrated
40,Female,59.55,2.53,High,At Risk of Dehydration
47,Female,63.46,1.97,Moderate,At Risk of Dehydration
20,Male,70.31,2.02,Low,At Risk of Dehydration
45,Female,61.68,2.41,Low,At Risk of Dehydration
45,Female,65.87,2.22,High,At Risk of Dehydration
42,Female,84.31,1.49,High,At Risk of Dehydration
27,Female,65.23,3.01,Low,Hydrated
48,Female,63.75,3.32,High,Hydrated
26,Female,66.83,3.5,Low,At Risk of Dehydration
20,Male,62.89,2.64,High,Hydrated
30,Male,90.76,2.25,High,At Risk of Dehydration
39,Female,96.86,1.04,Low,At Risk of Dehydration
45,Female,60.57,2.26,Moderate,At Risk of Dehydration
29,Male,49.39,1.13,Moderate,At Risk of Dehydration
46,Female,89.2,2.58,High,At Risk of Dehydration
20,Male,79.0,1.39,Moderate,At Risk of Dehydration
58,Female,62.05,2.48,Low,At Risk of Dehydration
43,Male,62.77,2.72,Moderate,Hydrated
58,Male,63.31,2.66,Low,At Risk of Dehydration
43,Female,77.72,1.15,Low,At Risk of Dehydration
44,Male,88.64,2.99,High,At Risk of Dehydration
19,Male,78.49,1.1,Moderate,At Risk of Dehydration
42,Male,51.39,2.31,High,At Risk of Dehydration
46,Female,47.89,2.09,Moderate,At Risk of Dehydration
25,Male,54.23,3.14,Low,At Risk of Dehydration
26,Female,65.32,1.61,Low,At Risk of Dehydration
28,Female,57.17,2.46,High,At Risk of Dehydration
46,Female,75.97,1.41,Low,At Risk of Dehydration
56,Female,65.7,1.87,Moderate,At Risk of Dehydration
34,Female,50.64,2.09,Low,At Risk of Dehydration
49,Male,51.79,1.11,High,At Risk of Dehydration
33,Female,96.86,3.6,Low,At Risk of Dehydration
59,Male,65.62,2.59,Moderate,At Risk of Dehydration
31,Male,97.0,2.38,Low,At Risk of Dehydration
45,Female,58.51,3.15,Low,Hydrated
20,Female,60.93,1.53,Low,At Risk of Dehydration
44,Female,85.75,1.91,High,Hydrated
48,Male,49.72,2.95,Low,At Risk of Dehydration
34,Male,78.66,2.25,Moderate,At Risk of Dehydration
57,Male,78.6,3.51,Low,Hydrated
40,Female,59.83,3.91,Moderate,Hydrated
59,Female,72.4,2.1,High,At Risk of Dehydration
23,Male,97.14,1.19,High,At Risk of Dehydration
25,Male,96.18,3.69,High,Hydrated
24,Female,56.33,1.95,High,At Risk of Dehydration
57,Female,54.32,3.34,Moderate,At Risk of Dehydration
42,Male,58.63,1.8,Low,At Risk of Dehydration
32,Female,62.06,1.34,High,At Risk of Dehydration
56,Male,97.37,2.08,Low,At Risk of Dehydration
56,Female,78.04,2.31,High,Hydrated
57,Male,76.13,1.01,High,At Risk of Dehydration
32,Male,92.84,2.05,Low,At Risk of Dehydration
40,Male,51.23,3.97,Moderate,At Risk of Dehydration
40,Female,52.23,1.66,Moderate,At Risk of Dehydration
21,Male,93.08,2.78,Low,Hydrated
34,Female,62.44,1.05,High,At Risk of Dehydration
28,Female,56.24,1.77,High,At Risk of Dehydration
33,Female,64.8,1.4,High,At Risk of Dehydration
20,Male,53.23,1.1,Low,At Risk of Dehydration
26,Male,66.86,3.24,Moderate,Hydrated
59,Male,61.71,3.85,Low,Hydrated
54,Male,92.36,2.67,High,Hydrated
45,Male,75.8,1.85,High,At Risk of Dehydration
25,Male,96.61,2.25,High,At Risk of Dehydration
23,Male,97.45,1.37,High,At Risk of Dehydration
25,Female,56.72,2.18,Low,At Risk of Dehydration
42,Female,62.79,1.64,Moderate,At Risk of Dehydration
31,Male,84.09,1.74,Low,At Risk of Dehydration
20,Male,66.05,2.52,Moderate,Hydrated
32,Female,48.32,3.44,Low,Hydrated
32,Male,55.64,1.42,Low,At Risk of Dehydration
46,Female,95.04,2.35,High,At Risk of Dehydration
46,Male,87.98,1.24,Moderate,At Risk of Dehydration
19,Female,66.37,3.35,High,At Risk of Dehydration
49,Female,70.85,1.72,High,At Risk of Dehydration
59,Male,49.97,3.85,High,Hydrated
49,Male,77.2,3.79,Low,Hydrated
18,Female,84.88,2.55,Moderate,At Risk of Dehydration
34,Male,49.12,3.13,Low,At Risk of Dehydration
57,Male,66.97,3.98,High,Hydrated
59,Male,89.66,2.24,High,At Risk of Dehydration
22,Male,47.11,1.91,Moderate,At Risk of Dehydration
53,Female,77.75,3.41,High,At Risk of Dehydration
43,Female,71.71,3.09,High,At Risk of Dehydration
28,Male,80.9,2.68,High,At Risk of Dehydration
48,Female,86.37,2.89,Moderate,At Risk of Dehydration
45,Male,93.26,2.16,High,At Risk of Dehydration
32,Male,93.63,2.1,High,At Risk of Dehydration
25,Female,76.87,2.23,Moderate,At Risk of Dehydration
50,Male,62.65,1.91,High,At Risk of Dehydration
51,Male,96.12,1.9,Moderate,At Risk of Dehydration
25,Female,77.07,2.75,Low,At Risk of Dehydration
47,Female,70.26,1.34,Moderate,At Risk of Dehydration
34,Male,48.17,2.57,High,At Risk of Dehydration
56,Male,57.74,1.33,High,At Risk of Dehydration
23,Male,83.25,2.28,High,At Risk of Dehydration
45,Male,66.41,3.34,Low,Hydrated
47,Female,86.24,1.58,Moderate,At Risk of Dehydration
53,Male,56.55,2.38,High,At Risk of Dehydration
29,Female,97.75,3.48,Low,At Risk of Dehydration
31,Male,74.21,2.49,Low,At Risk of Dehydration
54,Female,98.97,3.39,Low,Hydrated
19,Female,61.5,1.39,High,At Risk of Dehydration
43,Male,49.39,3.16,Moderate,Hydrated
41,Male,90.68,2.02,High,At Risk of Dehydration
50,Female,52.27,3.77,Low,Hydrated
40,Male,67.28,2.14,High,At Risk of Dehydration
22,Male,82.0,1.52,High,At Risk of Dehydration
46,Female,95.09,1.5,High,At Risk of Dehydration
30,Female,71.13,2.72,Low,At Risk of Dehydration
25,Male,91.06,3.6,High,At Risk of Dehydration
18,Male,69.44,3.77,High,Hydrated
39,Female,82.17,1.05,Moderate,At Risk of Dehydration
25,Male,75.41,3.42,High,At Risk of Dehydration
35,Female,97.41,3.84,Low,Hydrated
44,Female,70.72,2.93,Low,Hydrated
33,Male,75.14,1.44,Low,At Risk of Dehydration
53,Male,72.74,2.51,Moderate,At Risk of Dehydration
58,Female,99.87,3.08,Moderate,At Risk of Dehydration
42,Female,62.08,2.63,Moderate,Hydrated
36,Female,65.77,2.64,Moderate,At Risk of Dehydration
26,Female,53.96,1.77,Moderate,At Risk of Dehydration
20,Male,80.61,3.02,Moderate,Hydrated
48,Female,89.57,2.19,Moderate,Hydrated
22,Female,50.31,3.71,Moderate,Hydrated
21,Male,57.9,2.37,High,At Risk of Dehydration
43,Male,96.19,3.6,High,Hydrated
41,Male,51.53,1.65,Moderate,Hydrated
26,Male,79.55,2.28,Low,At Risk of Dehydration
33,Male,90.85,3.07,High,At Risk of Dehydration
48,Male,97.78,2.08,Moderate,At Risk of Dehydration
46,Female,87.84,3.78,Low,Hydrated
19,Male,65.16,3.24,Low,At Risk of Dehydration
33,Female,73.88,1.25,Low,At Risk of Dehydration
25,Male,90.42,1.47,High,At Risk of Dehydration
58,Female,93.32,1.55,Moderate,At Risk of Dehydration
48,Female,46.46,1.29,Moderate,At Risk of Dehydration
33,Male,67.48,3.58,Moderate,Hydrated
47,Female,53.38,2.74,Low,At Risk of Dehydration
55,Male,67.12,1.93,High,At Risk of Dehydration
25,Male,93.45,1.82,Moderate,At Risk of Dehydration
51,Male,95.31,2.67,Low,At Risk of Dehydration
46,Male,47.44,2.43,Moderate,Hydrated
36,Female,75.2,2.55,Moderate,At Risk of Dehydration
44,Female,61.12,3.56,Moderate,At Risk of Dehydration
42,Male,98.43,3.0,Low,At Risk of Dehydration
19,Female,93.52,1.69,Low,At Risk of Dehydration
37,Female,81.33,2.53,Moderate,At Risk of Dehydration
54,Female,55.76,3.84,High,Hydrated
21,Male,73.55,1.89,Moderate,At Risk of Dehydration
58,Male,77.06,3.09,Low,At Risk of Dehydration
53,Female,68.8,3.81,Low,Hydrated
40,Female,98.62,3.76,High,Hydrated
40,Female,70.17,2.05,Low,At Risk of Dehydration
25,Female,48.01,3.83,Moderate,Hydrated
44,Male,89.93,2.77,Moderate,At Risk of Dehydration
20,Male,89.68,1.51,Low,At Risk of Dehydration
30,Male,53.23,1.41,Moderate,At Risk of Dehydration
36,Male,97.28,3.33,Low,At Risk of Dehydration
38,Female,50.25,3.05,Moderate,At Risk of Dehydration
50,Male,55.24,2.17,High,Hydrated
50,Male,69.7,3.47,Low,At Risk of Dehydration
19,Female,67.13,3.82,Low,Hydrated
49,Female,56.95,1.88,Low,At Risk of Dehydration
58,Female,57.98,3.06,Moderate,At Risk of Dehydration
18,Male,87.59,3.87,High,Hydrated
35,Male,80.5,1.92,High,At Risk of Dehydration
27,Male,75.24,2.77,High,At Risk of Dehydration
32,Male,53.8,1.21,High,At Risk of Dehydration
54,Male,76.21,1.7,High,At Risk of Dehydration
38,Female,72.43,2.66,Moderate,At Risk of Dehydration
54,Female,75.89,1.3,Low,At Risk of Dehydration
29,Male,90.67,3.37,Moderate,Hydrated
58,Female,48.1,3.95,Moderate,Hydrated
34,Male,86.9,1.83,Low,At Risk of Dehydration
57,Female,56.88,1.47,High,At Risk of Dehydration
30,Male,50.14,3.7,Low,At Risk of Dehydration
25,Male,66.39,1.01,Moderate,At Risk of Dehydration
38,Male,65.81,1.44,High,At Risk of Dehydration
20,Male,88.33,3.02,High,At Risk of Dehydration
54,Female,88.82,3.06,High,Hydrated
49,Male,98.45,3.46,High,At Risk of Dehydration
49,Male,86.86,3.31,Low,Hydrated
59,Female,92.3,2.44,Moderate,At Risk of Dehydration
51,Female,77.41,1.09,Low,At Risk of Dehydration
33,Female,88.71,2.17,Moderate,At Risk of Dehydration
44,Male,61.99,1.95,High,At Risk of Dehydration
53,Male,91.68,2.85,Low,At Risk of Dehydration
27,Female,84.88,3.16,High,Hydrated
26,Male,90.18,2.65,Moderate,Hydrated
43,Male,80.94,2.91,Moderate,At Risk of Dehydration
59,Female,67.21,3.84,Low,Hydrated
40,Male,72.7,2.03,Moderate,At Risk of Dehydration
40,Male,67.77,3.9,High,Hydrated
50,Female,82.24,3.76,Moderate,At Risk of Dehydration
21,Female,66.66,3.36,Moderate,Hydrated
26,Female,87.37,2.15,High,At Risk of Dehydration
43,Male,73.33,2.55,Low,At Risk of Dehydration
47,Male,55.64,2.24,Moderate,At Risk of Dehydration
20,Male,49.73,3.42,High,Hydrated
18,Male,73.2,1.34,Low,At Risk of Dehydration
54,Male,52.85,2.26,Moderate,At Risk of Dehydration
37,Male,53.31,1.25,Moderate,At Risk of Dehydration
39,Male,94.06,2.33,Moderate,At Risk of Dehydration
55,Female,80.43,2.81,Low,At Risk of Dehydration
29,Male,99.84,3.91,High,At Risk of Dehydration
27,Male,94.62,3.42,High,At Risk of Dehydration
32,Female,90.74,1.9,Low,At Risk of Dehydration
46,Male,54.49,1.36,Low,At Risk of Dehydration
35,Male,48.35,2.73,Low,Hydrated
32,Female,74.75,3.54,Moderate,Hydrated
24,Female,88.66,1.72,Moderate,At Risk of Dehydration
51,Female,58.14,2.49,Moderate,Hydrated
45,Female,55.62,1.61,High,At Risk of Dehydration
46,Male,59.75,2.29,Moderate,Hydrated
35,Male,54.97,3.9,Moderate,At Risk of Dehydration
29,Female,98.78,1.14,Moderate,At Risk of Dehydration
53,Male,66.98,1.34,Low,At Risk of Dehydration
36,Male,50.47,1.19,Low,At Risk of Dehydration
24,Female,96.49,2.99,Moderate,Hydrated
26,Female,60.67,1.89,Moderate,At Risk of Dehydration
39,Male,59.68,3.53,Low,At Risk of Dehydration
29,Male,51.72,1.8,Low,Hydrated
34,Male,82.33,1.43,Low,Hydrated
45,Female,95.17,3.44,High,Hydrated
41,Male,70.37,2.44,Moderate,At Risk of Dehydration
55,Female,92.95,2.29,Moderate,At Risk of Dehydration
33,Female,77.24,1.8,High,At Risk of Dehydration
32,Male,74.09,1.79,Moderate,At Risk of Dehydration
37,Female,66.49,3.25,Moderate,Hydrated
56,Female,69.74,3.69,Low,Hydrated
59,Male,54.64,3.84,Low,Hydrated
50,Female,70.43,1.58,High,At Risk of Dehydration
46,Female,79.15,1.38,Moderate,At Risk of Dehydration
29,Male,91.81,3.5,Moderate,At Risk of Dehydration
58,Male,79.88,3.61,Low,Hydrated
39,Male,61.1,3.4,High,Hydrated
50,Male,79.68,3.75,Low,Hydrated
55,Female,70.45,1.92,Moderate,At Risk of Dehydration
28,Male,89.04,2.6,Low,At Risk of Dehydration
28,Male,75.49,1.35,High,At Risk of Dehydration
40,Male,73.77,3.14,High,At Risk of Dehydration
27,Male,49.77,1.07,Moderate,At Risk of Dehydration
30,Female,58.52,1.02,Low,At Risk of Dehydration
50,Female,72.89,2.04,Moderate,At Risk of Dehydration
18,Female,66.75,3.66,Moderate,At Risk of Dehydration
53,Male,55.35,3.09,High,Hydrated
21,Male,48.93,3.64,High,At Risk of Dehydration
33,Male,85.26,2.63,Low,At Risk of Dehydration
59,Male,57.77,3.32,High,Hydrated
47,Female,61.52,1.8,High,At Risk of Dehydration
41,Male,91.95,1.46,High,At Risk of Dehydration
45,Female,91.3,1.74,Moderate,At Risk of Dehydration
19,Male,94.38,1.77,Low,At Risk of Dehydration
19,Male,67.58,2.29,High,At Risk of Dehydration
30,Female,78.83,1.66,Low,At Risk of Dehydration
54,Female,79.81,3.32,Low,At Risk of Dehydration
55,Male,99.91,3.8,Moderate,At Risk of Dehydration
29,Female,83.23,3.1,Low,Hydrated
50,Female,72.43,1.76,Low,At Risk of Dehydration
52,Female,55.45,2.53,High,At Risk of Dehydration
37,Male,84.62,2.75,Low,At Risk of Dehydration
47,Female,96.76,3.09,High,At Risk of Dehydration
47,Female,75.97,3.75,Low,Hydrated
26,Male,76.8,3.5,Low,Hydrated
22,Male,81.07,2.83,High,At Risk of Dehydration
30,Female,97.85,1.53,High,At Risk of Dehydration
40,Male,99.42,3.51,Low,At Risk of Dehydration
40,Female,84.01,1.27,Low,At Risk of Dehydration
31,Male,79.54,1.78,Low,At Risk of Dehydration
19,Male,86.45,2.16,Low,At Risk of Dehydration
54,Male,96.22,2.72,Low,At Risk of Dehydration
44,Male,84.74,3.45,Moderate,Hydrated
18,Male,76.67,1.4,Low,At Risk of Dehydration
34,Female,66.54,2.69,High,Hydrated
56,Female,46.55,3.12,Moderate,At Risk of Dehydration
51,Female,63.03,3.81,Moderate,Hydrated
59,Male,95.93,2.4,Moderate,At Risk of Dehydration
26,Female,92.85,3.85,High,Hydrated
40,Male,65.49,1.94,High,At Risk of Dehydration
59,Male,98.01,3.03,Moderate,At Risk of Dehydration
40,Male,50.28,2.27,Low,At Risk of Dehydration
26,Male,97.53,3.07,High,At Risk of Dehydration
19,Female,72.96,2.17,Moderate,At Risk of Dehydration
49,Female,69.24,1.97,Low,At Risk of Dehydration
38,Female,61.03,1.83,Low,At Risk of Dehydration
41,Male,47.76,3.8,Moderate,Hydrated
38,Female,72.72,3.74,Moderate,Hydrated
54,Male,77.36,2.67,High,At Risk of Dehydration
53,Male,85.99,2.54,Low,At Risk of Dehydration
38,Female,50.76,2.15,Low,At Risk of Dehydration
19,Male,68.24,2.88,Moderate,Hydrated
54,Female,89.03,3.29,Low,At Risk of Dehydration
21,Male,53.97,3.17,High,Hydrated
25,Female,77.83,2.24,Moderate,At Risk of Dehydration
26,Female,70.88,2.87,Low,Hydrated
21,Male,46.45,1.71,Low,At Risk of Dehydration
43,Female,70.14,2.6,Low,At Risk of Dehydration
49,Male,69.87,1.99,Moderate,At Risk of Dehydration
31,Female,52.61,1.12,High,At Risk of Dehydration
47,Male,95.21,3.71,Low,Hydrated
39,Female,48.83,2.15,Moderate,At Risk of Dehydration
54,Male,63.34,2.48,Moderate,Hydrated
52,Male,91.28,2.15,Low,At Risk of Dehydration
35,Female,90.25,3.32,High,Hydrated
40,Female,50.52,3.37,High,Hydrated
18,Female,69.01,3.72,Low,At Risk of Dehydration
45,Female,51.24,1.6,Moderate,At Risk of Dehydration
57,Male,62.99,2.53,Low,At Risk of Dehydration
29,Female,71.84,3.5,Moderate,Hydrated
46,Female,75.16,1.33,Low,At Risk of Dehydration
57,Male,45.19,3.44,High,Hydrated
25,Female,82.6,3.9,Moderate,At Risk of Dehydration
46,Female,88.11,1.08,High,At Risk of Dehydration
20,Female,92.42,1.99,Moderate,At Risk of Dehydration
23,Male,69.92,3.03,High,At Risk of Dehydration
57,Male,52.63,3.77,Moderate,Hydrated
52,Female,77.04,2.25,High,At Risk of Dehydration
18,Male,51.85,2.75,Low,Hydrated
43,Female,82.82,1.18,Low,At Risk of Dehydration
37,Male,79.02,2.57,Low,Hydrated
39,Female,84.48,1.56,Moderate,At Risk of Dehydration
58,Male,93.68,3.85,High,At Risk of Dehydration
57,Male,76.6,3.43,Moderate,At Risk of Dehydration
49,Female,88.44,2.13,Low,At Risk of Dehydration
42,Female,70.06,3.52,High,At Risk of Dehydration
51,Female,62.95,1.6,High,At Risk of Dehydration
21,Female,99.42,3.42,High,At Risk of Dehydration
20,Female,53.56,1.58,Moderate,At Risk of Dehydration
46,Female,75.73,2.02,Low,At Risk of Dehydration
37,Male,74.38,1.53,Moderate,At Risk of Dehydration
21,Female,79.12,2.79,High,At Risk of Dehydration
58,Female,80.79,3.69,Moderate,Hydrated
45,Female,63.29,2.25,Moderate,At Risk of Dehydration
43,Female,60.3,1.5,Moderate,At Risk of Dehydration
52,Male,66.23,2.05,Low,At Risk of Dehydration
18,Female,77.94,3.99,Moderate,Hydrated
57,Female,84.18,2.84,Moderate,Hydrated
45,Female,70.42,2.54,High,At Risk of Dehydration
47,Male,83.27,2.38,High,At Risk of Dehydration
34,Male,57.92,2.58,Moderate,At Risk of Dehydration
43,Female,55.19,3.08,Moderate,At Risk of Dehydration
48,Female,87.05,1.02,Low,At Risk of Dehydration
37,Male,68.13,3.37,High,At Risk of Dehydration
35,Male,90.32,3.04,High,Hydrated
26,Female,46.03,2.86,High,Hydrated
39,Male,56.6,2.49,High,At Risk of Dehydration
38,Male,99.14,1.54,Moderate,At Risk of Dehydration
23,Female,68.39,1.31,Moderate,At Risk of Dehydration
41,Male,59.85,2.26,High,At Risk of Dehydration
44,Female,95.16,2.64,High,At Risk of Dehydration
59,Male,75.65,2.25,Low,At Risk of Dehydration
20,Male,58.95,2.14,High,At Risk of Dehydration
41,Female,60.56,2.37,Low,At Risk of Dehydration
53,Female,85.36,3.42,High,At Risk of Dehydration
39,Female,83.81,2.56,Moderate,At Risk of Dehydration
37,Male,66.3,1.93,Moderate,At Risk of Dehydration
21,Male,97.5,1.17,Moderate,At Risk of Dehydration
46,Female,61.87,1.66,High,At Risk of Dehydration
39,Male,77.14,3.04,Moderate,At Risk of Dehydration
41,Male,59.04,3.04,Moderate,At Risk of Dehydration
44,Female,58.13,2.35,Moderate,At Risk of Dehydration
33,Female,76.76,1.01,High,At Risk of Dehydration
21,Female,98.97,2.45,Low,At Risk of Dehydration
44,Female,57.72,2.62,High,Hydrated
30,Male,92.74,3.95,Low,Hydrated
42,Female,93.24,3.63,Low,Hydrated
46,Male,90.94,3.45,Moderate,At Risk of Dehydration
26,Male,71.62,1.8,Moderate,At Risk of Dehydration
33,Male,58.19,2.66,High,At Risk of Dehydration
39,Female,47.28,1.47,Low,At Risk of Dehydration
20,Female,99.62,3.97,Low,Hydrated
50,Male,77.84,1.95,Moderate,Hydrated
27,Male,92.89,1.92,Low,Hydrated
45,Male,85.37,2.04,Moderate,At Risk of Dehydration
28,Female,76.34,1.05,Low,At Risk of Dehydration
43,Female,97.28,1.72,Moderate,At Risk of Dehydration
57,Male,76.6,3.43,Moderate,At Risk of Dehydration
44,Male,79.52,1.06,High,At Risk of Dehydration
50,Female,67.17,2.21,Low,Hydrated
43,Female,52.38,2.83,Moderate,Hydrated
21,Female,93.08,2.89,Moderate,Hydrated
39,Male,72.54,3.82,High,Hydrated
34,Male,62.31,1.32,Low,At Risk of Dehydration
20,Male,72.69,2.68,Moderate,At Risk of Dehydration
31,Female,69.16,2.63,Moderate,At Risk of Dehydration
56,Male,61.69,2.6,High,At Risk of Dehydration
42,Female,47.36,1.63,High,At Risk of Dehydration
42,Male,79.93,3.25,Moderate,At Risk of Dehydration
41,Female,64.87,2.44,Moderate,At Risk of Dehydration
25,Female,98.1,2.05,High,At Risk of Dehydration
59,Male,58.82,2.47,Moderate,At Risk of Dehydration
30,Male,73.32,1.97,Low,At Risk of Dehydration
57,Female,73.84,1.63,Moderate,At Risk of Dehydration
25,Male,99.89,1.27,Low,At Risk of Dehydration
22,Male,53.99,2.23,Low,At Risk of Dehydration
21,Male,63.91,2.76,Low,Hydrated
22,Male,96.53,3.88,High,Hydrated
18,Male,92.98,1.31,Low,At Risk of Dehydration
39,Male,47.05,3.76,High,At Risk of Dehydration
34,Female,91.45,3.73,Low,Hydrated
40,Male,89.98,1.89,Moderate,At Risk of Dehydration
42,Female,97.23,1.37,Low,At Risk of Dehydration
29,Female,52.76,3.55,High,At Risk of Dehydration
23,Male,64.0,1.75,Low,At Risk of Dehydration
24,Male,68.09,1.65,Low,At Risk of Dehydration
59,Female,66.88,2.64,Low,At Risk of Dehydration
27,Female,63.44,1.12,High,At Risk of Dehydration
58,Male,60.66,3.12,High,At Risk of Dehydration
55,Male,77.26,2.51,Low,At Risk of Dehydration
54,Female,55.9,1.82,High,At Risk of Dehydration
24,Female,46.22,3.01,High,At Risk of Dehydration
49,Male,79.87,1.89,Low,At Risk of Dehydration
29,Female,74.2,1.37,Low,At Risk of Dehydration
24,Female,48.57,1.87,Moderate,At Risk of Dehydration
49,Male,85.03,2.69,Low,At Risk of Dehydration
30,Female,89.14,2.33,Low,Hydrated
49,Female,79.7,3.86,High,Hydrated
20,Female,83.68,1.89,Moderate,At Risk of Dehydration
25,Male,74.04,2.7,High,At Risk of Dehydration
30,Male,92.32,2.85,High,Hydrated
39,Female,65.94,2.44,High,Hydrated
32,Female,65.62,2.27,Moderate,At Risk of Dehydration
30,Female,87.29,3.4,Moderate,Hydrated
34,Male,61.4,2.76,High,At Risk of Dehydration
35,Female,49.59,3.99,Moderate,Hydrated
23,Male,72.85,3.28,High,Hydrated
44,Male,89.06,2.15,High,At Risk of Dehydration
18,Male,58.18,3.67,High,Hydrated
21,Male,75.81,1.35,High,At Risk of Dehydration
58,Female,82.65,3.93,High,Hydrated
48,Male,88.08,1.3,Moderate,At Risk of Dehydration
48,Male,90.68,3.9,Low,At Risk of Dehydration
51,Female,67.91,2.61,Moderate,Hydrated
35,Female,62.83,3.73,High,Hydrated
25,Female,83.48,1.64,Low,At Risk of Dehydration
38,Male,75.34,3.37,Low,At Risk of Dehydration
53,Female,53.88,1.41,High,At Risk of Dehydration
36,Male,85.48,1.64,Moderate,At Risk of Dehydration
32,Male,72.56,1.35,High,At Risk of Dehydration
55,Male,95.61,3.39,High,At Risk of Dehydration
28,Male,69.42,2.83,Low,Hydrated
30,Male,57.67,2.95,Moderate,At Risk of Dehydration
31,Female,91.27,1.96,High,At Risk of Dehydration
38,Male,55.09,1.32,High,At Risk of Dehydration
48,Female,63.75,3.32,High,Hydrated
36,Male,47.52,3.51,High,Hydrated
36,Female,49.98,1.37,Moderate,At Risk of Dehydration
56,Female,89.68,2.28,Low,At Risk of Dehydration
18,Male,78.43,1.85,Moderate,At Risk of Dehydration
30,Female,67.79,3.53,Low,At Risk of Dehydration
34,Female,82.6,1.64,Low,At Risk of Dehydration
43,Male,73.6,2.59,Moderate,At Risk of Dehydration
27,Male,93.01,2.09,High,At Risk of Dehydration
42,Male,60.45,3.19,Moderate,Hydrated
30,Male,73.32,1.97,Low,At Risk of Dehydration
31,Female,84.74,1.94,Moderate,At Risk of Dehydration
49,Female,74.37,3.86,Moderate,Hydrated
51,Male,81.66,2.31,High,At Risk of Dehydration
24,Female,66.84,1.26,Moderate,At Risk of Dehydration
24,Male,63.46,3.57,High,Hydrated
57,Female,77.12,1.64,High,At Risk of Dehydration
46,Female,56.84,1.41,Moderate,At Risk of Dehydration
36,Male,51.37,1.8,High,At Risk of Dehydration
33,Male,79.32,1.88,Moderate,At Risk of Dehydration
29,Male,58.54,2.0,Low,At Risk of Dehydration
59,Male,96.37,3.27,Moderate,At Risk of Dehydration
24,Male,68.88,2.3,Low,Hydrated
59,Female,92.81,3.94,Low,At Risk of Dehydration
18,Female,47.58,3.52,Low,Hydrated
36,Male,89.26,3.67,Low,At Risk of Dehydration
46,Male,60.51,3.94,Low,Hydrated
37,Male,59.18,1.93,Low,At Risk of Dehydration
31,Male,99.63,1.33,Moderate,At Risk of Dehydration
20,Female,79.37,1.75,Moderate,At Risk of Dehydration
48,Male,54.9,2.08,Low,At Risk of Dehydration
50,Male,71.54,1.27,Low,At Risk of Dehydration
21,Male,99.26,3.58,Low,At Risk of Dehydration
48,Male,69.72,1.33,Low,At Risk of Dehydration
44,Male,92.87,1.87,High,At Risk of Dehydration
52,Female,53.97,2.26,Low,Hydrated
57,Female,98.37,1.54,Moderate,At Risk of Dehydration
30,Female,74.58,2.72,High,At Risk of Dehydration
47,Female,91.59,2.07,Moderate,At Risk of Dehydration
46,Male,54.16,2.99,Moderate,At Risk of Dehydration
58,Female,64.63,1.3,Moderate,At Risk of Dehydration
45,Female,58.91,1.93,Moderate,At Risk of Dehydration
21,Male,57.35,2.76,Moderate,At Risk of Dehydration
52,Male,78.92,2.19,High,At Risk of Dehydration
45,Male,64.7,1.37,High,At Risk of Dehydration
28,Male,54.01,2.76,High,Hydrated
34,Female,99.77,1.48,High,At Risk of Dehydration
36,Female,73.76,1.28,Moderate,At Risk of Dehydration
44,Female,96.12,1.06,Low,At Risk of Dehydration
56,Male,46.46,3.61,High,At Risk of Dehydration
19,Male,73.68,2.37,Moderate,At Risk of Dehydration
42,Male,78.07,3.37,Moderate,Hydrated
45,Male,73.28,3.64,Low,Hydrated
52,Male,45.32,3.22,High,At Risk of Dehydration
41,Male,66.78,3.46,Low,Hydrated
41,Male,48.81,2.55,Moderate,At Risk of Dehydration
19,Male,78.85,3.09,Low,At Risk of Dehydration
50,Female,82.1,1.85,Moderate,At Risk of Dehydration
48,Male,48.17,3.61,Moderate,Hydrated
51,Male,98.33,3.01,Moderate,At Risk of Dehydration
35,Female,96.88,2.34,Moderate,Hydrated
45,Male,78.75,3.34,Moderate,Hydrated
20,Male,87.98,1.99,Low,At Risk of Dehydration
57,Male,59.2,3.77,Low,Hydrated
20,Male,69.08,2.1,High,At Risk of Dehydration
29,Female,88.86,3.5,Moderate,Hydrated
49,Female,57.04,3.7,Low,At Risk of Dehydration
49,Male,91.88,3.64,Low,At Risk of Dehydration
33,Female,50.12,3.84,High,At Risk of Dehydration
33,Female,94.26,3.91,Low,Hydrated
33,Female,47.89,2.22,High,At Risk of Dehydration
25,Female,62.79,2.07,Low,Hydrated
31,Female,77.32,1.95,Moderate,At Risk of Dehydration
32,Male,52.35,2.61,High,Hydrated
46,Female,56.91,3.76,Low,Hydrated
51,Female,78.42,3.8,Low,Hydrated
19,Male,96.45,2.51,Moderate,At Risk of Dehydration
45,Female,71.13,1.92,Moderate,Hydrated
49,Female,53.22,3.08,Moderate,At Risk of Dehydration
20,Male,68.3,3.09,High,Hydrated
53,Female,88.42,1.36,Low,At Risk of Dehydration
20,Female,66.95,1.28,Moderate,At Risk of Dehydration
58,Male,94.45,3.74,High,Hydrated
48,Female,67.06,2.48,Moderate,At Risk of Dehydration
26,Female,71.6,2.43,High,At Risk of Dehydration
19,Male,47.82,2.95,Moderate,Hydrated
45,Female,90.6,2.33,Low,Hydrated
46,Female,53.99,1.63,Low,At Risk of Dehydration
58,Male,55.43,2.9,High,Hydrated
29,Female,51.8,1.99,Moderate,At Risk of Dehydration
23,Female,49.34,3.18,Moderate,At Risk of Dehydration
43,Male,99.98,2.24,High,At Risk of Dehydration
55,Female,97.52,1.37,Moderate,At Risk of Dehydration
50,Female,58.61,1.28,High,At Risk of Dehydration
30,Male,80.06,1.2,Moderate,At Risk of Dehydration
41,Male,67.2,3.6,Low,At Risk of Dehydration
45,Male,87.46,2.36,Moderate,At Risk of Dehydration
21,Male,99.05,2.33,High,At Risk of Dehydration
44,Female,96.77,3.8,Low,Hydrated
56,Male,92.78,2.6,Moderate,At Risk of Dehydration
34,Female,79.74,2.04,High,At Risk of Dehydration
19,Male,61.72,1.51,High,At Risk of Dehydration
51,Female,73.22,1.46,Low,At Risk of Dehydration
55,Female,84.79,3.98,Moderate,Hydrated
27,Male,91.67,3.4,Moderate,Hydrated
19,Male,78.85,3.09,Low,At Risk of Dehydration
37,Female,71.43,1.9,High,At Risk of Dehydration
45,Male,67.87,2.63,Low,At Risk of Dehydration
47,Male,93.27,1.39,Low,At Risk of Dehydration
56,Female,60.72,1.01,High,At Risk of Dehydration
59,Male,89.85,1.38,Low,At Risk of Dehydration
52,Female,94.14,2.99,Moderate,Hydrated
59,Female,49.02,3.21,High,At Risk of Dehydration
36,Male,86.55,1.03,Low,At Risk of Dehydration
26,Male,48.85,1.35,Moderate,At Risk of Dehydration
51,Female,52.86,3.92,Low,At Risk of Dehydration
57,Female,91.45,2.75,High,At Risk of Dehydration
58,Male,75.96,1.3,Low,At Risk of Dehydration
34,Female,73.28,3.23,Moderate,Hydrated
47,Female,67.13,1.08,Moderate,At Risk of Dehydration
23,Male,99.88,2.69,Low,Hydrated
44,Male,76.06,3.23,Moderate,Hydrated
22,Female,79.76,2.25,Low,At Risk of Dehydration
30,Male,77.27,2.3,Low,At Risk of Dehydration
39,Male,86.47,3.03,Moderate,At Risk of Dehydration
45,Female,88.34,2.15,Low,At Risk of Dehydration
49,Male,66.54,2.14,Low,At Risk of Dehydration
48,Female,77.76,1.22,High,At Risk of Dehydration
49,Male,66.3,2.45,Low,At Risk of Dehydration
36,Female,68.25,1.58,Low,At Risk of Dehydration
47,Male,46.41,1.94,Moderate,At Risk of Dehydration
32,Male,53.51,3.63,Low,Hydrated
38,Female,65.18,3.16,Low,Hydrated
54,Female,88.6,1.71,High,At Risk of Dehydration
28,Male,90.48,1.12,High,At Risk of Dehydration
41,Male,52.11,2.31,Moderate,At Risk of Dehydration
46,Female,52.84,1.35,Moderate,At Risk of Dehydration
20,Female,54.96,3.69,Moderate,Hydrated
58,Male,64.99,2.37,Moderate,At Risk of Dehydration
35,Female,50.73,1.12,High,At Risk of Dehydration
26,Female,50.85,1.5,High,At Risk of Dehydration
47,Female,51.76,1.4,Low,At Risk of Dehydration
56,Female,63.38,3.33,Moderate,Hydrated
52,Male,92.45,1.93,High,At Risk of Dehydration
38,Male,52.92,1.0,Low,At Risk of Dehydration
41,Female,49.93,1.39,Moderate,At Risk of Dehydration
26,Male,56.18,1.94,High,At Risk of Dehydration
25,Female,54.77,3.87,Moderate,Hydrated
27,Female,82.09,1.68,High,At Risk of Dehydration
29,Female,72.59,3.27,Low,Hydrated
30,Male,82.12,1.17,Low,At Risk of Dehydration
19,Female,92.16,1.11,Low,At Risk of Dehydration
40,Male,99.49,2.57,Low,At Risk of Dehydration
36,Male,52.2,3.67,High,Hydrated
46,Female,84.77,2.83,High,Hydrated
44,Male,49.52,2.48,Moderate,At Risk of Dehydration
34,Male,67.82,1.39,Moderate,At Risk of Dehydration
54,Female,56.69,3.34,Low,Hydrated
31,Female,52.14,2.15,High,At Risk of Dehydration
59,Male,76.71,3.79,High,Hydrated
29,Male,99.59,2.07,High,At Risk of Dehydration
32,Female,67.0,1.73,Moderate,At Risk of Dehydration
37,Female,93.66,1.56,High,At Risk of Dehydration
40,Female,71.03,1.85,Low,At Risk of Dehydration
34,Female,79.64,3.76,Moderate,Hydrated
52,Female,52.55,2.26,Moderate,At Risk of Dehydration
39,Female,50.04,2.42,Moderate,At Risk of Dehydration
46,Male,50.56,2.05,High,At Risk of Dehydration
58,Male,47.51,3.65,High,Hydrated
47,Female,87.75,1.99,Low,At Risk of Dehydration
50,Female,65.77,3.63,Low,Hydrated
30,Female,99.4,1.87,High,At Risk of Dehydration
31,Male,85.07,3.08,Low,At Risk of Dehydration
57,Female,96.4,1.27,High,At Risk of Dehydration
48,Male,62.47,1.58,High,At Risk of Dehydration
37,Male,79.77,2.88,Moderate,At Risk of Dehydration
52,Female,51.14,1.23,Low,At Risk of Dehydration
49,Female,50.97,3.51,Low,Hydrated
42,Female,56.48,3.0,Low,At Risk of Dehydration
28,Male,73.08,3.92,Moderate,Hydrated
20,Male,48.78,2.18,Low,At Risk of Dehydration
48,Male,51.43,2.06,Low,Hydrated
41,Male,69.49,2.76,High,At Risk of Dehydration
24,Female,51.56,3.61,High,Hydrated
38,Female,83.67,3.18,Moderate,Hydrated
37,Female,65.42,1.95,Low,At Risk of Dehydration
55,Male,63.85,1.89,High,At Risk of Dehydration
26,Female,48.72,2.12,Moderate,At Risk of Dehydration
54,Male,46.94,1.22,Moderate,At Risk of Dehydration
37,Male,77.54,3.47,High,At Risk of Dehydration
30,Female,70.88,3.92,Low,Hydrated
47,Male,68.01,2.93,Moderate,Hydrated
21,Female,61.08,1.79,Low,At Risk of Dehydration
31,Female,68.29,3.71,Moderate,Hydrated
55,Male,88.24,2.15,High,At Risk of Dehydration
28,Male,46.43,2.63,Low,Hydrated
36,Female,96.29,2.4,Low,At Risk of Dehydration
34,Male,50.77,3.95,Low,At Risk of Dehydration
21,Female,88.77,2.86,High,Hydrated
46,Female,80.3,1.31,High,At Risk of Dehydration
20,Female,75.86,1.53,Low,At Risk of Dehydration
56,Male,48.62,3.09,High,At Risk of Dehydration
24,Male,78.86,1.19,Moderate,At Risk of Dehydration
56,Male,57.48,3.02,Low,At Risk of Dehydration
54,Male,62.74,3.39,Moderate,Hydrated
31,Female,62.68,2.1,Low,At Risk of Dehydration
46,Female,62.26,1.14,Moderate,At Risk of Dehydration
53,Male,69.99,3.19,Moderate,At Risk of Dehydration
37,Male,85.14,3.03,High,Hydrated
30,Female,46.68,1.91,Moderate,At Risk of Dehydration
34,Female,80.26,3.77,High,At Risk of Dehydration
40,Male,83.46,2.03,High,At Risk of Dehydration
27,Male,95.97,1.84,Moderate,At Risk of Dehydration
54,Male,67.85,1.33,High,At Risk of Dehydration
42,Female,94.05,1.63,Low,At Risk of Dehydration
25,Female,63.45,2.79,Low,Hydrated
45,Male,72.83,3.06,Moderate,At Risk of Dehydration
33,Female,58.93,2.17,Low,At Risk of Dehydration
33,Female,46.03,2.85,Low,At Risk of Dehydration
38,Female,62.03,3.96,Moderate,Hydrated
51,Male,90.17,1.83,Moderate,At Risk of Dehydration
58,Female,73.47,1.45,Low,At Risk of Dehydration
38,Female,84.53,3.12,Moderate,At Risk of Dehydration
38,Female,47.73,2.81,Low,At Risk of Dehydration
37,Female,80.76,2.07,Moderate,At Risk of Dehydration
44,Female,93.9,3.4,Low,At Risk of Dehydration
42,Male,54.33,3.55,Low,At Risk of Dehydration
36,Female,96.47,1.31,High,At Risk of Dehydration
40,Male,79.59,1.23,High,At Risk of Dehydration
45,Male,94.77,2.23,Moderate,At Risk of Dehydration
26,Female,54.04,1.46,Low,At Risk of Dehydration
54,Female,58.09,2.26,Moderate,At Risk of Dehydration
42,Female,57.29,2.88,Moderate,At Risk of Dehydration
26,Female,69.51,3.8,High,Hydrated
55,Female,87.65,1.6,Low,At Risk of Dehydration
46,Male,45.31,3.64,Low,Hydrated
20,Female,73.36,2.42,Moderate,At Risk of Dehydration
53,Male,96.84,3.26,High,At Risk of Dehydration
57,Male,49.1,1.51,Moderate,At Risk of Dehydration
35,Female,80.45,3.16,High,At Risk of Dehydration
35,Female,83.22,3.2,High,Hydrated
43,Female,51.9,2.49,Low,At Risk of Dehydration
31,Female,62.48,3.8,High,At Risk of Dehydration
39,Female,75.47,1.03,High,At Risk of Dehydration
19,Male,62.18,3.58,Low,Hydrated
36,Female,90.12,2.33,Low,At Risk of Dehydration
54,Female,75.89,1.3,Low,At Risk of Dehydration
25,Male,78.52,2.45,Low,At Risk of Dehydration
41,Female,65.74,2.2,Moderate,Hydrated
57,Male,61.75,1.77,Low,At Risk of Dehydration
57,Male,75.18,1.15,Low,At Risk of Dehydration
55,Male,74.66,2.96,High,At Risk of Dehydration
41,Female,48.78,1.93,High,At Risk of Dehydration
39,Female,58.16,1.87,High,At Risk of Dehydration
33,Male,65.24,2.18,Low,Hydrated
43,Female,50.43,2.35,High,At Risk of Dehydration
38,Female,47.15,1.38,High,At Risk of Dehydration
57,Male,90.95,1.27,Moderate,At Risk of Dehydration
43,Female,65.78,1.93,Moderate,At Risk of Dehydration
20,Female,83.68,1.89,Moderate,At Risk of Dehydration
52,Male,75.34,1.87,High,At Risk of Dehydration
20,Male,83.5,3.24,High,At Risk of Dehydration
47,Female,95.5,3.21,Low,Hydrated
56,Male,76.11,2.93,Moderate,At Risk of Dehydration
46,Female,79.93,1.63,Low,At Risk of Dehydration
56,Male,60.65,2.43,Low,At Risk of Dehydration
30,Female,94.43,1.22,Low,At Risk of Dehydration
37,Female,99.56,3.08,Moderate,At Risk of Dehydration
47,Female,70.21,2.39,Moderate,At Risk of Dehydration
28,Male,47.73,1.22,High,At Risk of Dehydration
37,Male,47.7,3.83,Moderate,Hydrated
42,Male,85.15,2.97,High,At Risk of Dehydration
27,Male,58.54,1.71,High,At Risk of Dehydration
53,Male,84.21,3.64,Low,Hydrated
30,Female,48.83,3.51,Low,Hydrated
54,Male,70.75,2.02,Moderate,At Risk of Dehydration
59,Male,53.5,3.27,Low,Hydrated
53,Male,81.37,2.02,Low,At Risk of Dehydration
52,Female,63.08,2.07,Moderate,At Risk of Dehydration
23,Female,97.39,3.65,Moderate,Hydrated
20,Male,77.24,3.54,High,Hydrated
33,Male,90.45,2.89,Moderate,At Risk of Dehydration
34,Male,81.11,3.34,Low,Hydrated
26,Male,46.06,2.99,Low,At Risk of Dehydration
28,Female,55.09,1.57,High,At Risk of Dehydration
22,Female,77.52,2.69,Low,Hydrated
33,Male,66.08,2.53,Low,At Risk of Dehydration
59,Male,69.97,3.03,Moderate,Hydrated
58,Female,81.23,1.62,Moderate,At Risk of Dehydration
23,Female,51.95,3.39,Low,Hydrated
30,Male,86.42,2.72,Low,At Risk of Dehydration
24,Female,64.89,1.38,Moderate,At Risk of Dehydration
51,Male,77.78,2.72,High,At Risk of Dehydration
48,Male,55.08,2.11,Low,At Risk of Dehydration
20,Male,70.96,1.08,Low,At Risk of Dehydration
30,Female,91.11,1.78,Moderate,At Risk of Dehydration
22,Male,67.63,3.13,Low,Hydrated
32,Male,67.63,2.91,Moderate,At Risk of Dehydration
49,Male,93.92,3.15,Low,Hydrated
40,Female,99.86,3.03,Low,At Risk of Dehydration
50,Female,99.74,2.82,High,At Risk of Dehydration
36,Male,87.95,1.66,Low,At Risk of Dehydration
35,Male,51.32,1.18,Low,At Risk of Dehydration
33,Male,55.36,3.69,Moderate,At Risk of Dehydration
24,Male,61.85,3.33,Low,At Risk of Dehydration
18,Male,47.03,3.67,Moderate,Hydrated
56,Male,62.34,1.25,Moderate,At Risk of Dehydration
43,Male,98.01,3.76,Moderate,Hydrated
24,Male,59.04,3.58,High,At Risk of Dehydration
49,Female,92.74,3.01,Low,At Risk of Dehydration
20,Female,55.89,3.68,High,Hydrated
24,Male,69.77,2.02,Low,At Risk of Dehydration
26,Male,65.5,3.86,High,Hydrated
20,Female,87.33,1.43,Low,At Risk of Dehydration
33,Female,50.33,1.91,Moderate,Hydrated
22,Female,94.84,1.98,Moderate,At Risk of Dehydration
52,Male,81.32,2.92,High,At Risk of Dehydration
18,Female,98.9,2.46,Low,At Risk of Dehydration
58,Male,56.17,2.38,Moderate,At Risk of Dehydration
25,Male,83.48,1.91,High,At Risk of Dehydration
19,Female,78.36,3.27,Moderate,At Risk of Dehydration
47,Female,83.76,3.38,Moderate,Hydrated
31,Female,57.12,2.48,Moderate,At Risk of Dehydration
39,Female,88.97,2.57,Moderate,At Risk of Dehydration
54,Female,90.9,1.85,Low,At Risk of Dehydration
55,Male,77.47,2.35,High,Hydrated
33,Female,47.52,1.5,Moderate,At Risk of Dehydration
49,Female,88.16,1.77,Moderate,At Risk of Dehydration
30,Female,58.55,3.23,High,Hydrated
52,Female,84.66,1.02,Moderate,At Risk of Dehydration
36,Female,49.1,1.32,High,At Risk of Dehydration
56,Female,75.86,2.99,High,Hydrated
19,Female,71.74,3.33,Low,Hydrated
56,Female,64.03,3.66,Low,Hydrated
48,Female,53.11,3.44,High,Hydrated
34,Male,58.22,1.97,Moderate,At Risk of Dehydration
28,Female,50.59,1.34,Low,Hydrated
36,Female,95.0,2.0,High,At Risk of Dehydration
49,Female,57.35,3.64,Moderate,Hydrated
56,Female,50.1,3.16,Low,Hydrated
27,Female,72.41,3.48,Low,Hydrated
50,Female,76.7,2.59,High,At Risk of Dehydration
35,Male,64.04,3.13,High,At Risk of Dehydration
32,Female,60.67,1.5,Moderate,At Risk of Dehydration
42,Female,69.37,3.61,Low,At Risk of Dehydration
21,Female,87.34,2.52,Moderate,Hydrated
30,Female,67.31,2.64,High,At Risk of Dehydration
52,Male,46.17,1.08,High,At Risk of Dehydration
38,Male,98.04,2.49,Moderate,Hydrated
21,Male,48.39,2.67,Low,Hydrated
34,Male,76.51,3.29,Low,Hydrated
57,Male,57.97,3.15,Low,At Risk of Dehydration
44,Female,62.06,2.03,Low,At Risk of Dehydration
53,Male,56.68,2.46,Low,Hydrated
43,Male,96.37,1.03,High,At Risk of Dehydration
21,Male,72.77,2.13,Low,At Risk of Dehydration
52,Male,53.24,2.53,Low,Hydrated
48,Male,50.95,3.95,Low,Hydrated
52,Male,80.71,2.38,Moderate,Hydrated
48,Male,65.22,2.88,High,At Risk of Dehydration
58,Female,52.49,3.57,Low,Hydrated
46,Male,69.42,2.93,High,At Risk of Dehydration
24,Male,86.83,2.01,High,At Risk of Dehydration
38,Male,91.11,1.76,Moderate,At Risk of Dehydration
22,Male,87.89,2.82,Moderate,Hydrated
54,Female,50.55,3.05,Low,Hydrated
31,Female,83.99,2.69,Moderate,At Risk of Dehydration
45,Female,93.36,3.81,Moderate,Hydrated
29,Female,92.17,3.08,High,At Risk of Dehydration
48,Female,67.37,3.96,High,Hydrated
35,Male,79.07,2.09,Moderate,At Risk of Dehydration
35,Male,95.06,3.57,Low,Hydrated
52,Male,74.04,3.84,High,Hydrated
33,Female,62.44,3.89,High,Hydrated
36,Female,63.98,1.75,Low,At Risk of Dehydration
20,Female,82.18,3.2,Low,Hydrated
39,Male,99.91,2.45,Moderate,Hydrated
26,Male,67.54,2.91,Moderate,Hydrated
54,Female,77.81,3.16,High,At Risk of Dehydration
27,Female,85.79,2.98,Moderate,Hydrated
39,Male,60.33,1.75,Low,At Risk of Dehydration
18,Male,96.93,3.72,Moderate,Hydrated
51,Female,57.79,1.93,High,At Risk of Dehydration
21,Male,67.3,2.85,Moderate,At Risk of Dehydration
37,Male,58.32,3.37,Low,Hydrated
35,Female,83.16,3.02,Low,Hydrated
31,Female,51.48,3.45,High,Hydrated
58,Male,77.59,3.13,High,At Risk of Dehydration
34,Female,84.14,3.34,Low,Hydrated
25,Female,77.83,2.24,Moderate,At Risk of Dehydration
39,Female,54.1,2.16,Moderate,At Risk of Dehydration
43,Female,58.9,2.72,Moderate,At Risk of Dehydration
53,Male,84.56,1.35,High,At Risk of Dehydration
49,Male,97.93,2.69,Low,At Risk of Dehydration
24,Male,72.1,3.11,Moderate,At Risk of Dehydration
38,Male,62.37,3.59,High,Hydrated
24,Male,83.17,2.22,High,At Risk of Dehydration
25,Female,50.58,1.72,High,At Risk of Dehydration
25,Female,55.72,1.97,High,At Risk of Dehydration
42,Male,54.81,1.11,Moderate,At Risk of Dehydration
30,Female,97.85,1.53,High,At Risk of Dehydration
23,Female,49.87,2.39,Low,Hydrated
58,Female,93.71,1.28,High,At Risk of Dehydration
44,Female,59.07,1.87,Low,Hydrated
33,Female,69.74,2.51,Moderate,At Risk of Dehydration
25,Female,45.29,1.74,Moderate,At Risk of Dehydration
53,Male,82.76,3.63,High,Hydrated
31,Female,60.85,2.66,High,Hydrated
44,Male,87.77,2.35,Moderate,Hydrated
26,Female,92.3,3.46,Moderate,Hydrated
59,Male,89.21,3.5,Low,Hydrated
32,Female,67.53,1.98,Moderate,At Risk of Dehydration
53,Female,86.87,3.89,Low,Hydrated
27,Male,65.04,2.7,Moderate,Hydrated
36,Male,52.7,1.44,Moderate,At Risk of Dehydration
58,Female,99.58,1.94,Low,At Risk of Dehydration
53,Male,93.26,3.27,Moderate,At Risk of Dehydration
53,Female,53.63,2.98,High,At Risk of Dehydration
48,Female,70.1,1.34,Low,At Risk of Dehydration
23,Male,61.51,2.72,High,At Risk of Dehydration
28,Female,59.54,1.6,High,At Risk of Dehydration
53,Male,67.33,3.71,High,Hydrated
46,Female,60.42,2.86,High,At Risk of Dehydration
47,Male,66.54,2.53,Low,At Risk of Dehydration
31,Female,58.24,1.39,High,At Risk of Dehydration
23,Female,95.86,1.57,Moderate,At Risk of Dehydration
30,Male,85.33,1.67,Low,At Risk of Dehydration
38,Female,54.24,2.01,Low,At Risk of Dehydration
55,Female,56.33,3.91,High,Hydrated
48,Male,98.24,2.37,Moderate,At Risk of Dehydration
49,Male,98.31,3.86,Moderate,Hydrated
56,Female,48.37,2.78,Moderate,At Risk of Dehydration
54,Female,87.47,3.7,High,Hydrated
38,Male,99.46,2.36,Moderate,At Risk of Dehydration
48,Male,45.93,3.07,High,Hydrated
20,Female,88.23,2.37,Low,At Risk of Dehydration
24,Male,60.37,1.95,Moderate,At Risk of Dehydration
50,Male,65.48,1.18,Moderate,At Risk of Dehydration
58,Female,61.13,2.48,Low,At Risk of Dehydration
36,Female,68.82,1.78,Moderate,At Risk of Dehydration
55,Male,82.01,3.77,High,Hydrated
46,Female,63.39,3.91,Moderate,Hydrated
37,Female,86.54,2.61,Moderate,At Risk of Dehydration
51,Female,97.1,1.89,Low,At Risk of Dehydration
52,Male,96.98,1.25,Low,At Risk of Dehydration
40,Male,82.34,1.42,High,At Risk of Dehydration
43,Male,77.41,2.49,High,At Risk of Dehydration
20,Male,58.93,1.45,High,At Risk of Dehydration
18,Female,60.91,1.32,Low,At Risk of Dehydration
21,Female,72.73,1.06,Moderate,At Risk of Dehydration
53,Male,95.47,1.75,Moderate,At Risk of Dehydration
50,Male,64.07,3.79,Low,Hydrated
54,Female,76.88,3.33,High,At Risk of Dehydration
19,Female,79.79,1.98,High,At Risk of Dehydration
25,Female,89.68,2.46,High,At Risk of Dehydration
55,Female,81.73,2.29,High,At Risk of Dehydration
19,Female,70.74,1.38,High,At Risk of Dehydration
42,Female,73.62,3.86,Moderate,At Risk of Dehydration
23,Male,86.23,1.22,Moderate,At Risk of Dehydration
46,Female,55.31,1.3,Moderate,At Risk of Dehydration
36,Male,76.88,3.13,High,At Risk of Dehydration
27,Male,59.12,1.98,Moderate,At Risk of Dehydration
21,Male,73.17,2.62,Moderate,Hydrated
19,Male,99.19,2.93,Low,At Risk of Dehydration
46,Female,73.61,1.7,High,At Risk of Dehydration
25,Female,63.76,1.78,Moderate,At Risk of Dehydration
29,Female,96.32,3.08,High,Hydrated
18,Male,74.22,3.93,Low,Hydrated
56,Male,73.95,2.19,Low,At Risk of Dehydration
28,Male,75.49,1.35,High,At Risk of Dehydration
45,Male,94.44,3.32,Moderate,At Risk of Dehydration
46,Male,63.43,1.37,Low,At Risk of Dehydration
26,Male,77.82,3.45,Moderate,Hydrated
49,Male,49.69,2.89,High,Hydrated
37,Male,71.71,3.37,High,Hydrated
55,Female,57.29,3.26,High,Hydrated
25,Male,49.07,2.04,Moderate,At Risk of Dehydration
41,Male,50.04,3.24,Low,Hydrated
55,Female,45.64,3.95,High,At Risk of Dehydration
22,Male,70.14,2.72,High,At Risk of Dehydration
50,Male,60.44,1.49,Low,At Risk of Dehydration
41,Female,94.96,2.06,Low,At Risk of Dehydration
58,Male,92.04,2.81,Low,Hydrated
31,Male,70.75,2.33,High,At Risk of Dehydration
27,Male,57.1,2.97,Low,Hydrated
52,Female,45.52,1.26,Moderate,At Risk of Dehydration
54,Female,86.23,2.88,High,At Risk of Dehydration
32,Male,73.91,3.73,Moderate,Hydrated
26,Male,51.53,2.06,Moderate,At Risk of Dehydration
57,Male,91.26,3.65,High,At Risk of Dehydration
59,Female,54.16,3.06,Moderate,Hydrated
27,Female,47.84,2.94,Low,Hydrated
56,Male,96.51,1.48,High,At Risk of Dehydration
22,Female,48.31,2.64,High,At Risk of Dehydration
44,Male,88.64,3.26,Moderate,Hydrated
32,Male,53.43,1.62,Low,At Risk of Dehydration
28,Male,46.58,2.33,Moderate,At Risk of Dehydration
53,Female,56.96,3.61,Low,At Risk of Dehydration
20,Female,63.03,3.55,Moderate,Hydrated
38,Male,83.37,1.96,Low,At Risk of Dehydration
28,Female,69.47,2.8,Moderate,At Risk of Dehydration
40,Female,61.47,3.39,Low,Hydrated
22,Male,87.27,2.65,High,At Risk of Dehydration
55,Female,90.6,2.93,Low,Hydrated
43,Female,69.2,2.07,Low,At Risk of Dehydration
36,Male,85.36,2.62,Low,At Risk of Dehydration
49,Female,73.72,1.18,Low,At Risk of Dehydration
30,Female,46.64,2.31,High,Hydrated
22,Male,88.38,3.81,Moderate,Hydrated
52,Male,76.1,1.71,Low,At Risk of Dehydration
21,Female,93.76,2.3,Moderate,At Risk of Dehydration
39,Male,96.55,2.23,High,At Risk of Dehydration
29,Male,67.71,1.24,Moderate,At Risk of Dehydration
23,Male,85.73,3.8,High,Hydrated
44,Female,51.32,2.64,Moderate,Hydrated
24,Male,78.64,2.83,High,At Risk of Dehydration
32,Male,81.24,1.44,High,Hydrated
43,Female,87.16,1.0,High,At Risk of Dehydration
29,Male,76.44,2.62,Low,At Risk of Dehydration
20,Male,48.4,3.52,Low,Hydrated
47,Female,45.88,1.26,Moderate,At Risk of Dehydration
22,Female,73.62,2.89,Low,At Risk of Dehydration
40,Male,84.15,2.45,Low,Hydrated
37,Male,45.09,1.91,Low,At Risk of Dehydration
18,Male,72.62,2.24,Moderate,At Risk of Dehydration
54,Male,64.78,2.07,Low,At Risk of Dehydration
49,Male,86.74,2.95,High,At Risk of Dehydration
51,Female,60.89,2.0,Moderate,At Risk of Dehydration
39,Female,94.63,4.0,Moderate,Hydrated
51,Female,78.11,2.38,Moderate,Hydrated
48,Male,72.49,1.73,Moderate,At Risk of Dehydration
51,Female,92.47,1.5,High,At Risk of Dehydration
25,Female,92.01,2.14,Moderate,At Risk of Dehydration
49,Male,47.2,1.99,High,At Risk of Dehydration
27,Female,89.23,2.39,Low,At Risk of Dehydration
56,Male,81.19,1.39,Moderate,At Risk of Dehydration
49,Male,96.22,2.47,High,At Risk of Dehydration
22,Female,77.37,2.1,High,At Risk of Dehydration
41,Male,82.12,2.7,High,At Risk of Dehydration
48,Male,61.94,2.21,High,At Risk of Dehydration
54,Male,53.31,3.52,Low,Hydrated
57,Male,78.84,1.77,Low,At Risk of Dehydration
42,Female,48.0,1.42,Moderate,At Risk of Dehydration
18,Male,47.24,3.35,Low,Hydrated
34,Female,60.66,3.24,High,At Risk of Dehydration
58,Male,95.0,1.2,Moderate,At Risk of Dehydration
26,Male,97.53,3.07,High,At Risk of Dehydration
42,Male,77.08,2.5,Moderate,Hydrated
22,Male,89.2,2.83,Low,At Risk of Dehydration
42,Female,81.42,3.47,Low,At Risk of Dehydration
36,Female,83.1,1.13,Low,At Risk of Dehydration
54,Female,85.24,3.01,Moderate,At Risk of Dehydration
25,Male,54.35,3.8,Low,Hydrated
51,Female,68.31,3.74,High,Hydrated
32,Male,62.99,2.98,High,Hydrated
21,Male,50.72,3.71,Moderate,Hydrated
31,Male,46.57,2.31,Low,At Risk of Dehydration
56,Male,58.63,2.91,Moderate,At Risk of Dehydration
59,Female,77.41,3.04,High,At Risk of Dehydration
45,Female,64.62,3.04,High,At Risk of Dehydration
35,Female,84.9,2.62,High,At Risk of Dehydration
51,Female,75.52,2.14,Low,Hydrated
33,Male,89.47,2.14,Moderate,At Risk of Dehydration
37,Female,51.87,1.19,High,At Risk of Dehydration
39,Male,61.12,1.06,Low,At Risk of Dehydration
35,Male,51.54,1.25,Moderate,At Risk of Dehydration
56,Male,59.5,3.18,High,At Risk of Dehydration
59,Male,59.34,2.29,Moderate,At Risk of Dehydration
56,Male,90.88,2.51,Moderate,At Risk of Dehydration
53,Male,90.55,1.85,Moderate,At Risk of Dehydration
46,Female,51.2,2.11,Moderate,Hydrated
39,Male,99.18,1.62,Low,At Risk of Dehydration
43,Female,87.87,1.15,Moderate,At Risk of Dehydration
46,Female,52.12,1.21,Moderate,At Risk of Dehydration
20,Male,99.22,3.51,High,At Risk of Dehydration
55,Male,95.09,1.63,Low,At Risk of Dehydration
43,Female,69.49,1.09,Moderate,At Risk of Dehydration
42,Male,61.87,2.84,Low,Hydrated
27,Female,50.67,3.71,Moderate,At Risk of Dehydration
45,Male,53.91,2.46,Moderate,Hydrated
46,Female,53.09,3.8,Low,Hydrated
53,Female,46.52,2.05,Moderate,At Risk of Dehydration
46,Male,91.87,2.28,High,At Risk of Dehydration
59,Female,59.01,3.58,Low,Hydrated
43,Female,91.76,3.32,Low,At Risk of Dehydration
59,Female,48.15,1.7,High,At Risk of Dehydration
40,Male,99.67,2.91,Low,At Risk of Dehydration
35,Female,81.2,3.78,Moderate,Hydrated
32,Female,46.17,2.65,High,At Risk of Dehydration
30,Male,63.45,3.51,Low,Hydrated
20,Female,80.74,3.71,High,Hydrated
59,Male,81.91,1.8,Low,At Risk of Dehydration
30,Female,89.86,1.27,Moderate,At Risk of Dehydration
22,Male,88.57,1.05,High,At Risk of Dehydration
34,Female,58.01,3.74,High,At Risk of Dehydration
59,Female,55.02,2.51,Moderate,At Risk of Dehydration
39,Male,84.32,2.18,High,At Risk of Dehydration
59,Female,77.19,3.08,Moderate,At Risk of Dehydration
33,Male,95.63,2.73,High,At Risk of Dehydration
24,Male,58.45,1.08,High,At Risk of Dehydration
59,Male,53.42,2.92,Low,Hydrated
51,Female,76.92,3.45,Moderate,Hydrated
45,Male,46.94,1.29,Low,At Risk of Dehydration
58,Female,58.73,1.02,Low,At Risk of Dehydration
31,Female,58.74,2.09,High,At Risk of Dehydration
19,Female,96.27,3.36,Low,At Risk of Dehydration
24,Male,45.39,3.83,High,Hydrated
30,Male,87.68,3.57,Low,Hydrated
33,Male,57.86,1.4,Low,At Risk of Dehydration
57,Male,66.12,3.82,High,Hydrated
33,Female,79.67,2.35,Low,At Risk of Dehydration
52,Male,47.46,2.0,High,At Risk of Dehydration
19,Male,97.24,3.08,Moderate,Hydrated
30,Male,50.14,1.13,High,At Risk of Dehydration
30,Female,94.76,2.66,Low,Hydrated
40,Male,87.9,1.55,Moderate,At Risk of Dehydration
27,Female,74.61,2.61,Moderate,Hydrated
30,Female,45.89,3.59,High,Hydrated
52,Female,58.5,3.5,Moderate,Hydrated
52,Male,99.18,1.05,Moderate,At Risk of Dehydration
54,Female,68.81,1.9,Moderate,At Risk of Dehydration
41,Male,77.5,2.49,Low,At Risk of Dehydration
47,Female,49.12,1.67,High,At Risk of Dehydration
50,Female,79.38,1.85,Low,At Risk of Dehydration
34,Female,61.51,2.53,High,At Risk of Dehydration
51,Female,95.99,1.02,High,At Risk of Dehydration
31,Male,58.89,2.48,Moderate,At Risk of Dehydration
40,Male,98.55,2.54,High,At Risk of Dehydration
59,Female,57.44,3.95,Moderate,Hydrated
29,Female,71.63,1.76,Low,At Risk of Dehydration
58,Female,52.07,3.33,Moderate,Hydrated
40,Female,49.69,1.19,Moderate,At Risk of Dehydration
22,Male,86.13,2.45,Moderate,At Risk of Dehydration
37,Male,51.44,1.88,Low,At Risk of Dehydration
23,Male,92.78,1.73,Moderate,At Risk of Dehydration
51,Male,99.61,2.42,High,Hydrated
32,Female,75.75,1.55,Low,At Risk of Dehydration
22,Female,69.55,2.1,Moderate,Hydrated
23,Female,57.9,3.63,Low,Hydrated
21,Male,65.54,2.89,Low,At Risk of Dehydration
54,Male,90.61,3.12,Low,At Risk of Dehydration
48,Male,85.26,1.24,High,At Risk of Dehydration
27,Male,73.92,2.79,Low,At Risk of Dehydration
57,Female,51.0,2.43,High,At Risk of Dehydration
40,Male,61.78,1.34,Low,At Risk of Dehydration
51,Male,67.32,2.09,High,At Risk of Dehydration
57,Female,91.63,3.24,Low,Hydrated
38,Male,59.23,2.3,Moderate,At Risk of Dehydration
19,Female,93.65,2.05,Low,Hydrated
29,Female,65.26,1.74,High,At Risk of Dehydration
52,Male,84.61,1.99,Low,At Risk of Dehydration
42,Male,61.07,3.89,Low,Hydrated
28,Male,76.31,2.46,High,At Risk of Dehydration
57,Female,62.12,2.19,Moderate,At Risk of Dehydration
26,Female,64.95,1.8,High,At Risk of Dehydration
23,Male,73.68,3.75,Moderate,Hydrated
49,Male,92.56,3.33,High,At Risk of Dehydration
18,Male,94.44,1.39,Low,At Risk of Dehydration
49,Female,63.01,3.14,High,Hydrated
40,Female,66.15,2.62,Low,Hydrated
40,Male,84.12,1.73,Moderate,At Risk of Dehydration
20,Female,95.73,2.51,Low,At Risk of Dehydration
54,Male,78.39,2.43,Low,At Risk of Dehydration
48,Male,64.56,1.15,Moderate,At Risk of Dehydration
48,Female,71.03,2.14,Low,At Risk of Dehydration
35,Male,72.21,2.09,Low,At Risk of Dehydration
55,Female,57.76,2.52,Moderate,Hydrated
27,Female,71.46,3.95,Moderate,Hydrated
37,Male,58.47,2.13,Low,At Risk of Dehydration
34,Female,72.86,1.17,High,At Risk of Dehydration
21,Male,91.42,1.8,Moderate,At Risk of Dehydration
47,Male,57.09,2.23,High,At Risk of Dehydration
38,Male,69.14,3.58,Moderate,Hydrated
33,Male,80.01,3.33,Moderate,At Risk of Dehydration
53,Male,83.27,3.59,Moderate,At Risk of Dehydration
32,Male,77.33,3.4,High,At Risk of Dehydration
21,Female,92.57,3.96,High,Hydrated
27,Female,93.49,3.39,High,At Risk of Dehydration
52,Female,94.86,1.5,High,At Risk of Dehydration
26,Male,95.82,3.33,High,Hydrated
45,Female,53.7,1.14,High,At Risk of Dehydration
21,Male,68.39,2.19,Moderate,At Risk of Dehydration
36,Male,73.9,2.52,Moderate,Hydrated
37,Male,95.38,3.99,Low,At Risk of Dehydration
58,Female,81.02,3.24,High,At Risk of Dehydration
35,Female,75.11,3.0,High,At Risk of Dehydration
50,Female,46.77,2.82,Moderate,At Risk of Dehydration
46,Female,84.94,1.57,Low,At Risk of Dehydration
33,Female,84.04,3.51,Low,Hydrated
32,Female,67.48,1.5,Moderate,At Risk of Dehydration
39,Female,84.13,3.65,Low,Hydrated
41,Male,99.21,1.91,Moderate,At Risk of Dehydration
53,Male,70.87,2.57,High,At Risk of Dehydration
20,Female,77.43,2.83,Low,At Risk of Dehydration
18,Male,96.91,3.28,Moderate,Hydrated
32,Male,53.43,1.8,High,At Risk of Dehydration
24,Female,64.56,2.72,Moderate,At Risk of Dehydration
32,Male,65.02,2.69,High,At Risk of Dehydration
58,Male,45.76,1.58,High,Hydrated
32,Female,56.92,2.72,High,At Risk of Dehydration
23,Female,52.86,2.69,Low,At Risk of Dehydration
36,Female,92.59,3.95,High,Hydrated
47,Female,96.99,1.02,High,At Risk of Dehydration
42,Female,51.34,2.03,High,At Risk of Dehydration
28,Female,85.28,1.59,Moderate,At Risk of Dehydration
47,Male,84.91,2.69,Low,At Risk of Dehydration
42,Male,82.13,1.42,High,At Risk of Dehydration
50,Male,60.38,1.03,Moderate,At Risk of Dehydration
35,Female,53.62,1.2,High,At Risk of Dehydration
36,Female,82.88,1.5,Low,At Risk of Dehydration
53,Male,94.5,2.42,Low,At Risk of Dehydration
18,Female,72.68,1.29,High,At Risk of Dehydration
51,Female,77.37,2.23,Low,Hydrated
42,Female,90.71,3.77,Moderate,Hydrated
25,Male,98.83,2.4,High,At Risk of Dehydration
34,Male,60.04,1.99,Moderate,At Risk of Dehydration
40,Male,83.23,1.98,High,At Risk of Dehydration
58,Male,51.35,3.03,Moderate,Hydrated
47,Female,49.49,2.08,Low,At Risk of Dehydration
36,Male,59.83,1.41,Moderate,At Risk of Dehydration
22,Female,93.87,1.33,High,At Risk of Dehydration
20,Male,85.53,1.81,High,At Risk of Dehydration
56,Male,73.34,2.05,High,At Risk of Dehydration
53,Male,79.78,1.69,High,At Risk of Dehydration
26,Male,81.56,1.03,High,At Risk of Dehydration
33,Male,53.39,3.89,High,At Risk of Dehydration
29,Female,82.08,1.11,Moderate,At Risk of Dehydration
49,Male,74.62,3.32,High,Hydrated
48,Male,45.74,1.1,Moderate,At Risk of Dehydration
36,Male,95.74,2.1,High,At Risk of Dehydration
30,Male,73.01,1.6,Low,Hydrated
45,Female,85.75,2.81,High,Hydrated
30,Female,52.64,2.08,Moderate,At Risk of Dehydration
35,Male,74.32,3.32,Moderate,Hydrated
51,Female,78.36,2.65,High,At Risk of Dehydration
34,Female,95.25,1.05,Low,At Risk of Dehydration
28,Male,57.02,2.88,High,At Risk of Dehydration
51,Female,76.62,3.81,Moderate,Hydrated
46,Female,71.49,1.72,High,At Risk of Dehydration
59,Female,59.83,1.06,High,At Risk of Dehydration
51,Female,78.46,1.25,Low,At Risk of Dehydration
22,Male,91.39,1.52,Moderate,At Risk of Dehydration
28,Female,64.9,3.92,Moderate,At Risk of Dehydration
25,Male,68.51,3.09,Moderate,Hydrated
34,Male,61.4,2.76,High,At Risk of Dehydration
21,Female,91.15,2.17,Moderate,At Risk of Dehydration
44,Female,48.99,1.73,Moderate,Hydrated
56,Female,58.38,3.98,High,Hydrated
53,Female,59.36,2.4,Moderate,Hydrated
59,Female,83.14,2.17,Low,At Risk of Dehydration
34,Female,61.51,2.53,High,At Risk of Dehydration
25,Female,59.36,1.38,Moderate,At Risk of Dehydration
38,Female,71.78,3.1,Low,Hydrated
47,Male,88.3,1.16,Moderate,At Risk of Dehydration
36,Female,93.9,2.64,High,At Risk of Dehydration
21,Male,57.79,1.58,High,At Risk of Dehydration
25,Female,66.1,2.12,Low,At Risk of Dehydration
40,Male,66.62,2.39,High,At Risk of Dehydration
20,Male,45.0,2.3,Low,At Risk of Dehydration
42,Male,46.35,3.51,High,Hydrated
23,Male,53.32,2.35,High,At Risk of Dehydration
34,Male,88.39,2.48,Moderate,Hydrated
28,Male,69.0,1.88,High,At Risk of Dehydration
55,Male,47.76,3.59,Low,Hydrated
24,Female,73.13,3.49,Moderate,Hydrated
20,Male,75.54,3.26,Low,At Risk of Dehydration
43,Male,85.09,1.98,Low,At Risk of Dehydration
54,Female,67.27,3.19,Low,Hydrated
34,Male,50.51,3.89,Low,Hydrated
22,Female,79.14,1.17,Low,At Risk of Dehydration
57,Male,45.01,3.05,High,Hydrated
55,Female,99.52,2.64,Low,At Risk of Dehydration
26,Male,71.76,3.07,High,At Risk of Dehydration
58,Male,57.1,1.54,Low,Hydrated
34,Female,68.72,3.58,Moderate,Hydrated
51,Female,76.62,3.81,Moderate,Hydrated
53,Female,61.61,3.62,Low,Hydrated
28,Male,95.15,1.78,High,At Risk of Dehydration
28,Male,80.54,1.56,Low,At Risk of Dehydration
51,Female,91.73,1.3,Low,At Risk of Dehydration
52,Male,48.88,3.71,Moderate,Hydrated
55,Male,57.18,2.9,Low,Hydrated
51,Male,67.79,1.43,Moderate,At Risk of Dehydration
36,Female,99.23,3.08,Low,At Risk of Dehydration
30,Male,98.75,3.47,High,At Risk of Dehydration
55,Male,66.83,2.8,High,At Risk of Dehydration
34,Male,49.56,2.0,Low,At Risk of Dehydration
50,Female,97.08,1.39,High,At Risk of Dehydration
21,Male,46.77,3.4,Moderate,Hydrated
51,Female,91.73,1.3,Low,At Risk of Dehydration
33,Female,46.46,1.46,Moderate,At Risk of Dehydration
58,Male,87.34,1.82,Moderate,At Risk of Dehydration
52,Male,91.48,2.94,Moderate,Hydrated
31,Male,56.14,1.51,Moderate,At Risk of Dehydration
33,Male,54.28,2.95,High,At Risk of Dehydration
34,Male,76.77,2.03,Low,At Risk of Dehydration
36,Male,83.37,1.88,High,At Risk of Dehydration
23,Female,52.12,1.62,High,At Risk of Dehydration
42,Male,57.83,3.84,Low,Hydrated
54,Female,61.17,3.45,Low,Hydrated
51,Female,45.77,3.01,High,Hydrated
47,Female,53.93,3.08,Low,At Risk of Dehydration
51,Male,83.4,2.02,Low,At Risk of Dehydration
19,Male,65.57,3.92,Moderate,Hydrated
25,Female,47.85,1.12,Moderate,At Risk of Dehydration
24,Female,65.19,1.87,Low,At Risk of Dehydration
56,Female,87.1,2.3,Moderate,At Risk of Dehydration
25,Female,48.63,1.56,High,At Risk of Dehydration
21,Female,61.09,1.12,High,At Risk of Dehydration
54,Female,78.89,2.59,Low,At Risk of Dehydration
23,Female,73.78,3.32,Moderate,Hydrated
53,Male,92.86,3.3,Low,Hydrated
21,Male,47.6,1.06,Low,At Risk of Dehydration
28,Female,55.09,1.57,High,At Risk of Dehydration
45,Female,86.17,3.73,Moderate,Hydrated
26,Female,60.55,1.57,High,At Risk of Dehydration
45,Male,56.01,1.06,High,At Risk of Dehydration
30,Male,88.95,2.94,Low,At Risk of Dehydration
48,Female,89.56,1.19,Low,At Risk of Dehydration
59,Female,47.0,1.5,High,At Risk of Dehydration
20,Male,82.38,3.93,Moderate,Hydrated
26,Male,65.52,1.82,High,At Risk of Dehydration
48,Male,45.19,1.56,Low,At Risk of Dehydration
37,Female,88.23,2.54,Low,At Risk of Dehydration
24,Female,94.57,1.52,Low,At Risk of Dehydration
47,Female,54.04,3.84,Low,Hydrated
59,Male,48.77,2.59,High,Hydrated
56,Male,73.79,1.49,High,At Risk of Dehydration
56,Female,97.01,2.23,Low,Hydrated
32,Female,67.89,1.1,Low,At Risk of Dehydration
41,Female,60.02,3.14,High,At Risk of Dehydration
57,Male,88.74,1.31,Moderate,At Risk of Dehydration
49,Male,91.91,3.95,Low,Hydrated
54,Male,99.55,1.58,High,At Risk of Dehydration
54,Male,62.74,1.07,Low,At Risk of Dehydration
40,Female,83.65,3.56,Moderate,Hydrated
38,Male,82.55,2.02,Low,At Risk of Dehydration
27,Male,83.34,1.81,Moderate,At Risk of Dehydration
21,Male,59.79,1.91,Low,At Risk of Dehydration
39,Male,83.95,1.2,Low,At Risk of Dehydration
53,Female,61.25,2.31,High,At Risk of Dehydration
18,Female,79.81,3.07,Low,At Risk of Dehydration
46,Male,79.02,3.49,High,At Risk of Dehydration
27,Female,75.81,2.64,Low,Hydrated
30,Female,86.63,3.68,High,At Risk of Dehydration
32,Female,90.26,2.04,Moderate,At Risk of Dehydration
44,Male,77.6,1.92,Low,At Risk of Dehydration
48,Male,69.09,2.55,Low,At Risk of Dehydration
44,Male,94.75,3.82,High,At Risk of Dehydration
57,Female,56.96,1.07,High,At Risk of Dehydration
51,Female,70.68,1.61,Low,At Risk of Dehydration
30,Male,68.85,2.78,Low,Hydrated
40,Female,71.46,1.26,Moderate,At Risk of Dehydration
21,Male,50.94,3.27,Low,Hydrated
59,Female,68.91,3.91,High,Hydrated
31,Male,49.7,2.17,Moderate,At Risk of Dehydration
55,Male,98.5,1.23,High,At Risk of Dehydration
47,Female,68.52,1.42,Low,At Risk of Dehydration
32,Female,56.0,3.56,High,Hydrated
41,Female,60.52,2.43,High,At Risk of Dehydration
31,Female,75.7,2.87,Low,At Risk of Dehydration
57,Female,54.81,1.59,Low,At Risk of Dehydration
42,Female,95.05,1.02,Low,At Risk of Dehydration
43,Female,48.72,3.68,Low,Hydrated
46,Male,55.48,1.28,Moderate,At Risk of Dehydration
42,Male,82.9,2.97,Low,Hydrated
59,Female,53.85,3.6,Moderate,Hydrated
57,Female,63.9,3.95,High,Hydrated
19,Female,64.84,3.86,Moderate,Hydrated
27,Male,81.62,3.84,Moderate,Hydrated
42,Female,45.85,3.06,Moderate,Hydrated
26,Male,55.56,3.13,Low,Hydrated
30,Female,75.0,1.46,Low,At Risk of Dehydration
26,Male,61.49,3.46,Low,Hydrated
47,Male,82.4,2.01,Moderate,At Risk of Dehydration
57,Male,49.75,2.46,Moderate,At Risk of Dehydration
50,Male,75.17,2.64,Low,At Risk of Dehydration
46,Female,78.66,3.3,Low,Hydrated
47,Male,61.33,3.2,High,Hydrated
19,Male,80.87,1.08,Low,At Risk of Dehydration
23,Male,68.75,1.85,Low,At Risk of Dehydration
33,Male,62.38,1.2,High,At Risk of Dehydration
55,Female,46.97,1.85,Moderate,At Risk of Dehydration
49,Female,53.34,1.91,High,At Risk of Dehydration
32,Female,77.94,3.2,Moderate,Hydrated
51,Female,58.44,2.84,Low,Hydrated
21,Female,91.49,2.21,High,At Risk of Dehydration
34,Male,49.32,1.25,Moderate,At Risk of Dehydration
24,Female,46.67,2.43,Low,At Risk of Dehydration
42,Female,61.62,3.8,Moderate,Hydrated
33,Female,63.54,2.8,Moderate,At Risk of Dehydration
31,Female,77.77,3.15,Moderate,At Risk of Dehydration
27,Male,63.94,3.83,Moderate,At Risk of Dehydration
22,Female,49.87,2.43,Moderate,At Risk of Dehydration
55,Male,66.85,1.73,Moderate,At Risk of Dehydration
22,Female,62.74,1.85,Low,At Risk of Dehydration
40,Male,62.94,2.93,Moderate,Hydrated
20,Male,87.27,1.62,Low,At Risk of Dehydration
26,Female,86.71,2.55,Moderate,Hydrated
53,Female,54.38,2.14,Low,Hydrated
40,Female,81.41,1.78,Moderate,At Risk of Dehydration
40,Female,59.02,1.87,Moderate,At Risk of Dehydration
52,Male,85.61,1.34,Low,At Risk of Dehydration
53,Male,66.84,2.34,Low,At Risk of Dehydration
42,Female,79.36,2.37,High,At Risk of Dehydration
43,Female,49.55,3.81,Moderate,Hydrated
39,Female,53.57,1.52,Low,At Risk of Dehydration
42,Male,52.08,1.51,Moderate,At Risk of Dehydration
40,Male,46.23,1.89,High,At Risk of Dehydration
25,Female,64.8,3.3,Moderate,Hydrated
21,Female,52.6,2.53,Low,At Risk of Dehydration
33,Male,83.5,3.31,Moderate,Hydrated
33,Female,99.61,1.8,High,At Risk of Dehydration
52,Male,64.07,2.77,High,At Risk of Dehydration
54,Female,85.59,3.64,High,Hydrated
53,Female,47.64,3.85,Moderate,Hydrated
34,Female,82.61,2.08,Moderate,At Risk of Dehydration
58,Male,46.45,1.92,Low,At Risk of Dehydration
33,Female,61.11,1.55,Moderate,At Risk of Dehydration
51,Male,83.72,1.09,High,At Risk of Dehydration
19,Male,83.76,2.85,High,At Risk of Dehydration
32,Female,57.94,2.25,Moderate,At Risk of Dehydration
26,Male,77.26,2.45,Low,Hydrated
26,Male,59.64,3.48,Moderate,Hydrated
33,Female,85.52,3.24,Low,At Risk of Dehydration
57,Female,96.4,1.27,High,At Risk of Dehydration
54,Female,62.94,2.82,High,At Risk of Dehydration
33,Female,50.33,1.91,Moderate,Hydrated
21,Female,58.51,3.7,Moderate,Hydrated
33,Female,84.78,2.38,Low,At Risk of Dehydration
27,Female,45.94,3.17,Low,Hydrated
46,Male,61.02,3.83,Low,Hydrated
42,Male,79.1,2.08,High,At Risk of Dehydration
18,Female,77.87,2.39,Moderate,At Risk of Dehydration
51,Female,74.19,2.04,Low,At Risk of Dehydration
43,Male,52.48,2.86,Low,At Risk of Dehydration
45,Male,93.47,1.07,High,At Risk of Dehydration
55,Female,93.61,3.16,High,At Risk of Dehydration
36,Male,54.3,2.69,Moderate,At Risk of Dehydration
20,Male,69.08,2.1,High,At Risk of Dehydration
40,Female,92.17,1.71,Moderate,At Risk of Dehydration
30,Male,91.98,2.67,Low,At Risk of Dehydration
29,Female,83.64,2.88,Low,Hydrated
56,Female,96.58,2.39,Moderate,Hydrated
27,Female,82.09,2.89,Moderate,Hydrated
44,Female,84.94,2.1,High,At Risk of Dehydration
50,Female,77.57,1.05,Low,At Risk of Dehydration
55,Male,72.35,3.42,Low,Hydrated
49,Female,46.12,2.86,Moderate,At Risk of Dehydration
40,Male,75.5,1.2,Moderate,At Risk of Dehydration
47,Male,65.78,2.83,High,At Risk of Dehydration
40,Female,67.06,2.5,Low,At Risk of Dehydration
26,Male,68.55,1.16,Low,At Risk of Dehydration
18,Female,84.83,2.35,Moderate,At Risk of Dehydration
46,Male,86.15,3.67,Moderate,Hydrated
51,Male,78.81,1.27,Moderate,At Risk of Dehydration
22,Female,49.66,2.0,High,At Risk of Dehydration
39,Female,57.68,2.94,Moderate,At Risk of Dehydration
26,Female,81.07,1.61,High,At Risk of Dehydration
24,Female,55.24,3.06,Moderate,At Risk of Dehydration
50,Male,95.26,3.95,High,Hydrated
47,Female,70.14,1.7,Moderate,At Risk of Dehydration
34,Male,55.94,1.14,Low,At Risk of Dehydration
26,Male,85.99,3.5,Moderate,Hydrated
47,Female,88.19,1.45,High,At Risk of Dehydration
38,Male,97.41,3.95,High,At Risk of Dehydration
20,Male,62.52,3.76,Moderate,At Risk of Dehydration
52,Female,86.41,1.36,High,At Risk of Dehydration
55,Female,64.67,2.44,Low,At Risk of Dehydration
29,Male,64.51,2.11,Moderate,At Risk of Dehydration
34,Female,76.88,1.31,Low,Hydrated
22,Female,61.34,1.51,Moderate,At Risk of Dehydration
18,Male,89.85,2.49,Moderate,At Risk of Dehydration
33,Female,97.62,3.32,Low,Hydrated
27,Female,86.52,3.49,Low,At Risk of Dehydration
26,Male,59.08,4.0,High,Hydrated
42,Female,90.37,3.49,High,At Risk of Dehydration
50,Female,48.29,1.87,Low,At Risk of Dehydration
38,Female,45.48,1.71,Low,At Risk of Dehydration
22,Male,87.27,2.65,High,At Risk of Dehydration
50,Male,69.85,3.75,Moderate,Hydrated
27,Male,50.55,2.78,Low,Hydrated
21,Female,55.97,3.57,Low,At Risk of Dehydration
24,Female,65.33,2.13,High,At Risk of Dehydration
32,Female,92.39,2.86,Moderate,At Risk of Dehydration
30,Male,49.33,2.77,Moderate,Hydrated
52,Male,72.49,2.75,Low,At Risk of Dehydration
43,Female,89.27,3.02,High,Hydrated
18,Female,81.66,1.21,Low,At Risk of Dehydration
20,Female,89.75,2.8,Low,At Risk of Dehydration
25,Male,96.36,2.02,Low,At Risk of Dehydration
30,Male,81.17,3.58,High,Hydrated
33,Male,66.22,2.31,Low,Hydrated
48,Male,48.17,3.61,Moderate,Hydrated
52,Female,68.16,1.39,Moderate,At Risk of Dehydration
41,Female,93.17,2.43,Low,Hydrated
54,Male,72.16,2.48,Moderate,Hydrated
41,Female,47.75,1.04,Low,At Risk of Dehydration
58,Male,62.24,3.51,Moderate,At Risk of Dehydration
35,Male,95.47,1.9,Moderate,At Risk of Dehydration
52,Female,58.5,3.5,Moderate,Hydrated
39,Female,76.71,2.24,Low,Hydrated
20,Male,56.48,2.62,High,Hydrated
25,Female,87.15,2.09,Moderate,At Risk of Dehydration
56,Female,96.62,3.2,High,Hydrated
58,Male,73.62,2.29,Low,At Risk of Dehydration
24,Female,86.31,1.9,Low,At Risk of Dehydration
29,Male,92.11,3.67,Moderate,Hydrated
48,Male,45.87,3.45,High,Hydrated
56,Female,73.54,3.95,High,Hydrated
32,Male,54.28,2.3,High,At Risk of Dehydration
29,Female,59.86,1.06,High,At Risk of Dehydration
32,Male,96.5,2.61,Low,Hydrated
30,Female,89.54,1.28,Moderate,At Risk of Dehydration
57,Male,88.31,2.62,Moderate,Hydrated
18,Male,72.29,2.78,High,At Risk of Dehydration
24,Female,94.97,2.81,High,At Risk of Dehydration
37,Female,88.0,1.92,Moderate,At Risk of Dehydration
27,Female,80.36,2.13,Moderate,At Risk of Dehydration
45,Male,63.12,2.48,High,Hydrated
25,Male,76.93,2.38,Low,At Risk of Dehydration
43,Male,60.1,1.77,High,At Risk of Dehydration
47,Male,61.44,3.61,Moderate,Hydrated
25,Female,46.68,1.12,High,At Risk of Dehydration
34,Female,49.05,3.65,High,At Risk of Dehydration
19,Female,86.17,1.55,Low,At Risk of Dehydration
47,Female,84.52,1.38,Moderate,At Risk of Dehydration
43,Male,68.54,2.39,Moderate,At Risk of Dehydration
41,Female,48.01,1.12,Moderate,At Risk of Dehydration
54,Male,47.36,3.67,High,Hydrated
58,Male,92.63,2.53,Moderate,At Risk of Dehydration
21,Female,70.45,1.3,High,At Risk of Dehydration
19,Female,82.08,3.22,Moderate,Hydrated
43,Female,95.64,3.22,Low,Hydrated
57,Male,64.13,1.16,Moderate,At Risk of Dehydration
38,Female,63.0,2.35,Moderate,Hydrated
21,Female,68.94,3.38,High,At Risk of Dehydration
23,Male,79.47,3.94,Low,Hydrated
33,Male,67.88,1.25,High,At Risk of Dehydration
33,Male,48.97,3.53,High,Hydrated
24,Male,50.65,3.74,Low,Hydrated
26,Female,49.76,1.31,Low,At Risk of Dehydration
28,Male,81.57,2.48,Moderate,Hydrated
19,Male,78.67,3.67,Moderate,At Risk of Dehydration
39,Male,58.13,1.63,Low,At Risk of Dehydration
28,Male,67.92,1.82,Moderate,At Risk of Dehydration
29,Female,47.39,1.28,High,At Risk of Dehydration
52,Female,64.16,1.47,Moderate,At Risk of Dehydration
53,Female,93.89,1.86,Low,At Risk of Dehydration
34,Male,70.41,1.49,Low,At Risk of Dehydration
18,Male,95.65,3.34,High,At Risk of Dehydration
18,Male,92.4,3.55,High,Hydrated
37,Female,76.14,3.2,High,At Risk of Dehydration
43,Male,72.81,1.41,High,At Risk of Dehydration
30,Male,88.21,1.43,Low,At Risk of Dehydration
19,Male,98.47,2.69,Moderate,At Risk of Dehydration
24,Male,49.7,3.26,High,At Risk of Dehydration
44,Female,89.24,1.84,Moderate,At Risk of Dehydration
32,Female,65.02,3.2,High,At Risk of Dehydration
44,Male,96.16,3.72,Moderate,Hydrated
43,Male,56.78,2.58,High,At Risk of Dehydration
46,Female,63.71,2.13,Low,At Risk of Dehydration
25,Female,79.81,1.64,Moderate,At Risk of Dehydration
28,Female,95.86,2.76,Moderate,At Risk of Dehydration
54,Male,69.33,2.15,Moderate,At Risk of Dehydration
26,Male,50.21,3.55,Low,Hydrated
30,Female,75.56,2.31,Moderate,At Risk of Dehydration
25,Male,71.43,3.54,Moderate,Hydrated
29,Male,72.71,1.1,High,At Risk of Dehydration
58,Male,66.68,2.54,Low,At Risk of Dehydration
25,Female,78.02,3.62,Moderate,Hydrated
25,Male,94.78,1.66,Moderate,At Risk of Dehydration
50,Male,80.28,3.9,Low,Hydrated
20,Male,62.43,1.86,Moderate,At Risk of Dehydration
45,Female,88.96,3.74,High,At Risk of Dehydration
28,Male,49.22,3.76,High,Hydrated
34,Male,95.57,1.92,High,At Risk of Dehydration
24,Male,97.64,1.09,Moderate,At Risk of Dehydration
59,Male,74.4,2.76,High,Hydrated
33,Male,90.02,1.18,Moderate,At Risk of Dehydration
52,Male,51.52,2.62,Low,At Risk of Dehydration
53,Female,58.58,2.16,Moderate,At Risk of Dehydration
34,Male,66.03,3.9,Moderate,Hydrated
28,Female,51.99,1.22,Low,At Risk of Dehydration
57,Female,70.45,3.2,Low,At Risk of Dehydration
54,Male,72.16,2.48,Moderate,Hydrated
19,Female,59.31,2.08,Low,At Risk of Dehydration
36,Female,60.1,2.41,Low,At Risk of Dehydration
29,Male,59.97,3.61,Low,At Risk of Dehydration
30,Female,58.78,2.5,High,At Risk of Dehydration
35,Male,55.3,3.35,High,Hydrated
33,Female,64.08,1.68,High,At Risk of Dehydration
18,Male,56.56,3.86,High,Hydrated
41,Male,59.16,1.94,Low,At Risk of Dehydration
29,Female,77.75,3.87,Low,At Risk of Dehydration
19,Male,66.63,1.3,High,At Risk of Dehydration
31,Female,81.16,2.78,Low,At Risk of Dehydration
55,Female,77.14,3.62,Moderate,Hydrated
50,Male,60.53,1.27,Moderate,Hydrated
31,Female,78.39,2.26,Low,At Risk of Dehydration
59,Male,74.86,3.22,Moderate,Hydrated
55,Female,47.81,2.01,Moderate,Hydrated
20,Female,50.94,2.18,Moderate,At Risk of Dehydration
25,Female,82.89,1.17,Moderate,At Risk of Dehydration
59,Female,73.95,2.38,Low,Hydrated
38,Male,79.15,1.83,Low,At Risk of Dehydration
53,Female,50.4,1.58,High,At Risk of Dehydration
57,Female,55.15,3.98,High,Hydrated
27,Female,59.22,2.86,High,At Risk of Dehydration
21,Female,83.23,1.5,High,At Risk of Dehydration
46,Male,99.8,3.65,High,Hydrated
27,Male,76.98,3.16,Moderate,At Risk of Dehydration
44,Female,83.6,2.53,High,At Risk of Dehydration
29,Male,70.15,1.97,Moderate,At Risk of Dehydration
40,Female,84.92,1.37,High,At Risk of Dehydration
36,Male,67.64,2.49,Moderate,At Risk of Dehydration
18,Male,79.44,2.91,High,Hydrated
26,Female,93.88,1.6,Low,At Risk of Dehydration
22,Female,53.09,2.61,Moderate,Hydrated
34,Female,56.21,3.14,Moderate,Hydrated
41,Female,82.07,1.35,High,At Risk of Dehydration
42,Male,82.98,2.77,High,Hydrated
34,Male,51.7,1.25,Low,At Risk of Dehydration
55,Female,94.42,3.74,Moderate,Hydrated
53,Male,93.6,1.54,High,At Risk of Dehydration
51,Male,93.56,1.52,Moderate,At Risk of Dehydration
36,Male,79.4,1.56,Low,At Risk of Dehydration
19,Male,46.55,3.9,High,Hydrated
35,Male,69.05,3.72,Moderate,At Risk of Dehydration
58,Male,82.68,1.03,Low,At Risk of Dehydration
57,Male,67.65,1.7,High,At Risk of Dehydration
45,Male,90.89,2.3,Low,At Risk of Dehydration
47,Male,91.66,1.13,Low,At Risk of Dehydration
33,Male,89.42,1.88,Low,At Risk of Dehydration
21,Female,78.07,2.83,High,At Risk of Dehydration
48,Female,87.04,3.43,Moderate,Hydrated
39,Male,72.75,3.54,High,Hydrated
54,Male,73.08,2.82,High,At Risk of Dehydration
48,Female,80.37,2.45,High,At Risk of Dehydration
57,Male,57.2,1.84,Low,At Risk of Dehydration
25,Female,75.1,2.12,Moderate,At Risk of Dehydration
27,Male,47.41,2.42,High,Hydrated
20,Male,98.57,2.06,Low,At Risk of Dehydration
34,Female,70.59,3.9,Moderate,Hydrated
30,Male,94.15,2.01,High,Hydrated
22,Male,79.16,1.32,Low,At Risk of Dehydration
58,Female,46.95,2.69,High,At Risk of Dehydration
48,Female,67.66,3.46,Low,At Risk of Dehydration
48,Male,97.43,2.56,Moderate,At Risk of Dehydration
30,Male,60.68,3.73,High,At Risk of Dehydration
33,Male,68.29,1.27,Moderate,At Risk of Dehydration
56,Male,88.83,3.97,Moderate,Hydrated
33,Male,54.04,3.14,Moderate,Hydrated
56,Female,53.91,3.72,Moderate,At Risk of Dehydration
46,Female,85.97,2.94,High,Hydrated
33,Male,81.92,2.39,Moderate,At Risk of Dehydration
29,Male,88.85,2.55,Moderate,At Risk of Dehydration
18,Male,58.61,1.63,Low,Hydrated
59,Female,83.82,2.4,Moderate,At Risk of Dehydration
26,Female,51.99,3.88,Low,Hydrated
24,Female,59.84,1.47,High,At Risk of Dehydration
57,Female,75.14,3.53,High,At Risk of Dehydration
45,Male,88.65,1.26,Low,At Risk of Dehydration
44,Male,62.52,1.72,Moderate,At Risk of Dehydration
58,Male,89.34,3.88,Low,Hydrated
43,Female,65.74,1.14,High,At Risk of Dehydration
23,Male,70.3,2.74,Moderate,At Risk of Dehydration
42,Female,85.65,3.65,Moderate,Hydrated
34,Male,77.66,2.04,Low,At Risk of Dehydration
48,Male,65.9,3.7,Low,Hydrated
18,Female,64.03,3.68,Low,Hydrated
42,Female,56.48,3.0,Low,At Risk of Dehydration
34,Male,71.25,3.18,Moderate,At Risk of Dehydration
34,Male,83.99,3.66,Moderate,At Risk of Dehydration
58,Female,64.87,2.37,Moderate,At Risk of Dehydration
48,Female,53.03,3.32,High,Hydrated
32,Male,92.05,2.23,High,At Risk of Dehydration
24,Male,71.82,2.29,High,At Risk of Dehydration
24,Male,71.72,3.55,High,Hydrated
21,Female,78.09,1.9,High,At Risk of Dehydration
42,Female,70.38,1.64,Low,At Risk of Dehydration
33,Male,83.49,3.45,High,Hydrated
34,Female,62.59,1.87,Moderate,Hydrated
55,Male,69.42,1.07,Low,At Risk of Dehydration
34,Male,71.87,1.89,Low,At Risk of Dehydration
53,Male,89.96,1.64,Low,At Risk of Dehydration
27,Female,70.01,3.95,Low,At Risk of Dehydration
37,Female,45.14,3.21,Moderate,Hydrated
47,Male,56.77,2.44,Moderate,Hydrated
29,Female,99.28,3.22,Low,Hydrated
49,Female,65.56,3.79,High,Hydrated
40,Male,64.1,1.36,Low,At Risk of Dehydration
56,Male,49.35,2.78,Moderate,At Risk of Dehydration
37,Female,66.07,3.43,Low,At Risk of Dehydration
33,Female,90.27,3.86,Moderate,Hydrated
22,Female,99.11,3.47,Low,At Risk of Dehydration
35,Male,58.82,1.99,High,At Risk of Dehydration
22,Female,68.79,2.27,Low,At Risk of Dehydration
41,Female,76.29,1.77,High,At Risk of Dehydration
27,Male,57.06,1.24,Moderate,At Risk of Dehydration
48,Female,55.47,3.17,Moderate,At Risk of Dehydration
27,Female,64.87,2.6,Moderate,At Risk of Dehydration
55,Male,86.42,1.28,Low,At Risk of Dehydration
56,Male,69.2,3.12,High,At Risk of Dehydration
58,Female,88.95,3.72,Moderate,Hydrated
53,Male,77.8,2.65,Moderate,At Risk of Dehydration
42,Female,85.92,1.85,Low,At Risk of Dehydration
43,Female,85.0,3.8,High,Hydrated
52,Female,83.62,2.66,Low,At Risk of Dehydration
59,Male,57.34,2.0,Low,At Risk of Dehydration
40,Male,51.78,1.77,Moderate,At Risk of Dehydration
44,Male,85.91,1.61,Moderate,At Risk of Dehydration
19,Female,51.49,3.35,High,Hydrated
35,Female,66.3,3.06,Moderate,At Risk of Dehydration
36,Male,78.47,2.64,Moderate,At Risk of Dehydration
29,Female,52.37,3.77,Moderate,Hydrated
45,Female,69.74,1.22,High,At Risk of Dehydration
25,Female,81.25,2.86,Moderate,Hydrated
30,Male,50.74,1.23,High,At Risk of Dehydration
25,Female,82.49,1.82,High,At Risk of Dehydration
27,Female,91.54,1.51,Moderate,At Risk of Dehydration
20,Female,82.66,1.11,High,At Risk of Dehydration
26,Male,64.72,1.28,High,At Risk of Dehydration
55,Male,71.23,2.03,Low,At Risk of Dehydration
57,Male,68.44,2.45,High,At Risk of Dehydration
38,Male,59.27,3.6,Moderate,Hydrated
46,Female,90.82,2.9,Low,At Risk of Dehydration
49,Male,51.22,3.43,Moderate,At Risk of Dehydration
36,Female,74.29,2.25,Low,At Risk of Dehydration
57,Female,61.37,1.29,Moderate,At Risk of Dehydration
23,Female,76.53,2.01,Low,At Risk of Dehydration
43,Male,53.35,3.39,High,Hydrated
24,Female,58.17,2.18,High,At Risk of Dehydration
33,Male,53.68,2.26,Low,At Risk of Dehydration
40,Female,78.09,3.27,Low,Hydrated
37,Male,97.21,2.6,Low,At Risk of Dehydration
27,Female,87.98,2.6,Low,Hydrated
32,Female,56.03,3.09,Low,Hydrated
43,Female,58.9,2.72,Moderate,At Risk of Dehydration
39,Female,88.22,1.92,Low,At Risk of Dehydration
21,Female,99.76,2.29,High,At Risk of Dehydration
37,Male,88.31,2.03,Low,At Risk of Dehydration
44,Female,78.98,2.79,Low,Hydrated
51,Male,86.25,3.61,Low,At Risk of Dehydration
31,Male,54.8,3.82,High,Hydrated
39,Male,61.94,3.89,Moderate,Hydrated
34,Male,67.48,1.2,Moderate,At Risk of Dehydration
38,Female,51.11,2.42,Low,Hydrated
36,Male,50.21,2.07,Moderate,Hydrated
34,Female,91.79,3.54,Low,Hydrated
51,Female,58.13,2.44,High,At Risk of Dehydration
38,Male,66.81,3.99,Moderate,Hydrated
55,Male,58.71,2.52,Low,Hydrated
23,Male,82.66,1.45,Moderate,At Risk of Dehydration
38,Female,99.81,2.16,High,At Risk of Dehydration
41,Male,46.85,2.92,Low,At Risk of Dehydration
33,Female,68.79,2.52,Moderate,Hydrated
20,Male,54.55,2.04,Low,At Risk of Dehydration
37,Female,71.52,1.57,High,At Risk of Dehydration
19,Male,74.17,1.87,Low,At Risk of Dehydration
50,Female,88.44,2.66,Moderate,At Risk of Dehydration
34,Female,93.9,2.65,Moderate,At Risk of Dehydration
31,Female,52.64,2.4,Moderate,At Risk of Dehydration
27,Female,58.43,2.08,Low,At Risk of Dehydration
41,Male,61.85,2.17,Low,At Risk of Dehydration
50,Male,95.14,2.71,Moderate,At Risk of Dehydration
26,Female,90.12,3.6,Low,At Risk of Dehydration
29,Male,92.17,1.6,Moderate,At Risk of Dehydration
18,Male,67.08,1.95,Low,At Risk of Dehydration
52,Female,60.36,1.27,High,At Risk of Dehydration
39,Female,71.13,2.13,High,At Risk of Dehydration
32,Female,74.65,2.99,Low,Hydrated
34,Male,96.99,2.47,Low,At Risk of Dehydration
43,Female,53.29,3.91,High,Hydrated
31,Female,76.03,1.4,Moderate,At Risk of Dehydration
39,Male,84.2,3.21,Low,Hydrated
36,Male,70.62,3.77,Moderate,Hydrated
51,Female,68.27,1.19,Low,At Risk of Dehydration
24,Male,99.69,1.9,Moderate,At Risk of Dehydration
24,Male,99.41,1.4,High,At Risk of Dehydration
39,Female,46.28,1.14,Low,At Risk of Dehydration
20,Female,88.52,2.64,Low,Hydrated
23,Female,86.69,2.82,Moderate,At Risk of Dehydration
29,Male,78.05,1.12,Low,At Risk of Dehydration
26,Male,52.99,2.59,Moderate,At Risk of Dehydration
53,Female,51.78,3.89,High,Hydrated
43,Male,86.26,2.3,High,At Risk of Dehydration
42,Male,84.26,1.52,High,At Risk of Dehydration
41,Female,68.04,3.79,High,At Risk of Dehydration
23,Female,98.16,1.98,Low,At Risk of Dehydration
32,Male,80.45,2.57,High,At Risk of Dehydration
23,Female,80.74,3.93,High,At Risk of Dehydration
18,Female,98.22,2.13,Low,At Risk of Dehydration
52,Female,76.62,2.9,High,At Risk of Dehydration
24,Female,88.41,3.27,Moderate,At Risk of Dehydration
37,Male,94.94,2.39,Moderate,At Risk of Dehydration
18,Male,81.62,2.04,Low,At Risk of Dehydration
54,Male,88.79,1.62,Moderate,At Risk of Dehydration
25,Male,57.13,2.78,Moderate,At Risk of Dehydration
33,Male,66.62,3.81,Moderate,At Risk of Dehydration
26,Male,85.78,1.51,Moderate,At Risk of Dehydration
39,Male,96.73,3.22,High,At Risk of Dehydration
56,Male,62.28,1.6,Low,At Risk of Dehydration
33,Male,92.9,2.92,Low,Hydrated
44,Female,98.98,3.79,Low,Hydrated
20,Female,45.18,2.73,Low,Hydrated
32,Female,48.97,3.06,High,At Risk of Dehydration
51,Male,68.31,2.31,Low,At Risk of Dehydration
20,Female,49.69,2.64,Low,Hydrated
45,Female,70.9,2.96,Low,Hydrated
40,Female,80.27,3.08,High,At Risk of Dehydration
56,Female,95.38,1.41,Moderate,At Risk of Dehydration
47,Female,77.75,2.04,Low,At Risk of Dehydration
37,Male,67.79,2.16,Low,At Risk of Dehydration
54,Female,78.15,1.66,Low,At Risk of Dehydration
36,Male,82.52,3.49,Low,Hydrated
56,Male,99.54,2.79,High,At Risk of Dehydration
39,Male,91.63,1.25,High,At Risk of Dehydration
40,Male,80.83,1.87,High,At Risk of Dehydration
43,Female,72.55,2.43,Low,At Risk of Dehydration
19,Male,49.69,3.3,High,At Risk of Dehydration
36,Male,79.69,1.8,High,At Risk of Dehydration
43,Male,75.96,3.69,High,Hydrated
41,Male,75.31,3.93,Moderate,At Risk of Dehydration
52,Male,67.62,1.58,Moderate,At Risk of Dehydration
19,Female,70.34,1.23,Moderate,At Risk of Dehydration
43,Male,95.32,2.99,Low,At Risk of Dehydration
20,Male,85.24,3.75,High,Hydrated
24,Female,63.13,2.27,Moderate,At Risk of Dehydration
25,Female,59.45,1.07,Moderate,At Risk of Dehydration
43,Female,67.35,3.48,High,At Risk of Dehydration
32,Male,48.5,2.38,Moderate,At Risk of Dehydration
55,Male,64.25,2.94,Low,Hydrated
42,Male,80.31,1.8,High,At Risk of Dehydration
48,Male,91.61,2.07,Low,At Risk of Dehydration
56,Female,82.53,1.07,High,At Risk of Dehydration
23,Male,98.97,1.58,High,At Risk of Dehydration
20,Female,66.25,1.92,Low,At Risk of Dehydration
37,Female,99.2,2.83,Moderate,At Risk of Dehydration
25,Female,50.57,3.16,Low,Hydrated
36,Female,57.85,1.2,Moderate,At Risk of Dehydration
23,Female,55.29,3.97,Low,Hydrated
18,Female,74.33,1.66,Low,At Risk of Dehydration
36,Male,63.53,1.02,Moderate,At Risk of Dehydration
44,Male,60.41,1.88,High,At Risk of Dehydration
28,Female,96.47,2.98,High,At Risk of Dehydration
28,Female,78.24,3.38,Moderate,At Risk of Dehydration
42,Male,56.38,2.97,Low,At Risk of Dehydration
39,Male,48.84,2.91,High,At Risk of Dehydration
23,Male,64.89,2.45,Moderate,At Risk of Dehydration
57,Male,47.31,2.73,Low,At Risk of Dehydration
29,Male,79.38,3.57,High,At Risk of Dehydration
45,Female,68.79,3.16,Low,Hydrated
58,Female,90.55,2.61,Moderate,At Risk of Dehydration
41,Male,74.63,2.69,Moderate,At Risk of Dehydration
42,Female,75.37,2.1,Moderate,At Risk of Dehydration
53,Female,56.91,3.49,Low,Hydrated
36,Male,46.62,3.11,High,Hydrated
30,Female,73.99,2.73,High,Hydrated
49,Male,95.95,1.14,Low,At Risk of Dehydration
58,Male,73.39,2.16,Low,At Risk of Dehydration
45,Female,62.39,3.65,High,Hydrated
53,Male,92.14,3.73,Low,Hydrated
20,Female,76.19,3.9,High,At Risk of Dehydration
31,Female,64.5,3.65,Low,At Risk of Dehydration
51,Female,91.78,2.92,Low,Hydrated
48,Female,54.82,3.34,Low,Hydrated
22,Male,68.11,1.68,Low,At Risk of Dehydration
30,Male,64.75,1.26,Low,At Risk of Dehydration
57,Male,89.09,2.57,High,At Risk of Dehydration
21,Male,51.82,1.93,Low,At Risk of Dehydration
38,Male,99.73,3.89,Moderate,Hydrated
41,Male,58.11,1.67,Low,At Risk of Dehydration
50,Male,78.75,3.86,Moderate,Hydrated
37,Female,97.29,3.48,Moderate,Hydrated
50,Male,66.92,1.01,Low,At Risk of Dehydration
23,Female,52.33,1.79,Moderate,At Risk of Dehydration
39,Male,69.88,1.37,High,At Risk of Dehydration
25,Male,57.47,2.48,Moderate,At Risk of Dehydration
18,Female,99.05,3.37,Moderate,Hydrated
45,Male,70.97,2.08,Moderate,At Risk of Dehydration
26,Female,76.77,2.23,High,At Risk of Dehydration
39,Male,98.89,3.71,High,Hydrated
53,Male,53.65,1.94,High,At Risk of Dehydration
41,Female,83.5,3.85,Low,Hydrated
32,Male,86.62,2.48,Moderate,Hydrated
55,Female,71.27,2.59,High,Hydrated
40,Male,93.99,3.77,Moderate,Hydrated
47,Female,45.22,2.55,High,Hydrated
41,Female,55.64,2.14,Low,At Risk of Dehydration
35,Male,99.9,2.44,Low,At Risk of Dehydration
21,Female,93.74,2.3,Low,At Risk of Dehydration
54,Male,98.04,2.28,High,At Risk of Dehydration
24,Male,78.15,3.94,Low,Hydrated
41,Female,67.15,2.44,Moderate,Hydrated
51,Male,70.51,3.11,High,At Risk of Dehydration
37,Male,50.62,2.27,High,At Risk of Dehydration
42,Female,59.38,1.61,High,At Risk of Dehydration
30,Female,96.48,1.67,High,At Risk of Dehydration
41,Female,61.8,1.9,Moderate,At Risk of Dehydration
41,Male,87.62,3.83,High,Hydrated
42,Male,77.62,3.11,High,At Risk of Dehydration
43,Female,65.82,2.91,Low,Hydrated
31,Male,85.77,2.05,High,At Risk of Dehydration
19,Male,60.61,3.71,Low,At Risk of Dehydration
19,Male,70.65,1.08,High,At Risk of Dehydration
40,Male,94.12,3.51,Low,Hydrated
35,Female,68.8,2.11,Moderate,At Risk of Dehydration
48,Male,90.72,3.75,Low,Hydrated
30,Male,72.72,2.62,Moderate,At Risk of Dehydration
35,Female,87.05,3.19,High,At Risk of Dehydration
58,Male,86.5,2.57,Moderate,At Risk of Dehydration
27,Male,46.49,1.34,Low,At Risk of Dehydration
27,Female,55.58,2.81,Moderate,Hydrated
22,Female,50.46,2.18,Moderate,At Risk of Dehydration
36,Male,79.33,2.76,High,At Risk of Dehydration
38,Male,78.23,1.2,High,At Risk of Dehydration
19,Male,94.38,1.77,Low,At Risk of Dehydration
48,Male,79.05,2.44,Moderate,At Risk of Dehydration
56,Female,47.17,2.94,Moderate,At Risk of Dehydration
39,Female,74.37,3.07,High,At Risk of Dehydration
35,Female,71.17,1.11,Moderate,At Risk of Dehydration
31,Male,48.03,3.38,Moderate,Hydrated
34,Male,76.51,3.29,Low,Hydrated
43,Female,81.22,1.14,High,At Risk of Dehydration
43,Female,73.4,2.37,Low,At Risk of Dehydration
58,Male,52.91,1.83,Moderate,At Risk of Dehydration
51,Female,85.28,3.75,Moderate,Hydrated
41,Male,74.34,3.41,Moderate,Hydrated
54,Female,96.27,2.57,Low,At Risk of Dehydration
30,Female,71.13,2.54,High,At Risk of Dehydration
56,Female,65.14,3.08,Moderate,Hydrated
20,Female,77.46,2.08,Moderate,At Risk of Dehydration
31,Male,47.85,2.3,High,At Risk of Dehydration
20,Female,66.72,3.54,High,At Risk of Dehydration
26,Female,71.86,2.72,High,Hydrated
47,Male,62.3,3.41,High,Hydrated
50,Male,95.83,3.88,High,Hydrated
38,Female,87.08,3.49,High,Hydrated
29,Male,51.1,1.57,High,At Risk of Dehydration
47,Male,45.73,1.32,Low,At Risk of Dehydration
45,Female,50.63,2.06,Moderate,At Risk of Dehydration
31,Female,48.4,2.94,High,At Risk of Dehydration
53,Male,62.39,3.27,Moderate,Hydrated
34,Male,48.57,1.3,Moderate,At Risk of Dehydration
45,Male,73.0,1.34,Low,At Risk of Dehydration
18,Female,54.3,1.46,Low,At Risk of Dehydration
52,Female,96.86,1.18,Low,At Risk of Dehydration
40,Male,48.21,3.68,High,At Risk of Dehydration
57,Male,69.15,3.11,High,Hydrated
53,Female,67.48,3.0,Moderate,Hydrated
18,Male,82.19,2.36,Low,At Risk of Dehydration
47,Female,49.83,3.97,High,Hydrated
37,Female,50.43,3.36,High,At Risk of Dehydration
28,Male,46.81,2.07,High,At Risk of Dehydration
53,Male,66.14,3.47,High,At Risk of Dehydration
30,Female,74.93,1.36,High,At Risk of Dehydration
31,Female,86.0,3.32,High,At Risk of Dehydration
35,Male,85.53,2.04,High,At Risk of Dehydration
42,Female,76.7,3.98,Moderate,Hydrated
45,Female,80.56,3.8,Low,Hydrated
23,Female,62.64,1.63,Moderate,At Risk of Dehydration
46,Male,80.76,2.57,Moderate,At Risk of Dehydration
38,Male,61.54,2.36,Low,Hydrated
28,Female,72.56,1.07,Low,At Risk of Dehydration
42,Male,82.13,1.42,High,At Risk of Dehydration
28,Female,99.66,2.95,Moderate,Hydrated
43,Male,47.25,3.8,High,Hydrated
39,Male,60.9,2.34,Low,At Risk of Dehydration
36,Female,99.7,2.11,Moderate,At Risk of Dehydration
39,Male,79.84,1.41,High,At Risk of Dehydration
42,Male,49.3,3.56,Low,At Risk of Dehydration
22,Female,55.76,3.99,Moderate,Hydrated
30,Female,83.77,3.96,Moderate,Hydrated
45,Male,51.68,3.85,Low,Hydrated
52,Female,75.94,3.82,Moderate,At Risk of Dehydration
19,Male,72.32,1.2,Low,At Risk of Dehydration
22,Female,81.46,3.77,High,Hydrated
57,Female,76.34,2.13,Moderate,Hydrated
39,Male,46.51,1.12,Moderate,At Risk of Dehydration
50,Female,90.46,2.04,Low,At Risk of Dehydration
52,Female,50.4,3.95,Low,Hydrated
35,Male,48.57,2.58,Low,At Risk of Dehydration
57,Male,48.79,3.3,High,Hydrated
43,Male,67.32,1.91,Moderate,Hydrated
22,Male,68.36,2.83,Low,At Risk of Dehydration
55,Female,82.97,1.52,High,At Risk of Dehydration
58,Male,96.13,2.36,Low,At Risk of Dehydration
25,Male,81.94,2.66,High,At Risk of Dehydration
23,Female,90.15,2.13,Moderate,At Risk of Dehydration
32,Female,70.46,2.93,Moderate,At Risk of Dehydration
40,Male,65.07,2.02,High,At Risk of Dehydration
30,Female,83.42,1.84,Moderate,At Risk of Dehydration
52,Female,78.66,3.98,Moderate,Hydrated
41,Female,45.78,2.64,Moderate,At Risk of Dehydration
23,Male,56.82,3.16,Moderate,At Risk of Dehydration
33,Male,54.24,1.22,High,At Risk of Dehydration
53,Female,80.95,2.19,Moderate,At Risk of Dehydration
38,Female,52.55,3.56,Moderate,Hydrated
28,Male,57.1,3.16,High,Hydrated
45,Female,93.41,3.61,Moderate,At Risk of Dehydration
57,Female,55.53,1.15,High,At Risk of Dehydration
28,Female,57.76,1.63,High,At Risk of Dehydration
25,Female,69.29,2.27,Low,Hydrated
57,Female,79.3,2.24,Low,At Risk of Dehydration
24,Male,57.77,3.59,Low,Hydrated
31,Female,62.2,3.06,Low,Hydrated
34,Female,93.14,3.39,Low,At Risk of Dehydration
32,Male,70.99,2.27,Moderate,At Risk of Dehydration
53,Male,77.84,3.31,Moderate,At Risk of Dehydration
37,Female,78.18,3.25,Low,Hydrated
33,Male,85.14,2.84,Moderate,At Risk of Dehydration
59,Female,64.72,3.78,Moderate,Hydrated
31,Female,95.58,1.19,High,At Risk of Dehydration
29,Female,86.73,3.14,Moderate,Hydrated
45,Male,92.31,1.03,Low,At Risk of Dehydration
55,Male,92.12,2.65,Low,At Risk of Dehydration
55,Female,92.02,2.42,Moderate,At Risk of Dehydration
37,Female,63.95,2.27,Moderate,Hydrated
53,Male,81.63,2.55,High,At Risk of Dehydration
45,Female,83.72,1.59,High,At Risk of Dehydration
51,Female,67.65,3.52,High,At Risk of Dehydration
36,Male,46.21,2.39,High,At Risk of Dehydration
29,Female,55.76,1.59,Low,At Risk of Dehydration
25,Female,96.95,2.62,Low,At Risk of Dehydration
28,Male,66.45,3.62,High,Hydrated
26,Female,52.86,2.22,Low,At Risk of Dehydration
37,Female,82.22,1.03,Moderate,At Risk of Dehydration
31,Male,92.13,1.38,Moderate,At Risk of Dehydration
48,Female,50.18,1.32,Moderate,At Risk of Dehydration
38,Female,77.37,3.45,High,At Risk of Dehydration
49,Male,85.7,2.08,High,At Risk of Dehydration
26,Female,66.81,2.94,Moderate,At Risk of Dehydration
40,Female,90.25,1.09,Moderate,At Risk of Dehydration
59,Male,67.65,2.2,High,At Risk of Dehydration
24,Female,86.36,2.34,High,At Risk of Dehydration
31,Female,95.77,3.81,Moderate,Hydrated
39,Female,67.99,2.94,Moderate,At Risk of Dehydration
26,Male,80.43,1.5,Moderate,At Risk of Dehydration
45,Male,49.86,1.13,Low,At Risk of Dehydration
36,Female,88.22,3.55,High,Hydrated
50,Female,47.34,3.5,Moderate,Hydrated
49,Male,89.08,3.19,High,At Risk of Dehydration
24,Male,84.89,3.04,Moderate,Hydrated
35,Female,71.8,2.26,High,Hydrated
22,Female,61.19,2.33,High,At Risk of Dehydration
47,Male,69.27,1.83,High,At Risk of Dehydration
26,Male,88.8,2.13,Moderate,At Risk of Dehydration
47,Female,99.22,2.63,Moderate,At Risk of Dehydration
42,Male,87.53,3.42,Moderate,At Risk of Dehydration
52,Female,71.76,1.17,Low,At Risk of Dehydration
27,Female,47.38,1.13,High,At Risk of Dehydration
23,Female,78.01,1.75,High,At Risk of Dehydration
53,Male,84.37,3.82,Moderate,Hydrated
30,Male,81.7,1.92,Moderate,Hydrated
35,Male,72.13,1.16,Low,At Risk of Dehydration
43,Female,66.55,2.75,High,At Risk of Dehydration
33,Male,47.38,1.84,Moderate,At Risk of Dehydration
41,Female,45.95,1.61,High,At Risk of Dehydration
42,Female,61.62,3.8,Moderate,Hydrated
42,Male,52.31,3.69,Moderate,Hydrated
31,Male,88.1,1.35,Low,At Risk of Dehydration
43,Female,85.35,1.54,Low,At Risk of Dehydration
47,Female,76.33,3.41,Low,At Risk of Dehydration
25,Male,52.28,1.56,High,At Risk of Dehydration
51,Female,72.9,1.22,High,At Risk of Dehydration
19,Male,95.43,2.12,Moderate,At Risk of Dehydration
47,Female,84.58,1.34,High,At Risk of Dehydration
54,Male,68.05,2.85,Low,Hydrated
43,Female,94.6,2.66,Moderate,At Risk of Dehydration
30,Male,64.75,1.26,Low,At Risk of Dehydration
21,Male,80.97,1.61,High,At Risk of Dehydration
57,Female,90.56,2.09,Moderate,At Risk of Dehydration
32,Female,51.67,2.35,Moderate,At Risk of Dehydration
46,Female,81.43,1.69,Moderate,At Risk of Dehydration
28,Female,46.06,1.72,Low,At Risk of Dehydration
37,Male,51.48,2.34,Moderate,At Risk of Dehydration
26,Female,78.38,3.75,High,At Risk of Dehydration
43,Male,75.77,1.12,Moderate,At Risk of Dehydration
55,Male,59.47,2.32,Moderate,At Risk of Dehydration
22,Male,88.47,2.6,Moderate,At Risk of Dehydration
35,Female,63.67,1.79,Low,At Risk of Dehydration
30,Female,52.13,1.97,High,At Risk of Dehydration
32,Male,71.25,3.22,Low,At Risk of Dehydration
46,Female,80.36,1.98,Moderate,At Risk of Dehydration
36,Female,75.06,2.8,Low,Hydrated
31,Female,53.42,3.45,High,Hydrated
43,Male,72.38,3.39,High,At Risk of Dehydration
29,Male,89.13,2.33,Low,Hydrated
39,Male,63.79,3.19,Low,Hydrated
31,Male,79.61,1.79,Moderate,At Risk of Dehydration
27,Female,53.12,3.14,High,Hydrated
46,Male,95.3,3.28,Moderate,At Risk of Dehydration
30,Male,59.37,2.94,Moderate,At Risk of Dehydration
46,Female,76.15,3.45,Moderate,Hydrated
25,Female,45.02,2.54,High,At Risk of Dehydration
50,Female,49.16,1.61,High,At Risk of Dehydration
57,Male,68.95,1.05,Moderate,At Risk of Dehydration
58,Female,83.21,1.66,Low,Hydrated
26,Male,60.69,3.16,Low,Hydrated
29,Female,82.81,2.64,High,At Risk of Dehydration
59,Female,91.82,3.57,Moderate,At Risk of Dehydration
31,Female,80.61,1.76,High,At Risk of Dehydration
49,Female,80.22,2.44,High,At Risk of Dehydration
32,Female,100.0,3.75,Low,At Risk of Dehydration
27,Female,91.82,2.26,Moderate,Hydrated
41,Female,52.04,3.21,Moderate,Hydrated
20,Male,63.44,3.8,Moderate,Hydrated
18,Female,79.93,2.29,Low,At Risk of Dehydration
54,Female,56.35,1.55,Low,At Risk of Dehydration
53,Male,90.86,2.72,High,At Risk of Dehydration
18,Female,97.76,3.9,High,At Risk of Dehydration
42,Female,75.38,3.84,Moderate,Hydrated
28,Female,76.16,2.81,Moderate,At Risk of Dehydration
50,Male,87.13,3.8,High,At Risk of Dehydration
48,Male,47.72,1.97,High,At Risk of Dehydration
20,Male,71.48,2.68,Moderate,At Risk of Dehydration
28,Male,61.53,2.28,Low,At Risk of Dehydration
47,Female,86.34,3.81,Low,Hydrated
59,Male,52.5,3.0,Moderate,At Risk of Dehydration
45,Male,54.46,2.51,Moderate,Hydrated
31,Female,97.62,2.28,High,At Risk of Dehydration
44,Female,99.85,1.79,High,At Risk of Dehydration
28,Male,60.97,1.12,Low,At Risk of Dehydration
55,Male,48.03,2.59,Moderate,At Risk of Dehydration
19,Male,53.97,1.2,Moderate,At Risk of Dehydration
43,Male,66.37,3.12,Moderate,At Risk of Dehydration
48,Female,83.1,2.13,Moderate,At Risk of Dehydration
22,Female,79.48,3.18,High,At Risk of Dehydration
21,Female,72.02,1.86,Moderate,At Risk of Dehydration
25,Female,86.43,2.09,Low,At Risk of Dehydration
59,Female,69.67,2.99,Moderate,Hydrated
21,Female,53.41,3.06,Moderate,Hydrated
59,Female,68.62,3.15,Moderate,Hydrated
40,Male,52.4,1.89,High,At Risk of Dehydration
34,Male,50.7,3.34,Low,Hydrated
25,Female,68.03,3.41,Low,At Risk of Dehydration
57,Female,72.97,1.08,High,At Risk of Dehydration
23,Female,85.53,1.42,Moderate,At Risk of Dehydration
45,Female,65.24,2.4,Low,Hydrated
40,Male,75.56,2.0,High,At Risk of Dehydration
23,Male,68.71,3.24,Low,At Risk of Dehydration
29,Male,66.48,1.57,Low,Hydrated
30,Female,77.52,3.99,High,Hydrated
19,Male,73.64,2.36,High,At Risk of Dehydration
40,Female,97.26,3.86,Low,Hydrated
43,Male,78.77,1.98,Moderate,At Risk of Dehydration
35,Male,85.46,3.9,Moderate,Hydrated
40,Female,62.09,1.82,Low,At Risk of Dehydration
19,Female,48.79,1.63,Low,At Risk of Dehydration
43,Male,64.16,3.51,Low,Hydrated
39,Female,98.44,2.91,High,At Risk of Dehydration
44,Male,59.24,2.24,High,At Risk of Dehydration
22,Male,86.46,3.07,Moderate,Hydrated
18,Female,68.48,2.03,Moderate,Hydrated
42,Male,89.71,2.38,Moderate,At Risk of Dehydration
55,Male,84.81,3.87,Low,At Risk of Dehydration
42,Male,87.63,1.06,Moderate,At Risk of Dehydration
40,Female,82.02,1.75,High,Hydrated
53,Female,96.05,2.71,High,At Risk of Dehydration
29,Female,78.91,3.84,Low,Hydrated
57,Male,73.79,3.3,Low,At Risk of Dehydration
40,Female,80.56,1.72,High,Hydrated
29,Female,93.59,1.37,Low,At Risk of Dehydration
55,Male,65.69,3.43,Low,Hydrated
45,Male,51.69,3.08,Low,At Risk of Dehydration
24,Male,64.19,1.36,Moderate,At Risk of Dehydration
30,Male,63.75,2.88,Low,At Risk of Dehydration
32,Male,51.96,2.34,High,At Risk of Dehydration
46,Female,95.64,3.2,High,Hydrated
50,Male,50.85,3.33,Low,Hydrated
47,Female,76.31,1.89,Moderate,At Risk of Dehydration
50,Male,73.0,3.01,Low,Hydrated
59,Female,66.31,3.28,Moderate,Hydrated
43,Female,61.36,3.56,High,Hydrated
44,Male,76.49,3.83,Low,Hydrated
58,Female,53.11,3.18,Low,At Risk of Dehydration
42,Male,83.93,3.07,High,At Risk of Dehydration
36,Female,74.03,2.36,High,Hydrated
24,Male,95.43,1.59,Low,At Risk of Dehydration
57,Male,87.14,3.79,High,At Risk of Dehydration
40,Female,71.35,2.97,Low,Hydrated
30,Male,74.19,2.01,Moderate,At Risk of Dehydration
34,Male,59.35,3.66,Moderate,Hydrated
38,Female,60.71,3.26,High,At Risk of Dehydration
22,Female,84.32,3.64,Moderate,Hydrated
51,Male,52.67,3.35,Low,Hydrated
21,Male,82.14,1.76,High,At Risk of Dehydration
28,Female,85.36,3.91,High,At Risk of Dehydration
29,Female,80.36,3.25,Low,Hydrated
58,Male,54.36,1.19,Moderate,At Risk of Dehydration
48,Male,71.13,1.69,Moderate,At Risk of Dehydration
55,Male,98.82,2.43,Moderate,At Risk of Dehydration
28,Male,75.36,3.48,Moderate,Hydrated
46,Male,66.86,1.15,High,At Risk of Dehydration
51,Female,62.23,2.42,Moderate,At Risk of Dehydration
54,Female,65.53,2.55,Low,Hydrated
48,Male,64.46,3.98,Low,At Risk of Dehydration
39,Male,80.99,1.93,Moderate,At Risk of Dehydration
59,Female,81.03,3.32,Low,At Risk of Dehydration
45,Male,46.88,3.59,Moderate,Hydrated
32,Female,54.18,2.95,Moderate,At Risk of Dehydration
49,Male,52.88,3.07,Moderate,At Risk of Dehydration
18,Male,93.73,2.72,Low,At Risk of Dehydration
36,Female,93.34,1.94,High,Hydrated
43,Male,79.29,2.94,High,At Risk of Dehydration
47,Female,55.48,3.09,Moderate,At Risk of Dehydration
38,Male,69.56,3.0,High,Hydrated
21,Female,52.83,3.11,Low,At Risk of Dehydration
53,Male,73.66,3.65,High,At Risk of Dehydration
23,Female,49.92,3.83,High,Hydrated
30,Female,64.15,1.01,Low,At Risk of Dehydration
20,Female,81.25,1.86,Moderate,At Risk of Dehydration
31,Male,80.2,3.27,High,At Risk of Dehydration
53,Female,65.76,1.82,Moderate,At Risk of Dehydration
42,Female,87.7,3.52,Low,Hydrated
19,Male,60.63,2.5,Moderate,Hydrated
54,Female,88.6,1.71,High,At Risk of Dehydration
54,Female,97.33,2.93,Low,At Risk of Dehydration
27,Male,47.48,2.79,High,Hydrated
33,Female,93.27,3.46,Low,At Risk of Dehydration
45,Female,68.31,1.2,Moderate,At Risk of Dehydration
45,Female,62.23,3.32,High,At Risk of Dehydration
34,Male,63.12,2.35,High,At Risk of Dehydration
51,Male,96.04,3.08,Low,Hydrated
50,Male,57.44,3.15,High,At Risk of Dehydration
37,Male,70.13,3.36,High,Hydrated
38,Female,95.12,2.08,High,At Risk of Dehydration
24,Female,51.44,3.58,Low,Hydrated
57,Male,84.54,1.58,High,At Risk of Dehydration
20,Female,68.77,2.29,High,At Risk of Dehydration
51,Male,55.59,3.18,High,At Risk of Dehydration
31,Male,59.33,1.1,Moderate,At Risk of Dehydration
33,Female,52.88,1.74,High,At Risk of Dehydration
21,Male,82.9,1.3,Moderate,At Risk of Dehydration
51,Male,56.45,3.08,Low,At Risk of Dehydration
31,Male,93.47,3.73,Moderate,At Risk of Dehydration
20,Female,82.13,2.41,High,Hydrated
56,Male,51.16,2.01,Moderate,At Risk of Dehydration
23,Female,55.5,3.43,High,Hydrated
18,Male,56.08,1.51,Moderate,At Risk of Dehydration
54,Male,63.26,3.8,High,Hydrated
27,Female,73.09,3.94,Moderate,Hydrated
23,Female,93.97,1.36,Moderate,At Risk of Dehydration
39,Female,62.04,3.51,High,At Risk of Dehydration
47,Male,65.55,2.88,Moderate,Hydrated
25,Female,86.1,1.31,High,At Risk of Dehydration
38,Female,67.75,2.15,Moderate,At Risk of Dehydration
24,Male,53.1,1.39,High,At Risk of Dehydration
53,Male,53.39,3.37,Low,Hydrated
38,Male,97.89,3.9,High,Hydrated
19,Male,49.32,2.83,High,At Risk of Dehydration
35,Male,90.7,3.54,Low,At Risk of Dehydration
44,Male,48.29,2.78,Moderate,Hydrated
59,Female,78.33,3.55,Low,Hydrated
45,Male,81.41,2.16,High,At Risk of Dehydration
46,Male,84.25,1.09,Low,At Risk of Dehydration
59,Male,57.38,3.13,Moderate,At Risk of Dehydration
50,Female,61.71,2.27,High,At Risk of Dehydration
52,Female,87.4,2.04,Low,At Risk of Dehydration
36,Male,54.19,3.82,Moderate,Hydrated
31,Male,81.26,2.71,Moderate,At Risk of Dehydration
23,Female,67.71,1.33,Low,At Risk of Dehydration
46,Male,80.81,2.97,High,At Risk of Dehydration
43,Female,55.84,1.65,Moderate,At Risk of Dehydration
39,Male,86.78,3.9,Low,Hydrated
55,Female,78.52,2.06,Moderate,Hydrated
18,Female,52.12,3.09,Moderate,At Risk of Dehydration
59,Male,79.55,3.17,High,At Risk of Dehydration
52,Male,65.05,1.36,Low,At Risk of Dehydration
25,Male,46.56,3.31,Low,Hydrated
59,Male,83.33,2.62,High,At Risk of Dehydration
26,Female,92.11,2.42,Moderate,At Risk of Dehydration
47,Male,84.7,2.4,Moderate,At Risk of Dehydration
56,Male,50.93,1.43,High,At Risk of Dehydration
37,Female,99.63,3.14,Low,At Risk of Dehydration
49,Female,90.95,2.09,High,At Risk of Dehydration
43,Male,67.1,1.61,Moderate,Hydrated
27,Female,89.92,1.18,High,At Risk of Dehydration
43,Female,87.25,2.27,Moderate,Hydrated
23,Female,96.06,3.97,Moderate,Hydrated
46,Female,57.65,3.18,Moderate,Hydrated
56,Female,57.08,2.39,Low,At Risk of Dehydration
21,Female,94.07,1.98,Low,At Risk of Dehydration
49,Male,84.21,2.69,Low,At Risk of Dehydration
59,Female,46.27,1.18,Low,At Risk of Dehydration
21,Female,82.83,3.87,Moderate,Hydrated
55,Female,64.09,1.84,Low,At Risk of Dehydration
35,Female,72.82,2.35,High,At Risk of Dehydration
37,Female,95.58,2.94,High,At Risk of Dehydration
35,Male,89.73,1.87,Low,At Risk of Dehydration
47,Female,87.91,2.53,High,Hydrated
51,Female,59.77,1.62,Low,At Risk of Dehydration
42,Female,68.66,1.3,Moderate,At Risk of Dehydration
29,Female,70.51,3.84,High,Hydrated
21,Male,47.33,3.86,Low,At Risk of Dehydration
37,Male,98.37,2.21,Low,At Risk of Dehydration
33,Male,78.22,3.87,High,Hydrated
53,Male,81.86,3.49,Moderate,Hydrated
49,Male,45.18,3.58,High,Hydrated
56,Female,55.93,2.37,High,At Risk of Dehydration
53,Male,85.99,2.54,Low,At Risk of Dehydration
21,Male,76.08,2.33,Moderate,At Risk of Dehydration
19,Female,78.62,3.6,High,Hydrated
29,Female,86.04,3.57,Low,Hydrated
46,Male,58.34,3.16,Moderate,At Risk of Dehydration
47,Female,49.34,2.89,Low,At Risk of Dehydration
20,Male,78.84,2.8,Low,At Risk of Dehydration
22,Male,86.19,3.84,Moderate,At Risk of Dehydration
51,Male,97.55,2.66,Low,At Risk of Dehydration
46,Female,48.06,1.35,High,At Risk of Dehydration
53,Male,88.22,2.62,Low,Hydrated
51,Female,94.0,1.76,Moderate,At Risk of Dehydration
19,Female,99.5,1.15,Low,At Risk of Dehydration
18,Female,64.66,1.53,High,At Risk of Dehydration
48,Male,87.15,1.5,High,At Risk of Dehydration
54,Male,66.19,1.44,Low,At Risk of Dehydration
45,Male,56.2,1.46,Low,At Risk of Dehydration
40,Male,61.96,2.21,Low,Hydrated
50,Male,63.37,3.04,Moderate,At Risk of Dehydration
30,Female,80.99,3.46,Low,At Risk of Dehydration
22,Female,88.41,2.76,Moderate,Hydrated
44,Female,81.78,1.82,Low,At Risk of Dehydration
35,Female,72.27,1.85,Moderate,At Risk of Dehydration
27,Male,71.46,1.96,Low,At Risk of Dehydration
53,Male,93.69,3.69,Low,Hydrated
33,Male,68.38,3.9,High,At Risk of Dehydration
32,Male,83.11,2.08,Low,At Risk of Dehydration
58,Female,54.34,1.69,Moderate,At Risk of Dehydration
24,Female,94.02,3.76,Moderate,Hydrated
50,Female,47.36,3.86,Low,Hydrated
47,Male,77.15,3.31,High,At Risk of Dehydration
20,Female,75.22,3.05,Low,Hydrated
19,Male,76.14,3.51,Moderate,Hydrated
40,Male,83.36,3.07,Low,Hydrated
57,Male,53.38,1.06,Moderate,At Risk of Dehydration
44,Female,87.38,3.44,Moderate,Hydrated
53,Male,85.97,3.45,High,At Risk of Dehydration
48,Male,62.47,1.58,High,At Risk of Dehydration
53,Male,60.21,3.26,Low,At Risk of Dehydration
19,Female,48.24,1.95,Moderate,At Risk of Dehydration
49,Male,65.19,1.54,Low,At Risk of Dehydration
41,Male,74.08,2.06,High,At Risk of Dehydration
50,Female,54.06,2.27,Moderate,At Risk of Dehydration
51,Female,70.57,3.96,Low,Hydrated
38,Male,71.65,1.79,Moderate,At Risk of Dehydration
36,Male,52.24,2.79,Low,At Risk of Dehydration
19,Female,73.57,3.05,Low,At Risk of Dehydration
27,Male,46.88,2.11,High,At Risk of Dehydration
33,Female,52.65,1.45,Moderate,At Risk of Dehydration
58,Female,71.88,2.83,Moderate,At Risk of Dehydration
26,Male,63.76,2.49,Moderate,At Risk of Dehydration
31,Male,56.76,2.63,Low,Hydrated
24,Male,93.88,3.79,Moderate,Hydrated
54,Male,95.56,1.51,Low,At Risk of Dehydration
59,Female,73.95,2.38,Low,Hydrated
28,Male,70.67,3.81,Low,Hydrated
49,Male,88.13,1.1,High,At Risk of Dehydration
27,Female,87.44,1.6,High,At Risk of Dehydration
44,Male,97.44,2.51,High,At Risk of Dehydration
21,Male,64.43,1.78,High,At Risk of Dehydration
54,Male,65.75,2.89,Moderate,At Risk of Dehydration
48,Female,79.66,3.05,Low,At Risk of Dehydration
50,Female,84.29,2.65,Moderate,At Risk of Dehydration
47,Male,52.01,3.52,Moderate,Hydrated
25,Female,76.23,2.01,Low,At Risk of Dehydration
55,Male,69.91,2.86,Moderate,At Risk of Dehydration
37,Female,49.85,1.05,Moderate,At Risk of Dehydration
20,Female,82.64,1.36,Low,Hydrated
43,Female,66.1,1.89,Moderate,At Risk of Dehydration
39,Male,59.68,3.53,Low,At Risk of Dehydration
25,Female,89.83,2.34,High,At Risk of Dehydration
31,Male,95.25,2.35,High,At Risk of Dehydration
33,Female,52.77,2.91,Moderate,At Risk of Dehydration
26,Female,58.48,2.87,Low,Hydrated
39,Female,53.55,2.24,Low,At Risk of Dehydration
56,Male,98.02,3.27,Low,Hydrated
51,Male,59.94,1.69,Low,At Risk of Dehydration
39,Male,77.14,3.04,Moderate,At Risk of Dehydration
30,Female,71.97,3.97,High,Hydrated
27,Male,53.39,1.18,High,At Risk of Dehydration
39,Male,48.25,2.25,High,At Risk of Dehydration
46,Female,71.64,1.3,High,At Risk of Dehydration
38,Male,97.95,3.99,High,At Risk of Dehydration
27,Female,90.86,2.09,Moderate,At Risk of Dehydration
28,Female,77.89,1.01,Low,At Risk of Dehydration
20,Male,77.67,1.22,Low,At Risk of Dehydration
35,Female,87.08,1.31,High,At Risk of Dehydration
36,Male,98.87,1.51,High,At Risk of Dehydration
58,Female,79.48,3.5,High,Hydrated
36,Male,97.99,3.01,High,Hydrated
45,Female,83.35,1.23,Moderate,At Risk of Dehydration
39,Male,82.03,1.85,High,At Risk of Dehydration
59,Female,46.05,3.4,High,Hydrated
25,Male,74.28,3.42,High,Hydrated
42,Female,48.24,2.74,High,At Risk of Dehydration
38,Male,51.38,1.39,High,At Risk of Dehydration
27,Male,47.66,2.61,High,At Risk of Dehydration
30,Female,59.79,3.46,Low,Hydrated
30,Male,45.27,3.72,High,At Risk of Dehydration
50,Male,62.01,2.85,Low,At Risk of Dehydration
31,Female,65.03,3.65,High,Hydrated
35,Female,83.47,2.23,Moderate,At Risk of Dehydration
43,Male,70.39,2.75,High,Hydrated
40,Male,46.18,3.58,High,At Risk of Dehydration
23,Female,50.33,1.43,High,At Risk of Dehydration
25,Male,55.84,3.29,Low,Hydrated
45,Male,52.97,3.44,Moderate,Hydrated
57,Female,91.41,3.45,Moderate,Hydrated
28,Male,91.32,1.68,Moderate,At Risk of Dehydration
24,Male,85.18,1.49,High,At Risk of Dehydration
33,Male,69.3,1.51,Low,At Risk of Dehydration
53,Female,98.24,3.64,High,At Risk of Dehydration
39,Female,47.49,1.58,High,At Risk of Dehydration
59,Male,75.33,2.1,Moderate,At Risk of Dehydration
29,Female,60.34,2.66,Low,At Risk of Dehydration
57,Female,82.49,2.37,High,At Risk of Dehydration
49,Female,92.98,1.12,Low,At Risk of Dehydration
36,Female,83.1,1.13,Low,At Risk of Dehydration
26,Female,94.24,3.94,High,Hydrated
54,Male,49.33,3.31,High,Hydrated
30,Female,78.15,1.5,High,At Risk of Dehydration
47,Male,99.36,2.72,Moderate,At Risk of Dehydration
42,Female,68.58,1.15,Low,At Risk of Dehydration
38,Female,95.26,3.36,Low,At Risk of Dehydration
57,Female,63.9,3.95,High,Hydrated
39,Male,53.16,1.52,High,At Risk of Dehydration
49,Male,69.64,1.38,Low,At Risk of Dehydration
49,Male,51.8,1.98,High,At Risk of Dehydration
40,Female,82.54,1.8,Low,At Risk of Dehydration
50,Male,73.81,1.53,High,At Risk of Dehydration
33,Female,83.72,1.38,Low,At Risk of Dehydration
23,Female,87.12,1.49,Low,At Risk of Dehydration
47,Male,59.11,1.92,High,At Risk of Dehydration
36,Female,71.06,2.21,Low,At Risk of Dehydration
35,Male,51.82,3.24,Moderate,Hydrated
48,Male,79.61,1.7,Moderate,At Risk of Dehydration
20,Female,52.22,1.91,Low,Hydrated
49,Female,81.57,3.67,Low,At Risk of Dehydration
35,Female,72.62,3.58,Moderate,Hydrated
45,Female,82.39,3.28,High,At Risk of Dehydration
26,Male,79.06,3.69,High,At Risk of Dehydration
28,Female,86.21,3.12,Moderate,At Risk of Dehydration
47,Female,48.83,1.82,Low,Hydrated
57,Male,81.79,3.73,Moderate,At Risk of Dehydration
25,Female,51.3,1.69,High,At Risk of Dehydration
48,Male,98.56,1.47,High,At Risk of Dehydration
26,Female,58.61,2.07,Moderate,At Risk of Dehydration
55,Male,90.74,1.44,High,At Risk of Dehydration
57,Female,80.35,1.01,High,At Risk of Dehydration
37,Female,95.47,3.71,Moderate,At Risk of Dehydration
23,Female,53.03,1.39,Moderate,At Risk of Dehydration
36,Male,46.3,1.39,High,At Risk of Dehydration
33,Female,46.9,2.49,Low,Hydrated
30,Male,87.68,3.57,Low,Hydrated
32,Male,59.07,1.65,Moderate,At Risk of Dehydration
48,Male,77.97,2.06,Moderate,At Risk of Dehydration
18,Male,92.43,1.41,High,At Risk of Dehydration
45,Female,92.34,1.3,Low,At Risk of Dehydration
45,Female,73.3,3.48,Moderate,Hydrated
29,Male,68.95,3.51,Moderate,Hydrated
45,Female,88.77,1.74,Low,At Risk of Dehydration
46,Female,86.41,2.92,Low,At Risk of Dehydration
31,Male,86.75,2.06,High,At Risk of Dehydration
54,Female,81.28,2.32,Moderate,At Risk of Dehydration
23,Female,85.47,2.6,Moderate,Hydrated
40,Female,78.48,2.46,Moderate,Hydrated
27,Male,69.3,2.82,Moderate,At Risk of Dehydration
18,Female,78.03,3.91,High,At Risk of Dehydration
59,Female,98.3,1.17,High,At Risk of Dehydration
22,Female,50.15,1.07,Moderate,At Risk of Dehydration
37,Female,83.38,1.75,High,At Risk of Dehydration
20,Female,89.56,1.95,Moderate,Hydrated
29,Female,59.86,1.06,High,At Risk of Dehydration
37,Female,76.5,3.8,Low,Hydrated
39,Female,53.35,3.78,Low,Hydrated
23,Female,71.07,1.77,High,At Risk of Dehydration
26,Female,57.47,1.39,Moderate,At Risk of Dehydration
36,Female,56.26,2.14,Moderate,At Risk of Dehydration
49,Female,64.23,3.03,Moderate,At Risk of Dehydration
56,Female,94.84,2.1,Low,At Risk of Dehydration
32,Male,83.0,2.9,Moderate,Hydrated
43,Female,55.29,1.01,Moderate,At Risk of Dehydration
57,Male,84.06,1.56,High,At Risk of Dehydration
27,Male,71.18,1.38,Moderate,At Risk of Dehydration
40,Male,97.38,2.75,Moderate,Hydrated
33,Male,65.6,2.5,Moderate,Hydrated
22,Female,75.58,2.2,Moderate,At Risk of Dehydration
40,Male,87.94,2.97,Moderate,At Risk of Dehydration
22,Female,58.65,2.51,Low,Hydrated
44,Male,80.15,3.45,Moderate,At Risk of Dehydration
52,Female,57.26,3.72,Low,At Risk of Dehydration
38,Female,93.91,1.38,Moderate,At Risk of Dehydration
26,Female,50.31,2.5,Low,At Risk of Dehydration
29,Female,61.21,3.83,Moderate,Hydrated
46,Female,97.84,1.24,High,At Risk of Dehydration
57,Female,83.02,2.35,High,At Risk of Dehydration
37,Male,58.31,1.5,High,At Risk of Dehydration
47,Female,48.53,1.33,Low,At Risk of Dehydration
27,Female,99.86,3.97,Moderate,Hydrated
35,Male,92.19,2.18,Low,At Risk of Dehydration
38,Female,58.0,3.56,Low,Hydrated
54,Female,57.5,2.85,Moderate,At Risk of Dehydration
37,Female,87.89,2.85,High,Hydrated
33,Male,67.73,2.52,Moderate,Hydrated
19,Female,70.92,2.38,High,At Risk of Dehydration
49,Male,71.36,3.24,Low,At Risk of Dehydration
27,Female,57.99,3.78,Low,Hydrated
24,Female,70.23,1.5,High,At Risk of Dehydration
22,Male,81.35,2.56,High,At Risk of Dehydration
48,Male,91.35,3.25,Low,Hydrated
57,Female,77.89,1.27,Moderate,At Risk of Dehydration
26,Female,76.77,2.23,High,At Risk of Dehydration
35,Male,63.46,3.97,Low,Hydrated
35,Female,84.98,2.35,High,At Risk of Dehydration
42,Male,88.45,2.66,Low,At Risk of Dehydration
24,Female,92.84,3.63,Low,Hydrated
24,Male,82.38,2.49,High,At Risk of Dehydration
43,Male,76.65,3.4,Low,Hydrated
55,Female,90.98,2.75,Moderate,At Risk of Dehydration
53,Male,91.06,1.32,High,At Risk of Dehydration
39,Female,96.24,1.85,Moderate,At Risk of Dehydration
51,Female,93.86,3.12,High,Hydrated
52,Male,96.45,1.97,Low,At Risk of Dehydration
32,Male,87.22,3.46,High,Hydrated
39,Female,70.7,1.08,Moderate,At Risk of Dehydration
49,Female,56.29,1.66,Moderate,At Risk of Dehydration
27,Male,45.55,3.45,Moderate,Hydrated
57,Female,86.45,2.1,Moderate,At Risk of Dehydration
27,Male,54.49,3.97,High,Hydrated
45,Male,86.08,2.75,High,At Risk of Dehydration
21,Male,45.37,2.67,High,Hydrated
18,Male,62.39,3.98,High,At Risk of Dehydration
31,Female,79.01,1.42,Moderate,At Risk of Dehydration
41,Male,77.69,1.82,Moderate,At Risk of Dehydration
37,Female,45.44,1.84,Moderate,At Risk of Dehydration
34,Female,76.96,2.47,Moderate,At Risk of Dehydration
24,Male,97.44,2.34,Low,At Risk of Dehydration
39,Female,61.23,3.68,Low,Hydrated
28,Female,94.23,2.72,Moderate,Hydrated
57,Male,47.95,1.25,Low,At Risk of Dehydration
47,Male,96.03,2.48,Moderate,Hydrated
22,Male,78.31,2.74,Low,Hydrated
43,Male,53.74,1.33,High,At Risk of Dehydration
39,Female,51.61,2.41,Moderate,Hydrated
21,Female,65.11,2.59,Moderate,At Risk of Dehydration
55,Female,97.77,1.48,Low,At Risk of Dehydration
58,Male,92.29,1.6,Moderate,At Risk of Dehydration
58,Male,83.97,1.71,Low,Hydrated
46,Female,85.09,2.83,High,At Risk of Dehydration
38,Male,69.56,3.0,High,Hydrated
59,Female,77.85,2.95,Low,At Risk of Dehydration
51,Male,55.66,3.73,Low,Hydrated
26,Male,87.42,1.27,High,At Risk of Dehydration
38,Female,81.44,1.7,Low,Hydrated
24,Male,94.36,1.9,Low,At Risk of Dehydration
25,Male,79.39,1.59,Moderate,At Risk of Dehydration
30,Male,63.21,2.28,Moderate,Hydrated
28,Male,85.39,3.35,High,At Risk of Dehydration
43,Male,74.43,2.1,High,At Risk of Dehydration
23,Female,85.04,2.12,Low,At Risk of Dehydration
34,Female,54.27,3.77,Low,Hydrated
19,Female,61.71,2.77,Low,Hydrated
47,Male,73.67,2.03,Moderate,At Risk of Dehydration
26,Female,90.28,2.1,High,At Risk of Dehydration
30,Male,84.77,2.88,High,At Risk of Dehydration
23,Male,50.53,3.93,Low,Hydrated
47,Female,54.66,2.12,High,At Risk of Dehydration
54,Male,94.63,3.46,Moderate,At Risk of Dehydration
32,Female,46.37,2.39,Moderate,Hydrated
46,Female,93.4,2.89,Low,At Risk of Dehydration
25,Male,72.15,1.13,Moderate,At Risk of Dehydration
50,Male,65.86,3.74,Moderate,Hydrated
51,Male,87.38,2.64,Low,Hydrated
37,Female,88.69,3.4,Moderate,At Risk of Dehydration
48,Male,81.98,3.32,Moderate,Hydrated
45,Female,90.67,2.82,High,At Risk of Dehydration
55,Female,99.33,1.25,Low,At Risk of Dehydration
28,Female,52.67,3.55,High,Hydrated
19,Male,77.13,1.34,Moderate,Hydrated
54,Female,88.7,3.6,Moderate,At Risk of Dehydration
22,Male,99.69,1.81,Low,At Risk of Dehydration
50,Male,88.85,2.13,High,Hydrated
48,Male,51.17,3.97,Moderate,Hydrated
32,Male,81.14,2.94,Moderate,At Risk of Dehydration
52,Male,63.78,3.19,Moderate,Hydrated
44,Male,66.05,3.4,High,Hydrated
54,Female,62.22,2.68,Moderate,Hydrated
55,Female,87.9,1.24,Low,At Risk of Dehydration
37,Male,58.21,2.43,High,At Risk of Dehydration
18,Female,82.31,1.54,Low,At Risk of Dehydration
51,Male,47.39,1.52,Moderate,At Risk of Dehydration
32,Female,91.9,3.03,Low,Hydrated
48,Female,50.03,2.22,High,At Risk of Dehydration
35,Female,68.37,2.03,Moderate,At Risk of Dehydration
31,Female,95.15,1.05,Low,At Risk of Dehydration
48,Female,80.64,1.08,Moderate,At Risk of Dehydration
23,Female,91.11,3.12,Moderate,At Risk of Dehydration
48,Male,95.46,3.12,Moderate,At Risk of Dehydration
30,Female,89.64,3.08,Moderate,At Risk of Dehydration
28,Female,76.9,2.76,Moderate,At Risk of Dehydration
42,Male,94.9,2.59,High,At Risk of Dehydration
45,Female,72.79,3.57,Moderate,Hydrated
30,Male,75.27,2.48,Low,At Risk of Dehydration
38,Male,89.04,1.47,High,At Risk of Dehydration
56,Male,67.19,2.8,Moderate,Hydrated
49,Female,83.51,3.81,Moderate,At Risk of Dehydration
51,Male,80.56,2.17,Low,At Risk of Dehydration
53,Female,48.94,2.62,Moderate,At Risk of Dehydration
53,Male,85.51,3.01,Low,Hydrated
53,Male,56.55,2.38,High,At Risk of Dehydration
38,Female,90.05,3.04,High,At Risk of Dehydration
36,Female,95.52,2.76,High,At Risk of Dehydration
38,Female,71.74,2.41,Moderate,At Risk of Dehydration
33,Female,94.84,1.22,Low,At Risk of Dehydration
30,Female,64.27,3.58,Low,Hydrated
53,Male,75.71,1.48,Moderate,At Risk of Dehydration
32,Male,72.1,1.82,Low,At Risk of Dehydration
56,Female,69.02,3.64,Moderate,Hydrated
32,Female,92.55,3.46,Low,At Risk of Dehydration
41,Male,55.76,2.71,Low,At Risk of Dehydration
58,Male,79.34,2.94,Moderate,At Risk of Dehydration
42,Female,86.08,3.76,Moderate,Hydrated
45,Female,57.05,1.37,Moderate,At Risk of Dehydration
53,Male,51.7,3.03,High,At Risk of Dehydration
33,Female,59.86,1.01,Low,At Risk of Dehydration
26,Female,81.17,2.09,Low,Hydrated
40,Female,97.26,3.86,Low,Hydrated
29,Male,99.58,1.5,Low,At Risk of Dehydration
55,Male,63.19,2.07,High,At Risk of Dehydration
55,Female,75.31,2.72,Low,At Risk of Dehydration
55,Male,79.97,1.35,Low,At Risk of Dehydration
56,Female,91.02,2.08,Moderate,At Risk of Dehydration
41,Male,94.32,3.53,Low,At Risk of Dehydration
47,Male,45.62,3.82,Moderate,Hydrated
42,Male,53.81,3.37,High,At Risk of Dehydration
49,Female,84.6,1.66,High,Hydrated
28,Male,81.84,3.28,Low,At Risk of Dehydration
18,Male,54.23,3.41,Moderate,At Risk of Dehydration
36,Male,85.48,1.64,Moderate,At Risk of Dehydration
59,Male,68.06,3.14,Moderate,At Risk of Dehydration
29,Male,73.4,3.02,High,Hydrated
46,Male,83.69,2.76,High,At Risk of Dehydration
34,Female,49.1,1.5,Low,At Risk of Dehydration
48,Male,86.19,1.5,High,At Risk of Dehydration
20,Male,53.08,1.5,High,At Risk of Dehydration
42,Male,51.39,2.91,Low,Hydrated
59,Male,60.36,3.43,Moderate,At Risk of Dehydration
44,Female,84.74,1.31,Moderate,At Risk of Dehydration
55,Male,67.41,1.42,High,At Risk of Dehydration
38,Male,55.74,2.97,Low,Hydrated
58,Female,82.86,3.32,Moderate,At Risk of Dehydration
20,Female,68.86,2.43,Moderate,Hydrated
52,Female,78.66,3.98,Moderate,Hydrated
58,Male,86.6,1.82,Low,At Risk of Dehydration
50,Female,79.72,2.98,High,At Risk of Dehydration
45,Male,87.35,3.68,High,Hydrated
57,Male,96.38,1.31,Low,At Risk of Dehydration
43,Female,53.29,3.91,High,Hydrated
37,Female,64.93,2.22,High,At Risk of Dehydration
27,Male,94.01,3.68,Low,Hydrated
55,Male,73.51,3.63,Low,At Risk of Dehydration
33,Female,79.67,2.35,Low,At Risk of Dehydration
24,Female,64.01,1.16,Moderate,At Risk of Dehydration
42,Male,64.5,2.16,Moderate,At Risk of Dehydration
56,Female,51.99,3.25,Low,Hydrated
35,Male,61.01,2.77,Moderate,At Risk of Dehydration
46,Female,82.12,3.0,High,Hydrated
53,Male,77.28,1.28,Low,At Risk of Dehydration
43,Female,96.99,1.42,High,At Risk of Dehydration
58,Female,93.35,1.81,Low,At Risk of Dehydration
59,Male,67.81,2.69,Moderate,At Risk of Dehydration
42,Male,54.68,2.57,Moderate,Hydrated
55,Female,82.42,2.03,Moderate,At Risk of Dehydration
39,Female,50.63,3.43,High,At Risk of Dehydration
55,Male,86.01,3.14,Low,At Risk of Dehydration
48,Male,61.06,2.3,Low,Hydrated
27,Female,50.74,1.25,High,At Risk of Dehydration
31,Male,52.51,1.76,Moderate,At Risk of Dehydration
46,Female,48.37,3.07,Moderate,Hydrated
39,Female,89.95,2.66,Low,At Risk of Dehydration
41,Male,54.95,2.64,High,At Risk of Dehydration
50,Female,61.4,3.51,Moderate,At Risk of Dehydration
55,Male,61.33,3.17,Low,Hydrated
18,Male,48.62,1.17,Moderate,At Risk of Dehydration
54,Male,85.26,3.8,Low,Hydrated
47,Male,63.42,2.26,Moderate,At Risk of Dehydration
27,Male,47.78,1.46,Low,At Risk of Dehydration
47,Male,83.28,2.44,High,At Risk of Dehydration
37,Female,68.04,2.35,Low,At Risk of Dehydration
40,Male,65.1,3.47,High,Hydrated
24,Male,62.63,1.68,High,At Risk of Dehydration
44,Male,80.72,1.01,High,At Risk of Dehydration
58,Female,94.51,3.75,High,Hydrated
48,Female,69.25,2.98,Moderate,Hydrated
20,Male,73.1,3.12,Low,At Risk of Dehydration
58,Female,49.73,2.31,Low,At Risk of Dehydration
29,Female,48.68,2.05,High,At Risk of Dehydration
42,Female,54.62,2.74,Moderate,Hydrated
31,Male,60.29,3.67,High,Hydrated
52,Male,45.72,3.86,High,Hydrated
55,Male,80.83,3.76,Low,Hydrated
52,Male,60.64,2.67,High,At Risk of Dehydration
45,Female,89.82,3.03,Low,Hydrated
50,Female,46.79,2.39,High,Hydrated
38,Female,96.21,3.94,Low,Hydrated
38,Male,50.51,2.53,Moderate,At Risk of Dehydration
29,Female,82.95,2.02,Moderate,At Risk of Dehydration
38,Female,52.92,2.13,High,Hydrated
56,Male,79.08,1.13,High,At Risk of Dehydration
29,Male,96.85,1.13,Low,At Risk of Dehydration
43,Male,52.48,2.86,Low,At Risk of Dehydration
50,Female,49.25,3.93,High,Hydrated
36,Female,80.5,3.11,Low,At Risk of Dehydration
22,Male,82.73,3.68,Moderate,At Risk of Dehydration
52,Male,46.29,3.21,High,At Risk of Dehydration
37,Male,84.88,2.2,High,At Risk of Dehydration
55,Male,81.83,3.18,Low,Hydrated
41,Female,48.21,2.48,Moderate,Hydrated
56,Female,48.05,1.96,Low,At Risk of Dehydration
22,Female,91.71,2.48,High,At Risk of Dehydration
35,Male,68.1,1.63,Moderate,At Risk of Dehydration
21,Female,75.06,1.27,High,At Risk of Dehydration
55,Male,83.91,3.78,Low,At Risk of Dehydration
30,Male,59.05,1.54,Moderate,At Risk of Dehydration
42,Male,76.26,1.56,High,At Risk of Dehydration
59,Female,99.5,3.71,Low,Hydrated
50,Female,64.49,1.52,Moderate,At Risk of Dehydration
18,Female,81.39,1.83,High,At Risk of Dehydration
29,Male,62.86,2.66,Moderate,At Risk of Dehydration
30,Male,78.76,1.75,High,At Risk of Dehydration
30,Male,71.07,3.16,Moderate,Hydrated
31,Female,84.61,3.52,Low,Hydrated
27,Male,93.58,2.18,High,At Risk of Dehydration
43,Female,51.82,3.21,High,Hydrated
37,Female,74.52,1.14,High,At Risk of Dehydration
46,Male,51.31,3.86,High,Hydrated
59,Male,90.77,2.59,High,At Risk of Dehydration
41,Male,83.38,2.63,Low,At Risk of Dehydration
36,Female,82.69,3.83,Low,Hydrated
58,Male,87.34,1.82,Moderate,At Risk of Dehydration
54,Female,92.35,2.08,Low,Hydrated
21,Female,55.81,3.37,Low,At Risk of Dehydration
41,Female,48.95,2.67,Low,At Risk of Dehydration
42,Male,96.72,1.39,High,At Risk of Dehydration
32,Female,66.74,2.3,Low,At Risk of Dehydration
45,Male,48.36,3.37,Low,Hydrated
54,Male,72.13,3.34,High,At Risk of Dehydration
47,Male,58.58,3.78,Moderate,At Risk of Dehydration
55,Male,45.88,1.22,Low,At Risk of Dehydration
34,Female,97.49,1.44,High,At Risk of Dehydration
39,Female,50.72,1.12,Moderate,At Risk of Dehydration
24,Female,49.29,1.08,Low,Hydrated
38,Male,89.8,3.46,Low,Hydrated
26,Male,90.04,2.17,Moderate,At Risk of Dehydration
29,Male,91.4,3.21,Low,Hydrated
46,Male,73.35,2.32,Low,At Risk of Dehydration
50,Male,80.47,1.64,High,At Risk of Dehydration
19,Male,84.68,3.06,Moderate,At Risk of Dehydration
55,Female,70.87,2.17,Low,At Risk of Dehydration
36,Female,71.12,1.35,Low,At Risk of Dehydration
21,Female,53.26,3.82,Low,Hydrated
41,Male,86.7,2.62,High,At Risk of Dehydration
21,Male,68.39,2.19,Moderate,At Risk of Dehydration
54,Male,70.11,3.27,Moderate,Hydrated
56,Female,99.66,2.75,Moderate,Hydrated
35,Male,70.0,3.02,Low,At Risk of Dehydration
41,Male,75.2,3.15,Moderate,Hydrated
39,Female,61.36,1.16,Low,At Risk of Dehydration
24,Female,51.41,1.34,Moderate,At Risk of Dehydration
29,Female,93.86,2.42,Low,At Risk of Dehydration
55,Female,67.88,3.09,Moderate,At Risk of Dehydration
38,Male,88.56,2.23,High,At Risk of Dehydration
52,Female,66.39,1.77,Moderate,At Risk of Dehydration
20,Female,45.6,1.59,Low,At Risk of Dehydration
35,Male,94.8,1.11,Low,Hydrated
45,Male,89.99,1.22,Low,At Risk of Dehydration
20,Male,81.11,1.44,Moderate,At Risk of Dehydration
56,Female,86.96,1.1,High,At Risk of Dehydration
51,Female,52.04,3.59,Moderate,Hydrated
26,Male,96.05,1.47,High,At Risk of Dehydration
40,Male,62.94,2.93,Moderate,Hydrated
49,Male,95.73,1.43,Low,At Risk of Dehydration
39,Male,64.1,3.9,Low,Hydrated
30,Male,58.55,1.97,Moderate,At Risk of Dehydration
21,Male,81.57,3.57,Moderate,Hydrated
59,Male,74.43,1.29,High,At Risk of Dehydration
26,Female,70.82,1.01,Low,At Risk of Dehydration
52,Female,86.85,3.14,Low,At Risk of Dehydration
48,Female,82.18,1.46,High,At Risk of Dehydration
46,Male,61.02,3.83,Low,Hydrated
21,Female,72.32,2.11,Moderate,At Risk of Dehydration
41,Male,51.27,3.19,High,Hydrated
29,Female,72.22,1.41,Low,At Risk of Dehydration
59,Male,52.99,3.07,Moderate,Hydrated
41,Female,77.9,2.77,Low,At Risk of Dehydration
48,Female,49.03,2.56,Low,Hydrated
59,Female,75.77,1.72,High,At Risk of Dehydration
33,Male,65.37,1.31,Low,At Risk of Dehydration
36,Male,71.72,1.36,High,At Risk of Dehydration
47,Male,64.5,3.27,Low,At Risk of Dehydration
27,Male,64.83,1.36,Low,At Risk of Dehydration
53,Female,67.92,1.24,Low,At Risk of Dehydration
53,Female,57.73,3.3,Moderate,Hydrated
59,Female,50.46,3.43,Moderate,Hydrated
26,Male,91.57,1.46,Low,At Risk of Dehydration
27,Female,74.21,1.39,High,At Risk of Dehydration
30,Female,60.91,1.62,Low,At Risk of Dehydration
35,Male,50.65,2.52,High,Hydrated
39,Female,97.69,1.12,Moderate,At Risk of Dehydration
47,Female,87.22,1.89,High,At Risk of Dehydration
44,Male,64.03,3.76,High,Hydrated
45,Male,63.7,2.29,Moderate,At Risk of Dehydration
42,Female,75.37,2.1,Moderate,At Risk of Dehydration
55,Female,63.77,2.57,High,At Risk of Dehydration
51,Male,67.46,1.89,High,At Risk of Dehydration
43,Male,69.57,1.3,Moderate,At Risk of Dehydration
35,Female,51.91,1.74,High,At Risk of Dehydration
42,Male,62.32,1.87,High,At Risk of Dehydration
19,Female,51.49,3.35,High,Hydrated
45,Male,90.8,3.96,Low,Hydrated
33,Male,65.57,1.58,High,At Risk of Dehydration
26,Male,60.98,2.74,High,At Risk of Dehydration
32,Male,54.65,1.18,Low,At Risk of Dehydration
18,Female,89.67,2.31,Low,Hydrated
20,Female,95.2,3.55,Low,At Risk of Dehydration
35,Female,53.79,1.98,Low,At Risk of Dehydration
49,Female,45.17,1.23,Moderate,At Risk of Dehydration
40,Female,68.04,3.1,High,At Risk of Dehydration
59,Male,97.44,3.96,Low,Hydrated
51,Female,70.22,2.3,Low,At Risk of Dehydration
45,Female,64.42,3.97,Moderate,Hydrated
38,Female,98.35,3.02,Moderate,At Risk of Dehydration
24,Female,47.34,2.94,Low,At Risk of Dehydration
41,Male,69.86,3.08,Low,Hydrated
43,Female,82.39,2.44,Low,At Risk of Dehydration
20,Male,92.54,1.55,Moderate,At Risk of Dehydration
53,Female,51.23,2.19,Moderate,At Risk of Dehydration
54,Male,72.13,1.0,Low,At Risk of Dehydration
55,Male,55.37,1.55,Moderate,At Risk of Dehydration
58,Male,47.74,1.5,Moderate,Hydrated
32,Male,67.53,1.76,Low,At Risk of Dehydration
24,Female,97.81,2.16,High,At Risk of Dehydration
29,Male,83.02,3.15,Low,Hydrated
41,Female,62.68,3.09,Low,At Risk of Dehydration
31,Female,93.63,2.27,Low,At Risk of Dehydration
58,Male,99.65,1.08,Moderate,At Risk of Dehydration
52,Male,94.44,2.35,High,Hydrated
32,Female,54.83,2.53,Moderate,Hydrated
45,Male,59.29,1.14,Moderate,At Risk of Dehydration
35,Female,93.9,3.9,Low,Hydrated
43,Female,86.8,1.76,Low,At Risk of Dehydration
59,Male,59.42,3.43,Low,At Risk of Dehydration
59,Female,63.85,2.95,High,Hydrated
25,Male,65.91,1.47,Moderate,At Risk of Dehydration
37,Female,83.97,3.62,High,Hydrated
51,Female,87.5,2.16,High,At Risk of Dehydration
29,Female,63.05,3.66,High,Hydrated
48,Male,62.42,1.17,Low,At Risk of Dehydration
38,Female,50.06,1.7,High,At Risk of Dehydration
21,Female,79.25,1.43,Moderate,At Risk of Dehydration
33,Female,74.01,2.01,Moderate,At Risk of Dehydration
45,Male,91.17,1.62,Moderate,At Risk of Dehydration
45,Female,96.33,3.2,Low,Hydrated
24,Female,84.07,1.84,High,At Risk of Dehydration
38,Female,79.23,2.18,Low,At Risk of Dehydration
59,Male,70.31,1.85,Moderate,At Risk of Dehydration
31,Female,51.05,1.08,Moderate,At Risk of Dehydration
32,Male,80.69,1.68,Low,At Risk of Dehydration
23,Female,54.18,1.05,High,At Risk of Dehydration
25,Female,58.96,1.1,Low,At Risk of Dehydration
43,Female,47.28,2.64,High,At Risk of Dehydration
22,Female,59.58,2.81,High,At Risk of Dehydration
34,Female,46.35,1.32,High,At Risk of Dehydration
24,Male,83.76,1.62,Low,At Risk of Dehydration
41,Male,61.85,3.73,High,At Risk of Dehydration
40,Male,73.47,1.87,Moderate,At Risk of Dehydration
55,Female,71.69,2.54,Moderate,At Risk of Dehydration
51,Female,61.22,1.58,Low,At Risk of Dehydration
31,Female,70.35,2.36,Moderate,At Risk of Dehydration
28,Male,78.57,1.89,Moderate,At Risk of Dehydration
30,Female,66.19,1.8,Low,Hydrated
39,Female,68.38,3.82,Moderate,Hydrated
38,Male,89.57,1.92,Low,At Risk of Dehydration
43,Female,65.98,1.33,High,At Risk of Dehydration
36,Female,67.73,1.73,Low,At Risk of Dehydration
44,Male,45.1,3.68,High,At Risk of Dehydration
23,Male,70.49,1.33,High,At Risk of Dehydration
20,Male,96.41,3.0,High,At Risk of Dehydration
41,Female,85.19,1.62,Low,At Risk of Dehydration
59,Male,94.08,1.94,High,At Risk of Dehydration
42,Female,80.34,3.53,High,At Risk of Dehydration
26,Male,46.6,1.8,Low,At Risk of Dehydration
37,Male,47.7,3.83,Moderate,Hydrated
26,Male,54.84,2.63,High,At Risk of Dehydration
48,Female,71.16,3.59,Low,Hydrated
57,Male,80.39,3.11,Low,Hydrated
46,Male,86.88,2.55,High,At Risk of Dehydration
47,Male,58.62,3.06,Low,At Risk of Dehydration
54,Female,46.27,1.28,Moderate,Hydrated
40,Male,75.98,2.72,High,At Risk of Dehydration
54,Female,89.31,3.54,Low,Hydrated
31,Female,72.92,3.61,Low,At Risk of Dehydration
47,Male,47.21,1.26,Low,At Risk of Dehydration
56,Female,97.89,3.31,Low,At Risk of Dehydration
21,Female,57.88,2.7,Moderate,Hydrated
26,Female,91.82,2.3,Low,At Risk of Dehydration
32,Male,75.97,1.93,Low,At Risk of Dehydration
53,Male,64.25,2.8,High,Hydrated
58,Female,76.33,3.28,Moderate,Hydrated
19,Female,76.46,3.1,Low,At Risk of Dehydration
56,Male,92.94,2.86,High,At Risk of Dehydration
53,Female,66.62,2.04,High,Hydrated
26,Female,88.43,3.6,Moderate,Hydrated
42,Male,93.04,2.57,High,At Risk of Dehydration
37,Male,94.84,3.42,Moderate,At Risk of Dehydration
25,Female,60.55,2.81,Low,Hydrated
35,Male,99.02,1.58,Low,At Risk of Dehydration
40,Female,53.29,1.63,Low,At Risk of Dehydration
38,Female,63.62,2.13,Moderate,At Risk of Dehydration
54,Male,77.36,2.67,High,At Risk of Dehydration
21,Female,46.5,1.57,High,At Risk of Dehydration
24,Female,80.32,3.02,Low,At Risk of Dehydration
37,Female,69.68,3.61,Low,Hydrated
44,Female,90.39,1.67,Low,At Risk of Dehydration
59,Male,51.05,3.23,Moderate,Hydrated
57,Male,46.98,2.94,High,At Risk of Dehydration
34,Male,99.72,2.03,High,At Risk of Dehydration
36,Male,87.88,2.28,High,At Risk of Dehydration
28,Female,92.53,2.56,High,At Risk of Dehydration
55,Female,61.51,1.11,Low,At Risk of Dehydration
34,Female,60.57,1.22,Low,At Risk of Dehydration
25,Male,54.25,3.92,High,Hydrated
34,Male,73.24,1.36,Low,At Risk of Dehydration
51,Female,72.0,1.6,High,At Risk of Dehydration
29,Female,57.13,1.84,Moderate,At Risk of Dehydration
28,Female,89.6,3.7,High,Hydrated
48,Male,53.5,1.6,Low,At Risk of Dehydration
26,Male,64.06,1.81,High,At Risk of Dehydration
21,Female,83.25,2.46,Low,At Risk of Dehydration
55,Male,90.76,2.65,Moderate,At Risk of Dehydration
19,Male,60.92,3.64,High,At Risk of Dehydration
55,Female,86.83,2.07,Moderate,At Risk of Dehydration
51,Female,48.03,1.05,Moderate,At Risk of Dehydration
51,Female,58.02,1.21,High,At Risk of Dehydration
30,Male,86.94,2.55,Moderate,At Risk of Dehydration
50,Female,78.03,3.8,Low,Hydrated
33,Female,92.53,1.71,Moderate,At Risk of Dehydration
45,Female,75.18,3.83,Low,Hydrated
21,Female,55.75,1.36,Low,Hydrated
43,Male,81.52,1.61,Low,At Risk of Dehydration
25,Male,56.5,3.97,Low,Hydrated
24,Male,83.21,1.02,Moderate,At Risk of Dehydration
52,Female,74.99,1.09,Low,At Risk of Dehydration
30,Female,59.65,3.68,High,At Risk of Dehydration
44,Male,69.02,3.57,High,At Risk of Dehydration
56,Male,80.51,3.21,High,At Risk of Dehydration
37,Male,51.63,1.8,Moderate,At Risk of Dehydration
30,Female,61.4,2.13,Low,Hydrated
53,Female,59.16,1.15,Low,At Risk of Dehydration
20,Female,97.49,1.22,Moderate,At Risk of Dehydration
50,Male,67.94,1.24,Low,At Risk of Dehydration
58,Male,99.21,2.12,High,At Risk of Dehydration
22,Male,85.08,2.45,Moderate,Hydrated
40,Male,69.54,3.84,Low,Hydrated
41,Male,73.56,1.64,Moderate,At Risk of Dehydration
45,Female,50.74,3.78,High,Hydrated
30,Female,93.57,3.49,Low,At Risk of Dehydration
58,Male,66.97,3.25,Moderate,Hydrated
23,Male,84.16,2.02,High,At Risk of Dehydration
24,Female,72.14,2.54,Moderate,At Risk of Dehydration
51,Male,89.21,2.0,Moderate,At Risk of Dehydration
41,Male,45.19,1.79,Moderate,Hydrated
42,Male,86.33,3.15,Moderate,Hydrated
25,Male,47.36,3.21,High,At Risk of Dehydration
49,Male,48.37,3.26,Low,Hydrated
47,Male,91.65,1.86,Low,At Risk of Dehydration
29,Female,94.76,3.87,Moderate,Hydrated
54,Female,71.01,3.75,Low,Hydrated
45,Male,58.59,2.64,Low,Hydrated
42,Female,97.83,1.08,Moderate,At Risk of Dehydration
23,Male,78.85,1.08,Low,At Risk of Dehydration
49,Male,48.52,3.98,Low,Hydrated
58,Male,58.69,2.89,High,Hydrated
56,Male,94.29,3.87,Low,At Risk of Dehydration
20,Male,51.38,1.61,Moderate,At Risk of Dehydration
43,Female,64.07,2.94,Moderate,Hydrated
27,Male,82.56,3.37,High,Hydrated
40,Female,73.97,1.23,Moderate,At Risk of Dehydration
57,Male,75.85,2.92,Moderate,At Risk of Dehydration
50,Male,59.64,3.69,Low,At Risk of Dehydration
41,Female,72.45,3.91,Low,Hydrated
41,Female,68.09,1.19,Low,At Risk of Dehydration
36,Female,69.19,1.74,Moderate,At Risk of Dehydration
59,Male,70.05,3.08,Low,At Risk of Dehydration
51,Female,72.6,1.89,Moderate,At Risk of Dehydration
57,Male,52.03,1.81,Moderate,At Risk of Dehydration
47,Male,55.73,2.16,Low,Hydrated
57,Male,89.47,1.48,Moderate,At Risk of Dehydration
36,Female,66.98,2.37,High,At Risk of Dehydration
38,Female,98.52,2.83,Low,At Risk of Dehydration
32,Female,82.99,2.9,Low,At Risk of Dehydration
37,Female,69.67,1.47,Moderate,Hydrated
30,Male,62.76,2.82,Low,Hydrated
21,Male,49.6,3.45,Moderate,At Risk of Dehydration
23,Male,90.01,2.84,Moderate,Hydrated
21,Female,57.0,2.18,Low,At Risk of Dehydration
20,Male,89.43,1.77,Low,At Risk of Dehydration
54,Female,67.5,3.55,Moderate,Hydrated
54,Female,77.73,1.12,Low,At Risk of Dehydration
38,Female,59.48,1.74,Low,At Risk of Dehydration
43,Female,72.87,1.03,Low,At Risk of Dehydration
52,Male,80.01,1.52,Moderate,At Risk of Dehydration
39,Male,67.03,1.65,Low,At Risk of Dehydration
33,Male,61.63,2.61,High,At Risk of Dehydration
27,Male,95.97,1.84,Moderate,At Risk of Dehydration
31,Female,50.69,2.86,Moderate,Hydrated
24,Male,71.29,3.98,Low,Hydrated
23,Female,70.63,3.19,Low,Hydrated
54,Male,71.53,2.06,High,At Risk of Dehydration
53,Female,89.51,1.16,Low,At Risk of Dehydration
42,Male,70.69,1.79,Moderate,At Risk of Dehydration
39,Male,93.13,1.02,Low,At Risk of Dehydration
45,Female,52.71,3.5,High,Hydrated
44,Male,81.19,2.24,High,At Risk of Dehydration
45,Female,55.66,1.97,Low,At Risk of Dehydration
51,Female,93.12,3.23,Moderate,At Risk of Dehydration
54,Male,73.96,2.8,High,At Risk of Dehydration
48,Female,69.53,2.18,High,At Risk of Dehydration
26,Female,65.28,1.32,High,At Risk of Dehydration
59,Female,99.88,3.32,Moderate,At Risk of Dehydration
34,Male,67.59,1.11,Moderate,At Risk of Dehydration
30,Male,56.67,3.0,High,At Risk of Dehydration
57,Male,98.87,1.86,Low,At Risk of Dehydration
32,Male,90.25,2.82,Moderate,At Risk of Dehydration
26,Female,51.8,1.78,High,Hydrated
20,Male,91.39,2.66,High,At Risk of Dehydration
52,Female,58.32,3.88,High,Hydrated
32,Male,51.97,3.96,High,Hydrated
35,Male,68.04,3.32,Low,Hydrated
34,Female,85.06,1.47,Moderate,At Risk of Dehydration
32,Male,83.45,3.86,High,Hydrated
35,Male,48.57,2.58,Low,At Risk of Dehydration
50,Male,66.22,2.3,Moderate,At Risk of Dehydration
56,Male,47.53,1.38,Moderate,At Risk of Dehydration
48,Female,94.61,3.3,Moderate,At Risk of Dehydration
30,Female,90.64,1.8,Moderate,At Risk of Dehydration
57,Female,66.02,2.4,Moderate,At Risk of Dehydration
32,Female,47.79,1.31,High,At Risk of Dehydration
40,Female,45.19,2.56,Moderate,At Risk of Dehydration
47,Male,64.27,2.97,High,At Risk of Dehydration
19,Male,61.01,3.32,Low,Hydrated
21,Male,50.12,1.54,Low,At Risk of Dehydration
46,Male,83.86,3.63,Low,Hydrated
51,Female,81.36,2.63,Low,Hydrated
42,Male,99.81,1.95,High,At Risk of Dehydration
39,Male,88.79,3.47,Low,Hydrated
57,Female,51.71,2.57,Moderate,At Risk of Dehydration
22,Female,86.05,3.32,Moderate,At Risk of Dehydration
57,Female,53.03,3.53,High,Hydrated
35,Male,49.61,2.53,Low,Hydrated
39,Female,80.93,3.6,Moderate,Hydrated
25,Male,96.34,3.58,High,Hydrated
51,Male,56.49,3.85,Low,Hydrated
20,Female,89.75,2.8,Low,At Risk of Dehydration
21,Female,84.19,3.38,Low,At Risk of Dehydration
24,Female,89.91,3.03,Low,Hydrated
40,Male,75.94,1.36,High,At Risk of Dehydration
38,Female,75.11,3.97,High,At Risk of Dehydration
54,Female,47.42,1.55,High,At Risk of Dehydration
51,Female,47.86,3.05,Moderate,At Risk of Dehydration
46,Male,89.66,3.32,Moderate,Hydrated
50,Male,63.13,1.17,High,At Risk of Dehydration
32,Male,67.7,1.83,High,At Risk of Dehydration
38,Male,71.11,1.73,Low,At Risk of Dehydration
43,Female,91.43,2.39,High,At Risk of Dehydration
28,Male,64.38,1.93,Low,At Risk of Dehydration
19,Female,88.48,2.34,Moderate,At Risk of Dehydration
35,Male,94.41,2.84,High,At Risk of Dehydration
40,Female,60.2,3.87,Moderate,Hydrated
35,Female,88.38,3.18,Low,Hydrated
48,Male,50.32,1.57,Low,At Risk of Dehydration
25,Male,72.38,1.33,Moderate,At Risk of Dehydration
58,Male,64.25,1.32,High,At Risk of Dehydration
27,Female,54.52,1.66,Moderate,At Risk of Dehydration
22,Male,87.62,1.86,Low,At Risk of Dehydration
59,Male,85.99,1.69,High,At Risk of Dehydration
45,Male,51.88,2.67,High,At Risk of Dehydration
20,Male,99.64,1.26,Low,At Risk of Dehydration
22,Female,89.07,3.42,High,Hydrated
47,Female,76.5,2.52,Low,At Risk of Dehydration
39,Female,70.77,3.43,Moderate,At Risk of Dehydration
46,Male,70.92,3.27,Moderate,At Risk of Dehydration
43,Female,82.5,2.06,High,Hydrated
58,Female,75.69,3.22,Low,At Risk of Dehydration
26,Female,81.89,1.69,Moderate,At Risk of Dehydration
51,Male,95.55,1.59,High,At Risk of Dehydration
40,Male,95.65,3.29,Low,Hydrated
42,Female,71.03,2.78,High,At Risk of Dehydration
38,Female,71.18,3.53,Moderate,Hydrated
42,Female,71.87,3.1,Moderate,At Risk of Dehydration
51,Female,75.5,3.44,High,Hydrated
47,Male,65.09,1.17,High,At Risk of Dehydration
35,Male,95.78,3.33,Moderate,Hydrated
32,Male,62.92,1.58,Low,At Risk of Dehydration
43,Male,91.8,1.58,Low,At Risk of Dehydration
53,Female,61.82,3.36,Low,At Risk of Dehydration
51,Male,51.42,2.67,Moderate,At Risk of Dehydration
18,Male,60.39,3.99,Moderate,Hydrated
30,Female,91.36,3.65,High,At Risk of Dehydration
19,Male,77.45,1.55,Moderate,At Risk of Dehydration
48,Male,77.97,2.06,Moderate,At Risk of Dehydration
27,Female,78.46,1.99,Moderate,At Risk of Dehydration
52,Male,50.68,2.97,Moderate,At Risk of Dehydration
24,Female,52.16,2.72,Low,At Risk of Dehydration
51,Female,71.85,1.01,Moderate,At Risk of Dehydration
30,Female,68.61,3.55,Moderate,Hydrated
57,Female,63.81,3.13,Low,Hydrated
27,Male,76.92,1.34,High,At Risk of Dehydration
25,Male,92.58,2.21,High,At Risk of Dehydration
31,Female,47.24,3.84,Low,Hydrated
58,Female,49.63,3.88,Low,Hydrated
21,Male,57.93,1.94,Low,At Risk of Dehydration
26,Female,95.56,2.36,High,At Risk of Dehydration
55,Female,58.8,2.03,Moderate,At Risk of Dehydration
18,Male,61.77,3.67,High,At Risk of Dehydration
27,Female,75.32,3.52,Moderate,At Risk of Dehydration
43,Male,95.52,2.02,Moderate,At Risk of Dehydration
58,Female,47.15,3.65,Moderate,Hydrated
56,Male,50.13,2.05,Low,Hydrated
41,Female,89.58,3.24,High,Hydrated
44,Female,75.99,2.06,High,At Risk of Dehydration
56,Female,86.92,1.32,Low,At Risk of Dehydration
20,Male,47.98,3.69,Moderate,At Risk of Dehydration
28,Female,62.56,2.36,Low,At Risk of Dehydration
21,Male,98.34,3.55,High,Hydrated
44,Female,91.96,2.84,High,At Risk of Dehydration
39,Female,46.66,2.71,Low,Hydrated
41,Male,87.24,1.28,Low,At Risk of Dehydration
24,Female,70.59,2.19,Low,At Risk of Dehydration
32,Male,80.9,2.93,Moderate,At Risk of Dehydration
43,Female,81.38,3.9,Moderate,Hydrated
35,Male,48.73,1.87,Moderate,At Risk of Dehydration
45,Male,85.19,3.68,Low,Hydrated
32,Female,70.46,2.93,Moderate,At Risk of Dehydration
45,Female,78.78,3.42,High,Hydrated
57,Female,64.23,1.69,Moderate,At Risk of Dehydration
46,Female,80.4,3.45,Moderate,Hydrated
56,Female,89.81,3.81,Low,Hydrated
24,Male,67.0,3.66,High,Hydrated
19,Male,49.32,2.83,High,At Risk of Dehydration
49,Female,91.07,3.92,Low,Hydrated
49,Female,98.03,2.29,High,At Risk of Dehydration
25,Male,80.42,3.28,Moderate,Hydrated
56,Female,76.53,1.75,Moderate,At Risk of Dehydration
34,Female,76.96,2.47,Moderate,At Risk of Dehydration
39,Male,67.72,1.92,Low,At Risk of Dehydration
46,Female,59.17,3.4,High,At Risk of Dehydration
54,Female,80.41,2.75,Moderate,At Risk of Dehydration
33,Female,65.53,1.35,High,At Risk of Dehydration
30,Female,79.65,1.4,High,At Risk of Dehydration
38,Female,51.61,1.12,High,At Risk of Dehydration
48,Male,81.85,2.01,High,At Risk of Dehydration
46,Female,96.53,3.64,Moderate,Hydrated
55,Female,62.8,1.86,High,At Risk of Dehydration
57,Male,93.96,2.53,Moderate,At Risk of Dehydration
34,Male,81.11,3.34,Low,Hydrated
21,Male,73.93,3.83,Low,Hydrated
38,Female,55.53,1.88,Moderate,Hydrated
40,Female,86.48,1.15,Moderate,At Risk of Dehydration
21,Female,46.96,1.28,Moderate,At Risk of Dehydration
23,Male,50.98,3.44,Low,Hydrated
27,Female,95.22,3.92,Low,Hydrated
26,Female,92.3,3.46,Moderate,Hydrated
48,Male,83.43,1.35,Moderate,At Risk of Dehydration
50,Female,51.09,2.29,High,At Risk of Dehydration
54,Male,75.5,2.53,High,Hydrated
22,Male,49.4,3.54,Moderate,At Risk of Dehydration
30,Female,63.62,1.04,High,At Risk of Dehydration
59,Male,71.93,3.2,High,Hydrated
55,Male,86.57,2.82,High,At Risk of Dehydration
37,Male,90.9,2.42,Low,At Risk of Dehydration
34,Female,55.32,1.95,High,Hydrated
50,Male,77.33,2.35,Low,At Risk of Dehydration
42,Female,84.77,1.92,High,At Risk of Dehydration
18,Male,97.21,3.75,High,Hydrated
35,Female,73.44,3.75,Low,At Risk of Dehydration
23,Male,60.06,3.09,Low,At Risk of Dehydration
20,Female,88.64,2.54,High,Hydrated
28,Male,58.42,3.3,Low,Hydrated
19,Female,74.27,3.37,Low,At Risk of Dehydration
26,Female,46.55,3.42,Low,At Risk of Dehydration
29,Female,56.21,1.36,Low,At Risk of Dehydration
54,Male,70.05,2.58,High,Hydrated
45,Male,79.11,2.58,Moderate,At Risk of Dehydration
53,Male,74.6,3.03,High,At Risk of Dehydration
51,Male,68.32,2.32,Low,At Risk of Dehydration
36,Male,56.0,1.41,Low,At Risk of Dehydration
35,Male,84.84,1.56,Moderate,At Risk of Dehydration
38,Female,87.58,2.71,Moderate,At Risk of Dehydration
19,Female,59.68,1.66,Low,At Risk of Dehydration
56,Female,69.51,3.54,High,At Risk of Dehydration
38,Male,78.29,3.83,Low,Hydrated
48,Male,79.92,3.17,Low,At Risk of Dehydration
38,Female,96.6,1.68,Low,At Risk of Dehydration
58,Male,73.76,1.62,Low,At Risk of Dehydration
53,Male,49.36,1.07,Low,At Risk of Dehydration
38,Male,68.64,2.04,Moderate,At Risk of Dehydration
26,Female,67.82,2.08,Low,At Risk of Dehydration
57,Female,66.79,2.52,Low,At Risk of Dehydration
29,Female,52.99,3.94,Moderate,Hydrated
35,Male,52.75,3.2,Low,At Risk of Dehydration
33,Male,88.91,3.61,High,At Risk of Dehydration
59,Male,95.93,2.4,Moderate,At Risk of Dehydration
58,Male,50.66,2.25,Moderate,At Risk of Dehydration
38,Male,65.44,3.97,Low,Hydrated
24,Female,70.36,1.44,Low,At Risk of Dehydration
37,Male,76.17,3.36,Moderate,Hydrated
40,Female,91.37,1.67,Moderate,At Risk of Dehydration
26,Male,89.95,2.45,High,Hydrated
32,Male,71.42,1.87,Moderate,At Risk of Dehydration
24,Male,83.21,1.02,Moderate,At Risk of Dehydration
49,Female,53.45,2.84,Low,Hydrated
36,Female,90.15,2.44,Low,At Risk of Dehydration
39,Male,92.79,2.83,Low,At Risk of Dehydration
41,Female,54.42,2.71,Moderate,Hydrated
55,Female,92.53,3.99,Moderate,At Risk of Dehydration
52,Male,85.48,3.64,Moderate,Hydrated
45,Male,73.27,3.14,Low,Hydrated
18,Male,89.85,2.49,Moderate,At Risk of Dehydration
53,Male,86.67,1.47,Low,At Risk of Dehydration
47,Male,98.27,1.58,High,At Risk of Dehydration
50,Male,48.55,2.78,High,At Risk of Dehydration
43,Female,86.84,1.61,Moderate,At Risk of Dehydration
39,Male,57.06,2.34,Moderate,At Risk of Dehydration
46,Male,50.17,1.8,High,At Risk of Dehydration
42,Male,48.39,1.86,Moderate,Hydrated
56,Male,83.01,1.27,Moderate,At Risk of Dehydration
47,Female,53.08,3.38,High,At Risk of Dehydration
22,Female,54.42,2.04,Moderate,At Risk of Dehydration
43,Male,87.34,3.1,Low,At Risk of Dehydration
47,Male,62.25,3.11,Moderate,At Risk of Dehydration
53,Female,53.83,3.66,Moderate,Hydrated
19,Female,59.26,2.26,High,Hydrated
36,Female,72.99,3.55,Low,At Risk of Dehydration
22,Female,97.83,1.06,Low,At Risk of Dehydration
46,Male,67.12,3.38,Low,At Risk of Dehydration
34,Female,54.81,2.52,Low,At Risk of Dehydration
39,Male,92.59,2.58,Moderate,At Risk of Dehydration
25,Male,74.77,1.52,High,At Risk of Dehydration
43,Female,85.65,3.84,High,Hydrated
56,Male,55.63,1.75,Low,At Risk of Dehydration
34,Male,65.59,1.95,Moderate,At Risk of Dehydration
26,Male,80.41,3.67,Moderate,Hydrated
38,Female,58.07,2.03,High,At Risk of Dehydration
57,Female,87.87,2.99,Moderate,At Risk of Dehydration
43,Male,90.0,3.16,Moderate,At Risk of Dehydration
28,Female,45.96,1.55,Low,At Risk of Dehydration
44,Female,68.98,3.08,Low,Hydrated
25,Female,85.09,2.44,Moderate,Hydrated
53,Male,89.99,1.92,High,At Risk of Dehydration
18,Female,79.68,2.5,Moderate,Hydrated
57,Male,97.02,1.66,Low,At Risk of Dehydration
36,Male,59.36,2.18,Moderate,At Risk of Dehydration
55,Female,51.64,2.52,Low,Hydrated
20,Male,91.39,2.66,High,At Risk of Dehydration
33,Female,48.4,2.21,Low,At Risk of Dehydration
29,Male,54.77,2.03,Moderate,At Risk of Dehydration
29,Female,65.61,1.83,Moderate,At Risk of Dehydration
20,Female,63.71,1.32,Moderate,At Risk of Dehydration
43,Male,53.74,1.33,High,At Risk of Dehydration
43,Female,55.19,3.08,Moderate,At Risk of Dehydration
23,Male,52.79,2.07,Low,At Risk of Dehydration
30,Female,97.32,2.93,Moderate,At Risk of Dehydration
28,Male,92.51,2.61,High,At Risk of Dehydration
42,Male,74.46,3.4,High,Hydrated
44,Male,90.15,3.46,Low,Hydrated
52,Female,60.2,1.53,Low,At Risk of Dehydration
25,Female,80.1,2.05,High,At Risk of Dehydration
58,Male,71.54,1.56,High,At Risk of Dehydration
57,Male,72.1,3.75,Moderate,Hydrated
50,Female,73.24,2.78,High,At Risk of Dehydration
29,Male,97.31,1.33,Moderate,At Risk of Dehydration
40,Male,71.97,2.35,Moderate,At Risk of Dehydration
51,Female,97.65,3.71,Moderate,Hydrated
28,Female,59.68,1.07,High,At Risk of Dehydration
32,Male,62.11,3.19,Low,Hydrated
56,Female,53.37,3.59,High,Hydrated
45,Female,48.79,1.96,Moderate,At Risk of Dehydration
52,Female,56.29,2.07,Low,At Risk of Dehydration
36,Female,72.38,2.51,Low,At Risk of Dehydration
54,Male,64.64,2.17,Moderate,At Risk of Dehydration
24,Male,64.2,1.65,Moderate,At Risk of Dehydration
57,Female,73.27,1.32,Moderate,Hydrated
39,Male,67.7,3.35,High,At Risk of Dehydration
44,Male,54.18,2.88,Low,At Risk of Dehydration
26,Male,90.71,1.18,High,At Risk of Dehydration
38,Male,80.59,3.58,High,Hydrated
43,Female,70.99,1.0,High,At Risk of Dehydration
24,Male,71.03,1.77,Moderate,At Risk of Dehydration
36,Male,91.61,3.26,High,Hydrated
32,Male,64.12,2.88,Moderate,At Risk of Dehydration
51,Female,59.11,1.85,Low,At Risk of Dehydration
39,Male,62.74,1.08,Moderate,At Risk of Dehydration
55,Male,60.41,2.25,High,At Risk of Dehydration
48,Female,91.61,3.2,High,At Risk of Dehydration
26,Female,64.81,2.38,Moderate,At Risk of Dehydration
34,Female,96.29,1.76,High,At Risk of Dehydration
39,Male,74.82,1.14,High,At Risk of Dehydration
24,Female,57.51,1.35,Moderate,At Risk of Dehydration
52,Male,63.2,2.89,High,At Risk of Dehydration
51,Male,76.49,1.25,Moderate,At Risk of Dehydration
48,Female,72.82,2.04,High,At Risk of Dehydration
31,Female,62.57,2.73,Low,Hydrated
40,Male,74.45,3.28,Low,Hydrated
26,Male,60.69,3.16,Low,Hydrated
53,Male,89.01,2.74,Low,At Risk of Dehydration
27,Female,52.46,1.02,Moderate,At Risk of Dehydration
26,Female,98.42,1.68,Low,At Risk of Dehydration
59,Male,76.49,2.04,Moderate,At Risk of Dehydration
37,Male,92.47,3.41,Moderate,At Risk of Dehydration
38,Female,66.65,3.77,Moderate,Hydrated
47,Male,84.88,2.59,Low,Hydrated
27,Male,47.28,2.25,High,Hydrated
44,Female,59.62,3.29,High,At Risk of Dehydration
58,Male,91.36,3.94,Moderate,At Risk of Dehydration
51,Male,49.88,2.18,Moderate,At Risk of Dehydration
40,Female,67.1,1.62,High,At Risk of Dehydration
51,Male,87.3,1.86,Low,At Risk of Dehydration
53,Female,84.0,2.04,High,Hydrated
52,Male,49.77,2.88,Moderate,Hydrated
27,Male,89.58,2.37,Moderate,Hydrated
46,Male,49.42,2.18,Moderate,At Risk of Dehydration
39,Male,62.68,2.2,Moderate,At Risk of Dehydration
20,Male,57.16,1.41,Moderate,At Risk of Dehydration
45,Female,62.12,2.4,High,Hydrated
35,Female,88.51,1.36,High,At Risk of Dehydration
59,Male,89.18,1.38,Low,At Risk of Dehydration
28,Male,46.58,2.33,Moderate,At Risk of Dehydration
38,Female,65.52,3.52,Moderate,At Risk of Dehydration
54,Female,99.39,3.71,Moderate,At Risk of Dehydration
25,Male,79.53,3.7,Moderate,Hydrated
56,Male,60.41,2.3,Moderate,At Risk of Dehydration
50,Female,48.9,1.05,Low,At Risk of Dehydration
47,Male,88.19,3.09,Low,At Risk of Dehydration
26,Male,46.78,1.76,Low,At Risk of Dehydration
21,Female,95.22,3.72,Moderate,Hydrated
48,Male,47.92,3.12,Low,Hydrated
55,Male,61.22,3.87,Low,Hydrated
18,Female,55.95,1.22,Moderate,At Risk of Dehydration
57,Female,53.32,3.27,Low,Hydrated
25,Male,54.58,1.49,High,At Risk of Dehydration
41,Female,99.63,3.98,High,Hydrated
39,Female,45.62,3.28,Moderate,Hydrated
30,Male,50.27,1.34,Low,At Risk of Dehydration
43,Male,78.33,3.86,High,At Risk of Dehydration
49,Male,89.08,3.19,High,At Risk of Dehydration
35,Male,68.21,1.89,High,Hydrated
20,Male,71.13,3.13,Low,At Risk of Dehydration
30,Female,76.78,2.16,Low,At Risk of Dehydration
56,Male,90.71,2.87,Moderate,Hydrated
41,Female,65.71,2.01,Low,At Risk of Dehydration
25,Male,51.98,3.75,High,Hydrated
18,Male,48.39,3.37,High,Hydrated
31,Female,85.35,3.57,High,Hydrated
46,Male,91.9,3.8,Moderate,At Risk of Dehydration
56,Female,91.96,2.07,Low,At Risk of Dehydration
35,Male,50.65,2.52,High,Hydrated
45,Male,47.27,1.56,Moderate,At Risk of Dehydration
36,Male,99.09,1.73,Moderate,At Risk of Dehydration
24,Female,82.58,2.84,Moderate,Hydrated
27,Male,88.52,3.91,Moderate,Hydrated
44,Female,94.22,3.19,Low,At Risk of Dehydration
20,Female,97.35,1.91,Moderate,At Risk of Dehydration
48,Male,73.18,2.81,High,At Risk of Dehydration
50,Male,60.51,3.57,Moderate,Hydrated
44,Male,88.06,1.16,Moderate,At Risk of Dehydration
51,Female,96.11,3.0,Moderate,At Risk of Dehydration
56,Female,57.65,2.52,Low,At Risk of Dehydration
30,Male,59.06,1.18,Moderate,At Risk of Dehydration
30,Female,92.45,2.59,Moderate,At Risk of Dehydration
25,Female,66.23,3.25,High,At Risk of Dehydration
57,Female,57.83,1.72,High,At Risk of Dehydration
31,Female,81.75,3.82,Moderate,At Risk of Dehydration
40,Male,67.07,3.17,Low,At Risk of Dehydration
37,Male,88.36,3.48,Low,At Risk of Dehydration
25,Male,60.44,3.02,Low,At Risk of Dehydration
55,Female,50.63,2.79,Low,At Risk of Dehydration
23,Male,73.91,3.66,High,At Risk of Dehydration
59,Female,49.85,3.63,High,Hydrated
47,Male,61.76,2.59,High,At Risk of Dehydration
42,Male,50.86,2.49,High,At Risk of Dehydration
36,Male,50.79,3.42,Low,Hydrated
33,Male,63.34,3.3,High,Hydrated
23,Female,71.36,1.87,Low,Hydrated
41,Female,75.71,2.32,High,At Risk of Dehydration
41,Male,46.08,2.56,High,Hydrated
50,Male,94.47,1.69,High,At Risk of Dehydration
46,Female,99.37,3.9,High,At Risk of Dehydration
27,Female,60.75,2.95,Moderate,At Risk of Dehydration
37,Male,55.13,1.53,Low,At Risk of Dehydration
42,Female,94.77,2.3,Low,At Risk of Dehydration
25,Female,64.8,3.3,Moderate,Hydrated
59,Male,86.52,1.61,Moderate,At Risk of Dehydration
38,Male,64.5,3.92,Low,Hydrated
18,Female,54.66,3.99,Low,Hydrated
39,Female,92.34,2.33,Low,Hydrated
25,Female,57.34,1.41,Moderate,At Risk of Dehydration
46,Female,56.95,1.43,High,At Risk of Dehydration
20,Male,74.96,1.66,Moderate,At Risk of Dehydration
46,Female,93.45,1.72,Moderate,At Risk of Dehydration
19,Male,56.54,1.34,High,At Risk of Dehydration
54,Female,59.54,2.86,High,At Risk of Dehydration
20,Female,81.67,2.31,High,At Risk of Dehydration
52,Female,64.62,2.99,High,Hydrated
19,Male,68.88,1.56,Low,At Risk of Dehydration
26,Male,87.26,2.09,Moderate,At Risk of Dehydration
59,Male,75.12,2.1,High,At Risk of Dehydration
45,Female,71.13,1.92,Moderate,Hydrated
48,Male,47.47,2.8,Low,At Risk of Dehydration
52,Male,76.1,1.71,Low,At Risk of Dehydration
57,Female,93.47,2.06,High,At Risk of Dehydration
23,Female,72.47,2.34,Low,At Risk of Dehydration
30,Male,60.68,3.73,High,At Risk of Dehydration
18,Male,45.01,3.84,High,Hydrated
32,Female,45.44,2.3,Low,At Risk of Dehydration
34,Male,70.68,1.2,Moderate,At Risk of Dehydration
37,Female,89.85,1.11,Moderate,Hydrated
19,Female,64.58,3.21,Low,Hydrated
53,Male,74.6,3.03,High,At Risk of Dehydration
58,Male,46.53,3.33,Low,Hydrated
23,Male,85.73,2.94,Moderate,At Risk of Dehydration
43,Female,81.22,1.14,High,At Risk of Dehydration
32,Male,95.35,2.63,High,At Risk of Dehydration
40,Female,54.72,2.38,Low,Hydrated
55,Female,66.82,2.08,Low,Hydrated
27,Male,86.03,3.37,Low,At Risk of Dehydration
56,Male,79.27,1.52,Moderate,At Risk of Dehydration
55,Female,98.48,3.98,High,Hydrated
33,Male,88.36,2.51,High,At Risk of Dehydration
44,Male,51.54,1.91,High,At Risk of Dehydration
23,Male,81.44,2.75,Low,At Risk of Dehydration
42,Male,47.03,3.78,Moderate,Hydrated
47,Male,73.79,2.17,High,At Risk of Dehydration
46,Male,84.56,1.63,Moderate,At Risk of Dehydration
28,Female,82.0,3.62,High,At Risk of Dehydration
30,Female,71.89,1.63,High,At Risk of Dehydration
28,Male,75.95,3.18,Low,At Risk of Dehydration
59,Male,98.47,1.77,High,At Risk of Dehydration
33,Female,66.91,2.3,Moderate,At Risk of Dehydration
21,Male,84.5,3.78,Moderate,Hydrated
40,Male,77.84,2.36,Moderate,At Risk of Dehydration
43,Female,45.66,2.23,Moderate,At Risk of Dehydration
35,Male,67.61,3.6,Moderate,At Risk of Dehydration
18,Male,89.12,3.43,Moderate,Hydrated
39,Female,49.48,2.38,Moderate,At Risk of Dehydration
25,Male,99.67,1.54,Moderate,At Risk of Dehydration
41,Male,73.0,1.32,Low,At Risk of Dehydration
31,Male,62.16,1.28,Moderate,At Risk of Dehydration
24,Female,80.09,2.53,Moderate,Hydrated
40,Female,84.18,2.76,Moderate,Hydrated
24,Female,94.52,3.15,High,At Risk of Dehydration
50,Male,71.9,2.26,Low,Hydrated
56,Female,48.11,2.47,High,At Risk of Dehydration
27,Female,91.55,1.25,Low,At Risk of Dehydration
29,Male,93.75,3.05,Moderate,Hydrated
19,Male,46.35,1.26,Low,At Risk of Dehydration
41,Male,49.51,2.75,High,At Risk of Dehydration
42,Male,47.4,3.84,Low,At Risk of Dehydration
38,Male,69.58,3.04,Low,Hydrated
57,Male,74.14,3.11,High,At Risk of Dehydration
41,Male,73.12,2.9,Low,Hydrated
45,Male,83.82,3.21,Moderate,At Risk of Dehydration
36,Female,69.41,3.22,High,Hydrated
44,Female,98.6,1.87,Low,At Risk of Dehydration
35,Female,69.23,3.25,High,Hydrated
54,Male,53.62,2.22,High,At Risk of Dehydration
37,Male,97.71,3.57,Moderate,Hydrated
18,Female,92.02,1.73,Moderate,At Risk of Dehydration
27,Female,53.86,3.29,Moderate,Hydrated
24,Male,84.05,2.14,High,At Risk of Dehydration
38,Female,51.76,3.58,Low,Hydrated
52,Male,91.87,1.96,Moderate,At Risk of Dehydration
43,Female,87.85,2.28,High,Hydrated
51,Female,55.31,1.28,Moderate,At Risk of Dehydration
45,Female,55.46,1.77,Low,At Risk of Dehydration
23,Male,95.09,3.14,High,At Risk of Dehydration
22,Female,62.98,1.02,Low,At Risk of Dehydration
28,Male,85.82,1.92,Moderate,At Risk of Dehydration
40,Female,54.24,3.34,Moderate,Hydrated
30,Male,46.63,3.37,High,At Risk of Dehydration
22,Male,97.96,1.51,Low,At Risk of Dehydration
44,Female,75.59,1.63,Moderate,At Risk of Dehydration
31,Female,62.18,1.12,Moderate,At Risk of Dehydration
36,Female,60.89,1.57,High,At Risk of Dehydration
35,Male,60.71,3.51,Moderate,Hydrated
31,Female,50.65,3.61,Moderate,Hydrated
47,Female,66.59,2.42,Moderate,At Risk of Dehydration
19,Female,48.93,1.03,High,At Risk of Dehydration
32,Female,90.12,3.58,Moderate,At Risk of Dehydration
30,Female,47.39,1.84,Moderate,At Risk of Dehydration
57,Male,68.32,1.05,High,At Risk of Dehydration
39,Male,74.82,1.14,High,At Risk of Dehydration
39,Female,74.53,2.48,High,At Risk of Dehydration
26,Female,60.41,2.8,Moderate,At Risk of Dehydration
25,Male,74.86,1.05,Low,At Risk of Dehydration
57,Female,83.77,3.47,Moderate,Hydrated
33,Female,77.44,1.22,Low,At Risk of Dehydration
59,Female,84.18,1.89,Low,At Risk of Dehydration
38,Female,85.42,2.44,High,At Risk of Dehydration
47,Female,70.46,3.22,High,Hydrated
48,Female,48.1,2.58,Moderate,At Risk of Dehydration
32,Male,63.88,3.31,Low,Hydrated
18,Male,58.88,2.05,Low,At Risk of Dehydration
43,Female,56.84,2.32,High,At Risk of Dehydration
57,Female,70.23,2.7,Moderate,Hydrated
18,Male,74.55,3.81,Low,Hydrated
47,Female,67.72,1.9,High,At Risk of Dehydration
43,Male,76.83,3.47,High,Hydrated
32,Male,60.2,1.94,Moderate,At Risk of Dehydration
19,Male,50.41,3.59,High,At Risk of Dehydration
54,Male,77.82,1.12,Low,At Risk of Dehydration
35,Male,80.12,1.48,High,At Risk of Dehydration
31,Female,80.77,3.36,Moderate,At Risk of Dehydration
50,Male,74.84,1.07,Low,At Risk of Dehydration
56,Male,68.89,3.25,High,At Risk of Dehydration
56,Male,67.6,1.06,High,At Risk of Dehydration
58,Male,71.7,1.67,Low,Hydrated
30,Male,80.92,2.75,Low,Hydrated
47,Female,63.57,3.94,High,At Risk of Dehydration
34,Male,59.65,2.12,High,At Risk of Dehydration
20,Male,85.27,2.71,Moderate,At Risk of Dehydration
48,Male,72.51,1.48,High,At Risk of Dehydration
36,Male,99.08,1.29,High,At Risk of Dehydration
33,Female,72.41,2.65,Low,At Risk of Dehydration
50,Female,93.85,1.27,Moderate,At Risk of Dehydration
48,Male,73.9,1.47,High,At Risk of Dehydration
58,Male,76.06,2.4,Moderate,At Risk of Dehydration
43,Male,50.22,2.43,Low,At Risk of Dehydration
52,Male,84.34,3.43,Low,At Risk of Dehydration
27,Female,76.56,2.31,Low,At Risk of Dehydration
53,Female,96.48,1.81,Low,At Risk of Dehydration
21,Male,46.77,2.69,Low,Hydrated
22,Female,58.65,2.51,Low,Hydrated
24,Male,92.58,3.52,High,At Risk of Dehydration
57,Female,84.18,2.84,Moderate,Hydrated
41,Male,72.73,1.68,Moderate,At Risk of Dehydration
45,Female,74.71,1.5,Low,At Risk of Dehydration
39,Male,57.78,3.27,Low,At Risk of Dehydration
19,Male,47.55,3.42,Moderate,At Risk of Dehydration
23,Female,64.75,3.96,Moderate,Hydrated
35,Male,88.08,1.34,Low,At Risk of Dehydration
30,Male,54.22,2.7,Moderate,At Risk of Dehydration
48,Female,57.93,3.09,High,At Risk of Dehydration
53,Male,82.61,2.16,Moderate,At Risk of Dehydration
39,Female,80.93,3.6,Moderate,Hydrated
18,Female,57.3,2.16,Low,At Risk of Dehydration
53,Female,77.32,1.36,Moderate,At Risk of Dehydration
41,Female,52.57,3.38,High,At Risk of Dehydration
21,Male,90.61,2.87,Moderate,At Risk of Dehydration
24,Female,99.55,1.16,Low,At Risk of Dehydration
34,Female,47.1,2.69,High,At Risk of Dehydration
44,Male,73.83,2.8,Low,At Risk of Dehydration
53,Female,94.46,2.46,Low,Hydrated
56,Male,96.51,1.48,High,At Risk of Dehydration
31,Male,55.76,2.93,Moderate,Hydrated
58,Male,54.19,3.13,Moderate,Hydrated
32,Female,65.62,2.27,Moderate,At Risk of Dehydration
45,Female,91.3,2.66,Low,At Risk of Dehydration
33,Male,95.73,2.44,High,At Risk of Dehydration
50,Male,81.47,2.84,High,At Risk of Dehydration
24,Female,48.54,2.97,High,At Risk of Dehydration
29,Female,61.72,2.3,Moderate,At Risk of Dehydration
45,Female,92.5,2.63,Low,Hydrated
26,Male,86.89,3.23,Moderate,At Risk of Dehydration
40,Female,76.93,1.41,Low,At Risk of Dehydration
35,Male,84.53,1.7,Moderate,At Risk of Dehydration
56,Male,81.46,3.98,High,At Risk of Dehydration
57,Female,62.59,3.39,High,Hydrated
59,Female,51.55,1.55,Low,At Risk of Dehydration
51,Female,63.13,1.53,Low,At Risk of Dehydration
26,Female,98.37,1.36,Low,At Risk of Dehydration
39,Male,79.7,3.29,Moderate,At Risk of Dehydration
22,Male,62.64,2.23,Moderate,At Risk of Dehydration
18,Female,99.45,2.74,Moderate,At Risk of Dehydration
30,Male,86.56,3.19,Moderate,Hydrated
42,Male,46.75,2.76,Moderate,Hydrated
53,Female,68.13,3.28,High,Hydrated
20,Male,63.45,1.62,Moderate,At Risk of Dehydration
39,Female,77.63,1.14,High,At Risk of Dehydration
26,Male,46.92,1.07,Low,At Risk of Dehydration
40,Female,58.19,2.83,Moderate,At Risk of Dehydration
18,Female,64.92,1.69,Moderate,At Risk of Dehydration
42,Male,68.95,3.55,High,At Risk of Dehydration
48,Female,98.75,3.4,Moderate,Hydrated
35,Male,95.73,2.13,Moderate,At Risk of Dehydration
43,Male,45.68,3.87,High,Hydrated
35,Female,97.14,1.36,Moderate,At Risk of Dehydration
59,Female,77.6,1.13,Moderate,At Risk of Dehydration
53,Male,71.6,2.13,Moderate,At Risk of Dehydration
41,Male,96.36,3.48,High,Hydrated
53,Female,78.34,3.04,Moderate,Hydrated
57,Male,63.57,2.3,Moderate,At Risk of Dehydration
40,Female,57.52,3.07,Low,At Risk of Dehydration
25,Male,64.43,3.42,High,Hydrated
19,Female,97.78,3.89,Low,At Risk of Dehydration
28,Male,63.11,2.3,Low,At Risk of Dehydration
49,Female,99.7,2.81,Low,Hydrated
19,Male,99.3,3.65,Moderate,Hydrated
22,Female,50.27,3.77,High,Hydrated
56,Female,51.02,2.78,Low,At Risk of Dehydration
38,Female,63.77,1.92,High,At Risk of Dehydration
53,Female,88.24,1.34,High,At Risk of Dehydration
37,Male,55.57,1.55,Low,At Risk of Dehydration
20,Male,57.25,3.39,High,Hydrated
41,Female,58.76,2.69,Low,Hydrated
41,Male,92.16,1.12,Moderate,At Risk of Dehydration
52,Male,54.8,2.23,Moderate,At Risk of Dehydration
53,Male,66.56,3.75,High,At Risk of Dehydration
34,Female,60.75,2.14,High,Hydrated
27,Male,55.63,1.44,Low,At Risk of Dehydration
35,Male,55.66,2.03,Low,Hydrated
55,Female,55.04,2.38,Moderate,Hydrated
44,Male,79.11,3.05,Moderate,Hydrated
35,Male,53.06,1.11,Low,At Risk of Dehydration
49,Male,66.3,2.45,Low,At Risk of Dehydration
38,Male,97.9,3.29,Low,Hydrated
34,Male,55.58,1.6,High,At Risk of Dehydration
59,Female,47.38,1.28,High,At Risk of Dehydration
54,Female,75.64,2.27,Moderate,At Risk of Dehydration
39,Female,90.03,2.51,Low,At Risk of Dehydration
32,Female,62.22,3.16,Low,Hydrated
54,Male,98.68,2.01,High,At Risk of Dehydration
57,Male,69.35,3.7,High,Hydrated
57,Female,71.08,2.97,Moderate,Hydrated
50,Female,61.13,2.74,Low,Hydrated
49,Male,85.7,2.08,High,At Risk of Dehydration
46,Female,65.32,2.91,High,At Risk of Dehydration
45,Female,62.94,2.62,Moderate,At Risk of Dehydration
41,Female,80.61,3.03,High,At Risk of Dehydration
31,Male,92.84,2.72,High,Hydrated
55,Male,68.13,1.77,Moderate,At Risk of Dehydration
39,Female,52.41,3.73,Low,Hydrated
24,Female,85.13,2.13,Moderate,At Risk of Dehydration
21,Female,61.06,1.98,Low,At Risk of Dehydration
40,Female,51.8,3.85,Low,Hydrated
34,Male,67.28,2.06,Low,Hydrated
30,Female,67.85,2.13,Moderate,At Risk of Dehydration
29,Male,50.2,3.06,Low,Hydrated
19,Male,90.26,1.39,Moderate,At Risk of Dehydration
34,Male,62.85,2.84,Moderate,Hydrated
39,Male,89.78,1.41,Low,At Risk of Dehydration
20,Male,48.31,3.11,Low,Hydrated
49,Female,49.8,2.26,High,At Risk of Dehydration
36,Female,80.35,3.73,Low,At Risk of Dehydration
30,Female,97.69,2.35,High,At Risk of Dehydration
54,Male,59.44,1.34,Low,At Risk of Dehydration
24,Male,83.46,2.01,High,At Risk of Dehydration
31,Male,88.53,3.42,Low,Hydrated
48,Male,61.4,1.78,High,At Risk of Dehydration
37,Female,46.59,3.66,High,At Risk of Dehydration
47,Female,92.69,1.27,High,At Risk of Dehydration
43,Male,55.3,3.73,Low,At Risk of Dehydration
31,Male,71.79,1.72,Low,Hydrated
30,Male,86.83,2.64,Moderate,Hydrated
27,Female,54.39,3.3,Low,At Risk of Dehydration
34,Male,80.31,2.7,Low,At Risk of Dehydration
51,Male,45.2,2.01,High,At Risk of Dehydration
26,Female,71.4,3.38,Low,At Risk of Dehydration
57,Female,66.93,2.68,Moderate,At Risk of Dehydration
56,Female,59.66,3.23,High,At Risk of Dehydration
25,Male,56.22,2.59,Low,At Risk of Dehydration
41,Female,76.63,3.85,Low,At Risk of Dehydration
49,Male,46.04,3.56,High,At Risk of Dehydration
54,Female,45.17,2.91,Moderate,At Risk of Dehydration
47,Female,48.68,3.52,Moderate,Hydrated
39,Male,96.93,3.08,Low,Hydrated
49,Male,92.15,3.08,Moderate,At Risk of Dehydration
51,Female,66.63,3.55,Low,Hydrated
40,Female,51.06,2.88,Moderate,At Risk of Dehydration
29,Male,52.32,2.25,High,At Risk of Dehydration
22,Male,61.24,1.27,Low,At Risk of Dehydration
20,Female,94.57,3.42,Low,At Risk of Dehydration
52,Female,70.58,2.99,Moderate,Hydrated
34,Male,96.2,3.7,Moderate,At Risk of Dehydration
18,Female,98.19,2.49,High,At Risk of Dehydration
49,Male,71.76,2.51,Low,At Risk of Dehydration
38,Male,70.09,3.11,Low,Hydrated
30,Female,63.57,1.02,Low,At Risk of Dehydration
29,Male,66.68,2.36,Moderate,At Risk of Dehydration
23,Male,55.79,1.15,Low,At Risk of Dehydration
52,Female,50.58,3.45,Moderate,At Risk of Dehydration
35,Female,76.87,3.87,Moderate,Hydrated
24,Male,52.07,3.42,High,Hydrated
49,Female,91.25,3.62,High,At Risk of Dehydration
44,Female,75.07,2.25,High,At Risk of Dehydration
25,Male,79.92,2.42,Moderate,At Risk of Dehydration
34,Female,85.26,3.53,High,Hydrated
32,Female,79.51,2.65,Low,At Risk of Dehydration
28,Female,94.46,3.29,Low,At Risk of Dehydration
56,Male,87.94,3.39,Moderate,At Risk of Dehydration
56,Male,84.44,2.42,High,At Risk of Dehydration
22,Female,52.22,2.7,Moderate,Hydrated
26,Female,75.46,2.25,Low,At Risk of Dehydration
24,Male,65.88,1.32,High,At Risk of Dehydration
43,Male,71.19,1.29,Low,At Risk of Dehydration
30,Female,95.76,3.11,Moderate,Hydrated
58,Male,55.22,2.07,High,At Risk of Dehydration
55,Male,89.42,3.36,Low,Hydrated
36,Male,52.85,3.85,Moderate,Hydrated
25,Female,84.37,1.49,Low,At Risk of Dehydration
19,Female,94.35,2.65,High,At Risk of Dehydration
19,Female,55.23,3.67,High,At Risk of Dehydration
35,Female,63.69,1.83,High,At Risk of Dehydration
54,Male,86.6,2.08,Low,At Risk of Dehydration
49,Female,59.36,2.34,Low,At Risk of Dehydration
39,Male,86.12,2.35,Low,At Risk of Dehydration
56,Male,63.37,3.95,Low,Hydrated
56,Female,98.27,3.02,Low,At Risk of Dehydration
33,Female,74.84,1.83,High,At Risk of Dehydration
25,Male,61.45,1.3,Low,At Risk of Dehydration
46,Female,94.62,3.74,High,Hydrated
52,Female,58.65,2.25,Moderate,At Risk of Dehydration
29,Male,53.22,2.75,High,At Risk of Dehydration
54,Male,84.08,2.33,High,At Risk of Dehydration
48,Male,52.45,3.94,High,Hydrated
44,Female,57.11,1.83,Moderate,At Risk of Dehydration
18,Male,97.66,2.73,Low,At Risk of Dehydration
41,Female,53.73,3.07,Moderate,At Risk of Dehydration
34,Male,98.83,2.41,High,At Risk of Dehydration
32,Male,66.37,3.28,High,At Risk of Dehydration
22,Male,82.26,3.79,High,Hydrated
46,Male,82.44,2.28,High,At Risk of Dehydration
22,Male,92.04,3.87,High,At Risk of Dehydration
48,Male,48.52,2.75,Low,Hydrated
42,Male,87.43,3.29,Moderate,Hydrated
28,Male,64.07,3.01,Low,Hydrated
29,Male,53.17,2.74,Low,Hydrated
27,Female,99.6,1.23,Moderate,At Risk of Dehydration
18,Female,77.61,2.77,Low,At Risk of Dehydration
30,Female,71.53,3.2,High,Hydrated
59,Female,96.09,3.82,Low,Hydrated
27,Male,52.39,2.0,Moderate,Hydrated
38,Female,64.29,1.29,Low,At Risk of Dehydration
38,Male,80.51,2.08,Moderate,At Risk of Dehydration
41,Female,58.76,2.69,Low,Hydrated
47,Female,51.73,1.99,Moderate,At Risk of Dehydration
43,Female,87.52,3.81,Low,At Risk of Dehydration
26,Male,94.37,2.67,Low,At Risk of Dehydration
43,Male,62.37,2.38,Moderate,Hydrated
45,Male,57.7,1.85,High,At Risk of Dehydration
58,Female,77.43,2.33,Moderate,At Risk of Dehydration
47,Female,76.44,1.14,Moderate,At Risk of Dehydration
28,Male,99.23,2.1,Moderate,At Risk of Dehydration
26,Female,58.2,1.24,Low,At Risk of Dehydration
43,Male,72.13,2.31,Moderate,At Risk of Dehydration
28,Male,68.25,1.85,Moderate,At Risk of Dehydration
55,Male,89.5,1.65,High,At Risk of Dehydration
54,Male,71.22,1.52,Low,At Risk of Dehydration
26,Female,62.31,1.29,High,At Risk of Dehydration
48,Female,63.18,2.7,High,At Risk of Dehydration
53,Female,86.27,1.39,High,At Risk of Dehydration
42,Female,80.16,2.96,High,Hydrated
44,Male,83.23,2.9,Moderate,At Risk of Dehydration
18,Male,65.93,2.72,Low,Hydrated
41,Male,64.2,3.35,High,At Risk of Dehydration
52,Male,76.58,2.93,High,At Risk of Dehydration
58,Male,56.13,1.66,Moderate,At Risk of Dehydration
57,Female,72.98,3.24,Moderate,Hydrated
51,Male,87.83,3.48,Moderate,At Risk of Dehydration
45,Male,94.58,1.25,Moderate,At Risk of Dehydration
56,Female,88.35,3.05,Low,Hydrated
41,Female,90.7,3.84,Low,At Risk of Dehydration
33,Male,94.31,3.74,Moderate,Hydrated
56,Female,85.25,3.67,Low,Hydrated
46,Female,52.28,1.6,High,At Risk of Dehydration
25,Male,96.15,2.71,Moderate,At Risk of Dehydration
32,Female,92.56,3.76,Moderate,At Risk of Dehydration
46,Female,56.07,2.41,High,At Risk of Dehydration
35,Male,75.82,2.98,Low,At Risk of Dehydration
28,Female,87.66,3.99,High,Hydrated
19,Male,60.87,2.26,High,At Risk of Dehydration
57,Female,49.16,1.39,Moderate,At Risk of Dehydration
50,Female,73.36,2.03,Low,At Risk of Dehydration
18,Male,54.23,3.41,Moderate,At Risk of Dehydration
18,Male,54.17,3.24,Low,At Risk of Dehydration
31,Male,59.86,2.76,Low,Hydrated
36,Male,78.92,3.05,High,Hydrated
37,Female,68.54,3.06,Moderate,At Risk of Dehydration
34,Male,48.69,1.11,Low,At Risk of Dehydration
40,Female,77.22,3.0,Moderate,At Risk of Dehydration
57,Male,83.47,2.86,Moderate,At Risk of Dehydration
53,Female,56.79,3.62,Moderate,Hydrated
27,Female,75.29,3.79,High,At Risk of Dehydration
36,Male,89.26,3.67,Low,At Risk of Dehydration
20,Male,62.52,3.76,Moderate,At Risk of Dehydration
34,Male,50.03,2.19,Moderate,At Risk of Dehydration
30,Female,97.66,2.22,Moderate,At Risk of Dehydration
19,Female,60.08,1.39,Low,At Risk of Dehydration
50,Male,98.03,2.46,Moderate,At Risk of Dehydration
37,Female,84.01,1.41,High,At Risk of Dehydration
19,Female,79.5,2.03,Low,At Risk of Dehydration
22,Female,54.87,2.58,Low,At Risk of Dehydration
49,Male,59.17,1.23,Moderate,At Risk of Dehydration
43,Female,66.03,2.58,Moderate,At Risk of Dehydration
46,Male,94.11,1.62,Low,At Risk of Dehydration
18,Female,64.96,1.58,High,At Risk of Dehydration
49,Male,78.16,2.82,Moderate,Hydrated
56,Female,46.13,2.03,Moderate,At Risk of Dehydration
58,Female,54.08,1.89,Moderate,At Risk of Dehydration
52,Female,69.6,1.35,Low,At Risk of Dehydration
31,Male,53.25,3.85,Low,Hydrated
54,Male,69.65,2.91,Moderate,At Risk of Dehydration
39,Male,49.0,2.5,Moderate,At Risk of Dehydration
35,Female,53.39,1.25,High,At Risk of Dehydration
32,Male,74.2,1.35,High,At Risk of Dehydration
56,Female,74.65,3.61,Moderate,Hydrated
32,Female,88.47,3.63,Low,Hydrated
35,Male,65.27,1.37,High,At Risk of Dehydration
49,Female,62.57,1.48,High,At Risk of Dehydration
50,Male,80.65,2.69,High,At Risk of Dehydration
53,Female,57.0,3.36,Low,At Risk of Dehydration
21,Female,88.64,3.08,Moderate,At Risk of Dehydration
29,Female,61.64,3.67,High,Hydrated
54,Female,71.86,3.21,High,At Risk of Dehydration
38,Female,89.41,3.13,High,Hydrated
45,Female,63.63,1.35,High,At Risk of Dehydration
43,Male,72.7,3.32,High,At Risk of Dehydration
23,Male,79.01,2.66,High,At Risk of Dehydration
27,Female,59.69,2.95,Low,Hydrated
39,Female,90.58,3.36,High,Hydrated
48,Male,87.03,3.79,High,Hydrated
29,Male,94.51,2.8,Low,At Risk of Dehydration
33,Female,46.38,3.47,Low,Hydrated
28,Female,57.17,2.46,High,At Risk of Dehydration
56,Female,69.25,2.66,Low,Hydrated
54,Male,61.45,3.58,High,Hydrated
31,Male,80.1,1.82,Low,At Risk of Dehydration
42,Female,82.43,2.32,Low,At Risk of Dehydration
49,Female,87.6,2.92,Moderate,At Risk of Dehydration
22,Female,66.44,3.22,Low,At Risk of Dehydration
44,Male,67.49,1.83,Low,At Risk of Dehydration
57,Female,77.38,3.63,High,At Risk of Dehydration
25,Female,84.81,3.44,Moderate,At Risk of Dehydration
48,Female,48.11,3.08,High,Hydrated
45,Male,73.38,2.0,Low,At Risk of Dehydration
42,Male,72.7,2.77,High,At Risk of Dehydration
18,Male,83.13,1.11,Low,At Risk of Dehydration
36,Male,53.75,1.68,High,At Risk of Dehydration
23,Male,88.38,2.67,High,At Risk of Dehydration
21,Female,55.74,2.15,Low,At Risk of Dehydration
21,Male,88.17,1.38,Moderate,At Risk of Dehydration
26,Male,74.72,2.15,Low,At Risk of Dehydration
56,Male,55.67,1.8,High,At Risk of Dehydration
31,Male,70.03,2.65,Moderate,Hydrated
53,Female,57.0,3.36,Low,At Risk of Dehydration
31,Female,79.02,3.55,Low,At Risk of Dehydration
27,Male,90.65,3.27,Low,At Risk of Dehydration
37,Male,80.39,1.87,High,At Risk of Dehydration
38,Female,59.9,1.62,High,Hydrated
33,Male,50.77,3.22,Low,Hydrated
38,Female,75.45,2.76,Low,Hydrated
20,Male,52.27,1.11,Moderate,At Risk of Dehydration
41,Female,71.11,3.29,High,At Risk of Dehydration
25,Male,61.45,1.3,Low,At Risk of Dehydration
25,Male,62.08,2.35,Low,At Risk of Dehydration
54,Male,59.67,3.46,High,Hydrated
18,Female,60.32,2.1,High,At Risk of Dehydration
31,Male,98.35,1.37,High,At Risk of Dehydration
50,Male,81.47,2.75,Low,At Risk of Dehydration
48,Female,48.18,1.71,Low,At Risk of Dehydration
24,Female,48.95,3.7,Low,Hydrated
56,Male,83.64,2.2,High,At Risk of Dehydration
26,Female,55.55,3.79,Moderate,Hydrated
25,Female,57.34,1.41,Moderate,At Risk of Dehydration
44,Female,76.03,2.34,High,At Risk of Dehydration
19,Male,53.18,1.71,Low,At Risk of Dehydration
54,Female,49.95,2.02,Moderate,At Risk of Dehydration
54,Male,60.86,1.24,Low,At Risk of Dehydration
29,Male,88.42,1.99,Moderate,At Risk of Dehydration
49,Male,95.02,2.88,Moderate,At Risk of Dehydration
37,Male,92.01,1.62,Low,At Risk of Dehydration
33,Male,48.49,2.1,Moderate,Hydrated
36,Female,59.49,2.6,Moderate,Hydrated
23,Male,60.07,2.91,High,At Risk of Dehydration
22,Female,47.16,3.94,Low,Hydrated
44,Male,53.79,1.73,High,At Risk of Dehydration
54,Male,74.79,3.74,High,At Risk of Dehydration
50,Female,71.04,2.05,Low,At Risk of Dehydration
38,Male,64.46,2.01,Moderate,Hydrated
49,Female,67.33,1.56,High,At Risk of Dehydration
25,Female,92.6,1.43,Low,At Risk of Dehydration
38,Male,61.27,1.34,High,At Risk of Dehydration
53,Female,90.88,1.05,High,At Risk of Dehydration
35,Female,66.52,2.95,Moderate,Hydrated
35,Female,80.04,3.35,Moderate,At Risk of Dehydration
29,Male,66.57,1.62,Moderate,At Risk of Dehydration
23,Female,57.31,3.16,High,Hydrated
27,Male,62.55,2.9,High,At Risk of Dehydration
19,Male,67.91,1.79,High,At Risk of Dehydration
32,Male,52.9,1.0,Moderate,At Risk of Dehydration
53,Male,72.02,3.1,Low,Hydrated
30,Female,84.2,3.57,Low,Hydrated
27,Female,76.21,2.15,Low,At Risk of Dehydration
22,Female,78.57,2.51,Moderate,At Risk of Dehydration
40,Female,85.66,3.39,Low,Hydrated
20,Male,78.77,3.73,Moderate,At Risk of Dehydration
49,Female,63.38,3.38,Moderate,Hydrated
21,Female,87.56,3.73,High,At Risk of Dehydration
28,Female,58.0,2.77,High,At Risk of Dehydration
20,Female,54.69,3.7,Low,At Risk of Dehydration
34,Male,74.71,3.16,High,At Risk of Dehydration
59,Female,48.64,2.86,High,Hydrated
38,Male,75.73,2.53,Low,At Risk of Dehydration
23,Female,84.26,2.3,High,At Risk of Dehydration
57,Female,76.39,2.3,Moderate,At Risk of Dehydration
46,Female,52.11,1.59,Low,At Risk of Dehydration
58,Male,63.66,3.56,Low,Hydrated
49,Female,64.7,3.62,High,Hydrated
32,Female,85.63,1.04,Low,At Risk of Dehydration
59,Female,85.35,3.05,Low,Hydrated
55,Male,65.37,2.15,Low,Hydrated
49,Female,85.46,2.7,Moderate,At Risk of Dehydration
37,Male,97.11,1.08,Moderate,At Risk of Dehydration
45,Female,62.8,2.39,Moderate,At Risk of Dehydration
58,Female,99.65,2.2,High,At Risk of Dehydration
53,Female,93.96,1.17,Low,At Risk of Dehydration
32,Male,85.81,3.73,High,Hydrated
44,Female,97.83,2.97,Low,At Risk of Dehydration
47,Male,93.43,1.34,Low,At Risk of Dehydration
52,Female,64.16,1.47,Moderate,At Risk of Dehydration
28,Female,50.51,3.15,Low,Hydrated
20,Male,72.75,2.27,Low,Hydrated
31,Male,87.07,1.22,Low,At Risk of Dehydration
24,Male,90.11,3.88,High,Hydrated
32,Female,61.51,2.27,High,At Risk of Dehydration
40,Male,90.21,1.37,Low,At Risk of Dehydration
41,Male,73.0,1.32,Low,At Risk of Dehydration
30,Male,76.18,1.11,Low,At Risk of Dehydration
22,Male,78.71,1.6,Low,At Risk of Dehydration
54,Male,47.61,2.36,Moderate,At Risk of Dehydration
40,Male,65.28,2.57,High,At Risk of Dehydration
49,Female,94.2,3.89,High,At Risk of Dehydration
24,Male,88.82,3.03,Moderate,At Risk of Dehydration
36,Male,82.31,3.79,High,Hydrated
40,Female,51.73,1.2,Low,At Risk of Dehydration
24,Female,56.59,3.62,Moderate,Hydrated
55,Male,64.56,2.44,Moderate,At Risk of Dehydration
20,Female,53.68,1.93,High,At Risk of Dehydration
24,Female,68.46,2.78,Moderate,At Risk of Dehydration
46,Male,68.8,2.74,Low,Hydrated
54,Female,51.63,1.54,High,At Risk of Dehydration
59,Male,46.5,1.42,High,At Risk of Dehydration
47,Female,88.33,3.03,Low,At Risk of Dehydration
34,Female,45.91,1.61,Moderate,At Risk of Dehydration
24,Male,67.59,3.97,High,Hydrated
40,Female,67.33,1.16,Low,At Risk of Dehydration
32,Female,88.83,2.15,Low,Hydrated
30,Male,52.24,2.71,Moderate,Hydrated
33,Male,50.02,1.03,High,At Risk of Dehydration
31,Female,85.99,1.01,Moderate,At Risk of Dehydration
31,Male,90.83,3.82,Moderate,At Risk of Dehydration
31,Male,75.03,2.57,Low,Hydrated
36,Male,86.63,1.89,High,At Risk of Dehydration
59,Female,53.25,2.77,High,At Risk of Dehydration
20,Male,87.54,2.64,Low,At Risk of Dehydration
51,Male,52.48,1.46,High,At Risk of Dehydration
35,Male,68.23,1.62,Low,At Risk of Dehydration
23,Male,85.88,1.73,Low,At Risk of Dehydration
49,Female,78.9,1.41,Moderate,At Risk of Dehydration
45,Male,88.96,2.92,Moderate,At Risk of Dehydration
48,Female,93.99,3.19,High,Hydrated
50,Female,48.28,3.89,High,Hydrated
38,Female,53.88,2.62,High,At Risk of Dehydration
50,Female,59.9,3.67,Low,Hydrated
47,Female,97.33,3.82,Low,Hydrated
51,Male,47.77,2.18,Moderate,At Risk of Dehydration
39,Male,67.7,3.35,High,At Risk of Dehydration
43,Male,88.32,3.49,High,At Risk of Dehydration
18,Male,46.33,3.75,Moderate,Hydrated
54,Male,81.37,1.77,Low,At Risk of Dehydration
51,Female,48.99,2.17,High,At Risk of Dehydration
28,Female,48.01,1.81,Moderate,At Risk of Dehydration
48,Male,61.25,3.56,Low,At Risk of Dehydration
44,Female,62.14,2.1,High,At Risk of Dehydration
38,Female,64.79,3.21,High,At Risk of Dehydration
50,Male,97.98,2.67,Low,At Risk of Dehydration
20,Male,75.85,3.1,Low,Hydrated
19,Female,86.17,1.55,Low,At Risk of Dehydration
51,Female,81.29,1.59,High,At Risk of Dehydration
31,Male,64.01,3.38,High,Hydrated
56,Male,96.37,2.1,Low,At Risk of Dehydration
59,Male,73.01,1.74,Moderate,At Risk of Dehydration
24,Female,89.83,1.76,Low,At Risk of Dehydration
42,Female,54.68,2.72,Moderate,At Risk of Dehydration
37,Female,75.82,3.3,Low,Hydrated
23,Male,71.78,2.21,Low,At Risk of Dehydration
30,Female,47.9,3.7,Low,Hydrated
20,Female,57.94,1.36,High,At Risk of Dehydration
19,Female,90.25,2.83,Moderate,At Risk of Dehydration
25,Male,72.39,2.38,High,At Risk of Dehydration
31,Female,53.12,3.0,High,At Risk of Dehydration
26,Female,68.82,3.44,Low,Hydrated
53,Male,62.8,3.33,High,Hydrated
48,Male,57.55,2.41,Moderate,At Risk of Dehydration
33,Female,50.34,1.32,High,At Risk of Dehydration
59,Male,98.41,1.66,High,At Risk of Dehydration
22,Male,86.18,3.46,High,Hydrated
29,Female,74.65,3.19,Moderate,Hydrated
23,Female,83.42,1.83,High,At Risk of Dehydration
31,Male,70.19,3.18,Moderate,Hydrated
21,Male,66.91,2.32,Low,At Risk of Dehydration
39,Female,99.2,2.36,High,Hydrated
32,Male,87.12,3.59,Low,Hydrated
46,Female,49.36,3.33,High,Hydrated
20,Female,52.89,3.68,Low,Hydrated
39,Male,50.66,2.63,High,At Risk of Dehydration
26,Male,59.55,1.97,Moderate,At Risk of Dehydration
31,Male,57.03,3.85,High,Hydrated
57,Female,49.1,1.94,Moderate,At Risk of Dehydration
43,Female,82.66,2.87,High,At Risk of Dehydration
35,Female,70.33,3.44,High,Hydrated
50,Male,99.61,2.82,Low,At Risk of Dehydration
51,Male,81.53,1.68,Moderate,At Risk of Dehydration
45,Female,81.78,2.74,Low,Hydrated
58,Female,85.2,1.15,Moderate,At Risk of Dehydration
42,Male,46.09,1.64,Low,At Risk of Dehydration
34,Female,82.53,3.46,High,Hydrated
18,Female,90.72,2.91,High,At Risk of Dehydration
24,Male,98.64,1.13,High,At Risk of Dehydration
27,Female,77.16,2.55,Moderate,At Risk of Dehydration
42,Male,52.07,1.44,Low,At Risk of Dehydration
57,Male,64.51,1.9,High,At Risk of Dehydration
24,Male,80.46,2.68,Low,Hydrated
45,Female,85.82,3.75,Low,Hydrated
48,Male,86.31,2.25,Low,At Risk of Dehydration
22,Male,58.47,1.08,Moderate,At Risk of Dehydration
28,Female,91.56,2.39,Moderate,Hydrated
55,Male,45.56,3.43,Low,Hydrated
59,Male,72.39,1.34,Low,At Risk of Dehydration
33,Female,99.64,2.04,Low,At Risk of Dehydration
58,Female,66.61,3.01,Moderate,Hydrated
39,Male,83.87,1.19,Moderate,At Risk of Dehydration
41,Female,66.83,1.2,Moderate,At Risk of Dehydration
56,Male,61.69,2.6,High,At Risk of Dehydration
55,Male,73.3,1.47,Moderate,At Risk of Dehydration
32,Female,93.99,3.29,High,Hydrated
26,Female,55.54,3.81,Moderate,Hydrated
39,Male,65.4,2.76,Moderate,At Risk of Dehydration
26,Female,79.2,2.94,High,Hydrated
35,Male,79.83,2.73,Moderate,At Risk of Dehydration
32,Male,66.57,3.83,Low,Hydrated
34,Female,85.24,3.76,Moderate,At Risk of Dehydration
33,Male,83.86,3.9,High,Hydrated
30,Male,71.94,1.76,Low,At Risk of Dehydration
47,Male,86.3,1.67,Moderate,At Risk of Dehydration
31,Female,52.82,1.94,Moderate,At Risk of Dehydration
45,Female,76.2,1.28,Moderate,At Risk of Dehydration
34,Female,75.02,1.25,Moderate,At Risk of Dehydration
42,Male,46.03,1.54,Moderate,At Risk of Dehydration
48,Female,84.77,3.3,High,Hydrated
20,Female,56.7,3.09,Moderate,Hydrated
37,Male,95.65,1.39,Low,At Risk of Dehydration
50,Male,92.14,2.47,High,At Risk of Dehydration
53,Male,49.71,3.67,Moderate,At Risk of Dehydration
40,Female,55.2,1.15,Moderate,At Risk of Dehydration
42,Female,67.81,1.23,High,At Risk of Dehydration
26,Female,60.16,3.78,Low,Hydrated
27,Male,95.7,3.43,High,Hydrated
48,Male,66.62,2.6,High,At Risk of Dehydration
53,Male,71.93,3.6,High,Hydrated
56,Female,80.0,1.72,Low,At Risk of Dehydration
58,Female,62.91,1.45,High,At Risk of Dehydration
56,Male,70.33,1.4,High,At Risk of Dehydration
38,Male,61.33,2.69,High,At Risk of Dehydration
48,Female,50.92,1.32,Low,At Risk of Dehydration
57,Male,92.52,1.79,Moderate,At Risk of Dehydration
59,Male,54.56,3.07,Moderate,Hydrated
26,Female,84.62,2.58,Low,At Risk of Dehydration
41,Female,72.68,2.64,Moderate,Hydrated
36,Male,75.91,1.96,Low,At Risk of Dehydration
49,Male,66.93,1.66,Low,At Risk of Dehydration
27,Male,79.59,3.81,Moderate,Hydrated
57,Male,82.1,1.03,Moderate,At Risk of Dehydration
36,Male,72.79,2.41,High,At Risk of Dehydration
44,Male,66.14,3.32,High,Hydrated
56,Female,58.65,2.14,Moderate,At Risk of Dehydration
43,Female,57.78,2.91,High,Hydrated
59,Female,79.29,1.18,Moderate,At Risk of Dehydration
34,Female,79.14,3.56,High,Hydrated
56,Male,64.0,1.32,Moderate,At Risk of Dehydration
33,Female,77.18,1.65,Low,At Risk of Dehydration
45,Female,50.61,3.17,Moderate,Hydrated
52,Female,92.94,2.49,Moderate,At Risk of Dehydration
45,Male,50.13,2.0,Low,At Risk of Dehydration
29,Male,82.68,2.45,Moderate,At Risk of Dehydration
26,Female,78.43,2.79,Moderate,At Risk of Dehydration
55,Female,95.73,3.71,Low,Hydrated
28,Male,58.22,2.18,High,At Risk of Dehydration
44,Female,89.12,2.35,Low,Hydrated
37,Male,53.52,2.09,High,Hydrated
23,Male,85.68,3.52,Low,At Risk of Dehydration
21,Male,70.99,3.15,Low,At Risk of Dehydration
40,Female,83.35,2.94,Moderate,Hydrated
43,Male,69.18,2.61,Moderate,At Risk of Dehydration
40,Female,86.06,3.01,Moderate,At Risk of Dehydration
23,Female,87.22,3.1,Moderate,At Risk of Dehydration
34,Male,54.11,1.87,Moderate,At Risk of Dehydration
32,Female,45.67,2.37,High,At Risk of Dehydration
54,Male,79.55,1.89,High,At Risk of Dehydration
55,Male,86.09,1.69,Moderate,At Risk of Dehydration
44,Female,98.43,3.91,Low,Hydrated
18,Male,47.02,1.03,High,At Risk of Dehydration
48,Female,70.01,1.1,Moderate,At Risk of Dehydration
55,Male,46.14,1.5,Moderate,At Risk of Dehydration
48,Female,98.04,2.02,Low,At Risk of Dehydration
38,Male,68.71,3.21,Low,Hydrated
29,Female,78.39,1.47,Moderate,At Risk of Dehydration
53,Male,65.94,2.93,High,At Risk of Dehydration
36,Male,69.45,2.21,Moderate,At Risk of Dehydration
45,Male,58.01,3.74,High,Hydrated
29,Female,62.21,2.24,High,At Risk of Dehydration
56,Female,84.61,1.39,Moderate,Hydrated
26,Male,61.89,2.09,Low,At Risk of Dehydration
26,Male,92.98,1.55,Moderate,At Risk of Dehydration
57,Male,69.6,1.83,Moderate,At Risk of Dehydration
59,Male,87.03,1.58,Moderate,At Risk of Dehydration
57,Male,82.92,1.59,High,At Risk of Dehydration
57,Male,93.83,2.84,Low,Hydrated
34,Female,49.18,3.43,High,Hydrated
49,Male,53.58,1.13,Low,At Risk of Dehydration
57,Male,81.8,3.23,Low,Hydrated
19,Male,52.94,3.91,Moderate,Hydrated
38,Female,49.27,2.94,Moderate,Hydrated
48,Female,57.01,2.38,Low,Hydrated
41,Male,58.6,1.42,Moderate,At Risk of Dehydration
45,Male,99.49,2.64,Moderate,At Risk of Dehydration
50,Male,81.27,1.02,Low,At Risk of Dehydration
30,Female,46.07,1.55,Low,At Risk of Dehydration
26,Male,65.84,1.63,Moderate,At Risk of Dehydration
51,Male,60.64,1.84,Low,At Risk of Dehydration
40,Female,92.55,2.16,High,At Risk of Dehydration
56,Female,67.94,1.71,Low,At Risk of Dehydration
34,Male,76.14,1.81,Low,At Risk of Dehydration
45,Male,77.86,3.61,Moderate,Hydrated
27,Female,93.0,3.09,High,At Risk of Dehydration
19,Female,72.25,1.91,Moderate,At Risk of Dehydration
19,Female,88.44,3.35,Low,Hydrated
22,Male,71.86,3.99,Moderate,Hydrated
39,Male,52.95,2.02,High,At Risk of Dehydration
58,Male,92.04,2.81,Low,Hydrated
58,Male,45.87,3.29,High,At Risk of Dehydration
32,Male,87.71,3.54,High,At Risk of Dehydration
49,Female,61.28,1.58,High,At Risk of Dehydration
48,Female,89.57,2.19,Moderate,Hydrated
34,Male,70.1,2.8,High,At Risk of Dehydration
28,Male,66.57,3.07,Low,Hydrated
31,Female,66.23,1.44,Moderate,At Risk of Dehydration
22,Male,98.38,3.86,Low,At Risk of Dehydration
58,Male,85.89,3.79,Low,Hydrated
32,Female,81.81,2.6,High,At Risk of Dehydration
42,Male,60.4,2.92,Moderate,At Risk of Dehydration
36,Male,54.19,3.82,Moderate,Hydrated
47,Male,85.82,1.75,Low,At Risk of Dehydration
28,Female,49.07,2.78,Low,Hydrated
59,Male,58.06,2.09,Low,At Risk of Dehydration
48,Female,53.2,3.93,Moderate,Hydrated
22,Female,88.39,3.72,High,At Risk of Dehydration
46,Female,50.51,1.84,Moderate,At Risk of Dehydration
42,Male,56.23,3.0,Low,At Risk of Dehydration
36,Male,74.31,1.49,Low,At Risk of Dehydration
31,Male,55.39,1.93,Moderate,Hydrated
27,Male,86.37,3.18,Low,At Risk of Dehydration
20,Male,53.07,3.28,Moderate,Hydrated
47,Female,85.65,3.11,Low,Hydrated
27,Female,99.21,3.44,Low,Hydrated
54,Male,56.88,2.54,High,At Risk of Dehydration
33,Male,66.68,1.13,Moderate,At Risk of Dehydration
39,Male,94.85,1.92,Moderate,At Risk of Dehydration
23,Female,69.31,2.78,High,At Risk of Dehydration
28,Male,97.72,2.48,Moderate,Hydrated
28,Male,68.47,2.14,Low,At Risk of Dehydration
57,Male,56.18,1.98,High,At Risk of Dehydration
45,Female,98.99,3.86,Low,At Risk of Dehydration
34,Female,65.35,1.66,Low,At Risk of Dehydration
46,Male,81.9,3.96,High,Hydrated
45,Female,62.39,3.65,High,Hydrated
53,Male,57.19,2.97,Low,At Risk of Dehydration
54,Male,85.25,2.75,High,At Risk of Dehydration
54,Female,80.61,2.67,Low,Hydrated
58,Female,90.92,1.56,Moderate,At Risk of Dehydration
44,Female,75.91,3.87,Moderate,Hydrated
31,Male,86.73,3.92,Moderate,Hydrated
28,Male,45.34,2.38,High,At Risk of Dehydration
39,Female,78.1,1.02,High,At Risk of Dehydration
28,Male,80.9,2.68,High,At Risk of Dehydration
20,Male,49.42,2.76,Low,At Risk of Dehydration
44,Female,82.04,2.93,High,At Risk of Dehydration
59,Female,83.89,3.93,Low,Hydrated
39,Male,45.66,2.51,Low,Hydrated
33,Male,62.38,1.2,High,At Risk of Dehydration
27,Female,46.43,3.03,Low,At Risk of Dehydration
30,Female,51.0,2.92,Low,At Risk of Dehydration
45,Female,45.26,2.06,Moderate,At Risk of Dehydration
56,Male,48.8,3.46,Moderate,Hydrated
42,Male,79.7,2.42,Moderate,At Risk of Dehydration
31,Male,57.52,2.22,Low,At Risk of Dehydration
56,Female,96.45,2.4,Low,At Risk of Dehydration
59,Male,70.31,1.85,Moderate,At Risk of Dehydration
21,Male,96.69,1.94,Low,At Risk of Dehydration
29,Male,88.55,3.44,Moderate,At Risk of Dehydration
52,Female,83.14,1.06,High,At Risk of Dehydration
58,Male,79.32,1.64,High,At Risk of Dehydration
58,Male,92.71,1.57,High,At Risk of Dehydration
26,Male,91.61,2.9,High,At Risk of Dehydration
54,Female,96.12,1.02,Low,At Risk of Dehydration
41,Female,80.17,1.24,Moderate,At Risk of Dehydration
55,Female,79.59,3.95,High,Hydrated
45,Male,79.83,2.13,Moderate,At Risk of Dehydration
46,Female,81.67,1.82,Low,At Risk of Dehydration
43,Female,84.56,3.39,Low,At Risk of Dehydration
32,Male,75.02,2.79,High,At Risk of Dehydration
49,Female,63.08,2.3,Low,At Risk of Dehydration
19,Female,93.34,2.63,High,At Risk of Dehydration
23,Male,93.63,1.87,Low,At Risk of Dehydration
30,Male,86.77,3.08,High,Hydrated
50,Female,54.06,2.27,Moderate,At Risk of Dehydration
33,Male,85.07,2.97,High,Hydrated
59,Female,91.02,2.51,High,At Risk of Dehydration
50,Female,62.93,3.43,Low,Hydrated
22,Female,86.68,3.82,Low,Hydrated
56,Female,89.61,2.91,Low,At Risk of Dehydration
34,Female,85.33,1.73,High,At Risk of Dehydration
50,Female,92.66,3.29,High,At Risk of Dehydration
56,Male,46.42,3.26,Moderate,Hydrated
48,Male,66.0,3.31,High,Hydrated
53,Male,51.99,2.88,Low,At Risk of Dehydration
55,Female,66.9,1.52,High,At Risk of Dehydration
45,Female,90.42,2.64,Moderate,At Risk of Dehydration
30,Male,81.47,1.59,Low,At Risk of Dehydration
37,Female,77.16,1.59,Moderate,At Risk of Dehydration
49,Female,62.37,3.28,High,At Risk of Dehydration
50,Male,99.34,2.16,Low,Hydrated
48,Female,61.8,2.9,Moderate,At Risk of Dehydration
27,Female,97.06,3.82,Moderate,Hydrated
59,Male,74.1,1.61,Moderate,At Risk of Dehydration
38,Female,82.87,3.76,Moderate,Hydrated
23,Female,71.84,2.31,High,At Risk of Dehydration
51,Female,81.81,2.41,High,At Risk of Dehydration
52,Female,89.29,3.86,Low,Hydrated
36,Male,57.8,3.39,Moderate,Hydrated
43,Female,63.68,1.76,Low,At Risk of Dehydration
51,Female,50.77,2.76,Low,At Risk of Dehydration
52,Male,76.86,3.51,Moderate,Hydrated
18,Female,66.8,2.95,Low,Hydrated
28,Female,86.21,3.12,Moderate,At Risk of Dehydration
25,Male,94.36,3.01,High,At Risk of Dehydration
19,Female,84.95,1.63,Moderate,At Risk of Dehydration
34,Male,77.38,2.05,Moderate,At Risk of Dehydration
39,Female,86.56,3.48,Low,Hydrated
57,Male,96.7,2.84,Moderate,At Risk of Dehydration
48,Female,64.58,1.08,Low,At Risk of Dehydration
19,Female,90.22,1.83,Low,At Risk of Dehydration
33,Female,88.95,2.22,Low,At Risk of Dehydration
56,Male,50.75,2.4,Moderate,At Risk of Dehydration
22,Female,78.56,3.23,Moderate,Hydrated
30,Female,88.39,2.96,Low,At Risk of Dehydration
44,Female,55.49,2.9,High,Hydrated
24,Female,77.72,3.91,High,Hydrated
35,Male,47.47,2.34,Low,At Risk of Dehydration
36,Male,93.15,2.62,Moderate,At Risk of Dehydration
35,Male,69.72,3.85,High,At Risk of Dehydration
53,Female,96.33,2.14,Low,Hydrated
47,Female,71.49,2.69,Low,Hydrated
32,Female,63.14,3.3,High,Hydrated
31,Female,92.61,1.4,Moderate,At Risk of Dehydration
48,Female,50.19,1.25,Low,At Risk of Dehydration
30,Male,73.08,1.99,Moderate,At Risk of Dehydration
53,Male,51.96,1.66,High,At Risk of Dehydration
37,Male,67.79,2.16,Low,At Risk of Dehydration
32,Male,68.07,1.37,High,At Risk of Dehydration
47,Male,99.06,3.58,High,At Risk of Dehydration
54,Female,83.9,1.79,Low,At Risk of Dehydration
36,Male,51.59,1.05,Low,At Risk of Dehydration
46,Female,89.35,1.69,High,At Risk of Dehydration
33,Male,58.99,3.06,Moderate,Hydrated
40,Female,57.11,1.46,Low,At Risk of Dehydration
37,Male,72.99,1.71,High,At Risk of Dehydration
59,Female,48.35,2.03,Moderate,Hydrated
49,Female,93.98,1.65,Low,At Risk of Dehydration
49,Male,86.29,3.3,Low,Hydrated
34,Male,65.59,1.95,Moderate,At Risk of Dehydration
55,Female,85.2,1.53,High,At Risk of Dehydration
49,Male,80.84,2.78,Moderate,Hydrated
27,Female,57.61,1.35,High,At Risk of Dehydration
33,Male,97.28,1.85,High,At Risk of Dehydration
19,Male,69.71,3.46,High,At Risk of Dehydration
20,Male,82.0,1.49,High,At Risk of Dehydration
55,Male,70.66,1.15,Low,At Risk of Dehydration
37,Male,92.17,1.22,Moderate,At Risk of Dehydration
28,Male,45.32,2.6,High,At Risk of Dehydration
55,Female,89.04,3.09,High,Hydrated
52,Male,60.64,2.67,High,At Risk of Dehydration
41,Male,78.2,3.36,Moderate,At Risk of Dehydration
37,Female,90.48,1.06,Low,At Risk of Dehydration
38,Female,74.82,2.97,Moderate,Hydrated
41,Male,72.42,2.0,Low,At Risk of Dehydration
21,Male,48.34,1.24,Low,At Risk of Dehydration
38,Female,60.17,2.78,Moderate,At Risk of Dehydration
26,Male,64.01,2.96,Moderate,At Risk of Dehydration
27,Male,78.78,3.93,High,Hydrated
51,Female,73.1,2.49,Moderate,Hydrated
36,Male,76.66,3.71,High,Hydrated
46,Female,52.78,3.45,Low,Hydrated
20,Male,45.53,2.99,Moderate,At Risk of Dehydration
58,Female,95.75,1.63,Low,At Risk of Dehydration
51,Male,90.78,3.54,Moderate,At Risk of Dehydration
41,Male,51.53,1.65,Moderate,Hydrated
48,Female,49.32,3.53,High,At Risk of Dehydration
36,Female,95.22,1.91,High,At Risk of Dehydration
18,Female,82.57,1.5,Low,At Risk of Dehydration
47,Male,86.27,1.2,Moderate,At Risk of Dehydration
24,Female,72.29,2.09,Low,At Risk of Dehydration
22,Female,54.98,2.86,Moderate,At Risk of Dehydration
19,Female,96.38,2.94,Low,At Risk of Dehydration
44,Female,88.2,1.15,Low,At Risk of Dehydration
26,Male,99.08,1.88,Low,At Risk of Dehydration
41,Female,61.2,3.91,Moderate,Hydrated
33,Male,63.38,1.42,Moderate,At Risk of Dehydration
45,Female,51.44,1.14,Low,At Risk of Dehydration
19,Male,57.57,1.83,Low,At Risk of Dehydration
36,Female,64.46,2.56,High,At Risk of Dehydration
58,Male,92.6,1.39,Moderate,At Risk of Dehydration
36,Female,84.48,1.46,Moderate,At Risk of Dehydration
25,Male,99.95,1.56,Moderate,At Risk of Dehydration
38,Female,98.86,2.42,High,At Risk of Dehydration
43,Male,77.86,2.85,Low,At Risk of Dehydration
38,Female,87.43,1.59,Moderate,At Risk of Dehydration
26,Female,51.15,2.21,High,At Risk of Dehydration
55,Male,88.75,1.42,High,At Risk of Dehydration
35,Female,89.84,3.47,High,At Risk of Dehydration
26,Male,51.0,2.44,Low,At Risk of Dehydration
44,Male,59.13,1.89,High,At Risk of Dehydration
57,Male,60.2,3.25,Moderate,At Risk of Dehydration
48,Male,78.52,3.58,Moderate,At Risk of Dehydration
48,Male,65.77,2.75,Low,Hydrated
18,Male,57.88,1.62,Low,At Risk of Dehydration
35,Female,89.96,1.68,Low,At Risk of Dehydration
43,Male,89.02,2.07,High,At Risk of Dehydration
22,Female,95.48,1.75,Low,Hydrated
40,Male,98.58,1.31,Low,At Risk of Dehydration
42,Male,56.88,1.62,Moderate,Hydrated
21,Female,74.73,3.56,High,Hydrated
46,Female,83.84,2.47,High,At Risk of Dehydration
45,Female,71.5,3.43,Low,Hydrated
34,Female,99.89,3.13,Low,Hydrated
49,Female,99.13,1.52,High,At Risk of Dehydration
50,Female,69.3,3.71,High,At Risk of Dehydration
49,Male,79.05,3.39,Moderate,At Risk of Dehydration
19,Female,82.08,3.22,Moderate,Hydrated
44,Female,93.93,3.87,Low,Hydrated
31,Female,75.44,2.96,Low,Hydrated
43,Male,47.34,2.96,Moderate,At Risk of Dehydration
20,Female,73.3,1.67,High,At Risk of Dehydration
35,Female,94.43,1.74,Moderate,At Risk of Dehydration
35,Male,69.41,3.79,Low,At Risk of Dehydration
42,Male,46.63,2.08,Low,At Risk of Dehydration
20,Female,79.2,1.71,Moderate,At Risk of Dehydration
43,Female,99.16,3.89,Low,Hydrated
20,Male,65.0,2.19,High,At Risk of Dehydration
42,Female,72.54,1.42,High,At Risk of Dehydration
25,Female,73.96,1.53,Moderate,At Risk of Dehydration
40,Male,81.2,3.1,High,At Risk of Dehydration
44,Male,48.3,2.3,Low,At Risk of Dehydration
55,Male,48.14,3.21,High,At Risk of Dehydration
58,Male,66.43,2.24,High,Hydrated
54,Male,77.3,1.39,Moderate,At Risk of Dehydration
50,Female,88.22,3.11,Moderate,Hydrated
50,Female,66.77,1.59,High,At Risk of Dehydration
22,Male,77.63,1.63,Low,At Risk of Dehydration
19,Female,76.31,2.16,Moderate,At Risk of Dehydration
56,Male,53.96,3.82,Low,Hydrated
37,Male,66.29,1.46,High,At Risk of Dehydration
38,Female,86.44,3.93,Moderate,At Risk of Dehydration
20,Female,93.27,1.74,Low,Hydrated
33,Male,57.46,3.83,Low,Hydrated
51,Female,78.11,2.38,Moderate,Hydrated
36,Female,92.41,2.26,Moderate,At Risk of Dehydration
57,Male,82.35,3.15,Moderate,At Risk of Dehydration
18,Male,66.54,1.44,Moderate,At Risk of Dehydration
27,Female,88.49,3.89,Low,Hydrated
21,Male,55.43,2.98,Low,Hydrated
59,Female,97.42,1.82,Low,At Risk of Dehydration
37,Male,87.82,1.22,Moderate,At Risk of Dehydration
20,Female,62.13,1.29,High,At Risk of Dehydration
21,Female,73.04,1.41,High,At Risk of Dehydration
27,Female,74.97,1.08,Low,At Risk of Dehydration
24,Male,48.68,3.2,Low,Hydrated
23,Female,79.39,1.02,Moderate,At Risk of Dehydration
47,Female,70.91,2.37,Moderate,At Risk of Dehydration
38,Male,63.9,1.02,High,At Risk of Dehydration
39,Male,74.04,2.9,Low,Hydrated
47,Female,86.94,2.85,High,Hydrated
43,Male,98.96,1.94,Low,At Risk of Dehydration
34,Female,49.86,1.91,High,At Risk of Dehydration
46,Male,45.28,1.44,Low,At Risk of Dehydration
30,Male,50.23,1.97,Low,At Risk of Dehydration
29,Female,83.14,1.17,Moderate,At Risk of Dehydration
46,Female,76.29,3.7,High,Hydrated
47,Female,53.02,2.47,Low,At Risk of Dehydration
28,Male,61.92,3.33,Low,At Risk of Dehydration
34,Female,82.62,1.98,Low,Hydrated
38,Female,87.9,3.69,Moderate,At Risk of Dehydration
34,Male,58.72,3.44,Low,Hydrated
27,Male,89.58,2.37,Moderate,Hydrated
44,Male,85.5,2.63,Moderate,At Risk of Dehydration
25,Male,79.84,3.72,High,Hydrated
33,Male,82.27,1.52,Low,At Risk of Dehydration
41,Male,47.13,1.27,Moderate,At Risk of Dehydration
56,Female,63.88,2.31,Moderate,At Risk of Dehydration
26,Male,70.53,1.14,Moderate,At Risk of Dehydration
19,Male,61.69,3.36,Moderate,Hydrated
45,Male,96.91,2.85,High,At Risk of Dehydration
25,Male,98.44,1.31,Low,At Risk of Dehydration
27,Female,63.65,2.59,High,At Risk of Dehydration
40,Female,52.37,1.06,Moderate,At Risk of Dehydration
48,Male,79.9,1.33,Low,At Risk of Dehydration
21,Male,58.84,2.45,Low,Hydrated
45,Male,51.88,2.67,High,At Risk of Dehydration
34,Male,81.31,3.67,High,At Risk of Dehydration
56,Female,84.91,2.01,High,At Risk of Dehydration
47,Male,74.23,1.81,Low,At Risk of Dehydration
35,Female,48.73,3.47,High,Hydrated
57,Male,73.92,3.13,High,At Risk of Dehydration
55,Female,97.0,3.02,High,At Risk of Dehydration
40,Female,74.71,2.3,Moderate,At Risk of Dehydration
21,Male,95.3,2.73,Moderate,At Risk of Dehydration
32,Male,98.61,2.18,High,At Risk of Dehydration
29,Female,71.63,1.76,Low,At Risk of Dehydration
30,Male,65.19,1.2,Moderate,At Risk of Dehydration
52,Male,69.47,1.74,High,At Risk of Dehydration
34,Female,87.0,1.04,High,At Risk of Dehydration
24,Male,80.17,2.61,High,Hydrated
21,Male,92.42,1.83,Moderate,At Risk of Dehydration
33,Male,60.38,2.33,Low,At Risk of Dehydration
49,Male,74.0,2.83,Moderate,Hydrated
26,Male,81.86,1.69,Moderate,At Risk of Dehydration
34,Male,46.65,1.82,High,At Risk of Dehydration
48,Male,57.15,2.4,Low,Hydrated
37,Female,92.35,1.47,Low,At Risk of Dehydration
22,Male,65.53,2.39,Moderate,At Risk of Dehydration
34,Male,94.1,2.34,Moderate,At Risk of Dehydration
25,Male,74.62,2.61,High,At Risk of Dehydration
34,Female,94.98,3.84,Low,Hydrated
34,Female,65.74,1.24,High,At Risk of Dehydration
33,Male,90.52,2.07,Moderate,At Risk of Dehydration
27,Female,90.35,2.15,High,At Risk of Dehydration
42,Male,91.51,2.7,Low,At Risk of Dehydration
46,Female,62.5,1.68,Moderate,At Risk of Dehydration
28,Female,77.05,2.8,Low,Hydrated
48,Female,76.33,2.44,High,At Risk of Dehydration
24,Female,96.22,1.74,High,At Risk of Dehydration
38,Female,54.96,3.92,Low,Hydrated
18,Female,53.01,3.3,Moderate,At Risk of Dehydration
25,Female,71.72,2.09,High,At Risk of Dehydration
53,Female,54.18,2.86,Low,At Risk of Dehydration
20,Female,57.41,3.62,Moderate,Hydrated
21,Male,96.43,3.31,High,At Risk of Dehydration
54,Female,45.62,3.13,High,At Risk of Dehydration
22,Male,54.2,3.66,Low,Hydrated
45,Female,63.4,2.55,Low,Hydrated
42,Male,87.99,2.59,Low,At Risk of Dehydration
21,Male,96.27,2.42,Low,At Risk of Dehydration
22,Female,75.28,2.89,Moderate,At Risk of Dehydration
37,Male,70.87,2.93,Low,At Risk of Dehydration
24,Male,85.52,1.56,Moderate,Hydrated
25,Male,95.42,3.56,Moderate,Hydrated
46,Female,97.42,2.48,Low,At Risk of Dehydration
45,Male,47.69,2.81,High,At Risk of Dehydration
57,Male,85.56,1.91,High,At Risk of Dehydration
30,Female,79.14,2.94,Low,At Risk of Dehydration
41,Male,60.02,3.56,Low,Hydrated
33,Female,74.19,1.01,Low,At Risk of Dehydration
29,Male,66.84,3.95,High,Hydrated
38,Female,53.43,1.18,Moderate,At Risk of Dehydration
24,Female,50.99,3.87,Low,Hydrated
36,Male,77.08,2.6,Low,At Risk of Dehydration
41,Female,81.23,3.04,High,At Risk of Dehydration
59,Female,71.18,2.53,Moderate,At Risk of Dehydration
47,Female,57.61,3.49,Low,Hydrated
46,Female,60.79,2.36,High,At Risk of Dehydration
45,Female,94.61,1.86,Low,At Risk of Dehydration
47,Male,71.72,1.53,Moderate,At Risk of Dehydration
49,Male,96.5,2.4,Low,At Risk of Dehydration
22,Male,60.73,2.17,High,At Risk of Dehydration
58,Female,74.61,1.21,Moderate,At Risk of Dehydration
21,Male,76.57,3.75,Low,Hydrated
48,Female,85.9,2.92,Moderate,Hydrated
22,Female,78.9,3.9,High,Hydrated
40,Female,81.65,3.87,Moderate,At Risk of Dehydration
29,Female,59.93,1.09,Low,At Risk of Dehydration
36,Male,82.27,1.71,Moderate,At Risk of Dehydration
41,Female,74.41,1.67,Low,At Risk of Dehydration
56,Female,71.27,2.84,High,At Risk of Dehydration
26,Male,68.76,1.64,Moderate,At Risk of Dehydration
38,Male,76.56,2.2,Low,At Risk of Dehydration
19,Female,52.76,3.8,Moderate,Hydrated
31,Female,70.4,2.91,Moderate,Hydrated
38,Male,65.5,2.7,Low,At Risk of Dehydration
56,Female,95.21,3.53,Moderate,Hydrated
40,Male,70.89,2.42,Moderate,At Risk of Dehydration
58,Female,58.46,3.97,High,Hydrated
51,Female,59.4,3.1,Moderate,Hydrated
20,Male,47.37,3.68,Low,Hydrated
55,Female,56.35,2.92,Low,Hydrated
51,Female,46.65,1.78,High,At Risk of Dehydration
24,Female,51.84,1.26,High,At Risk of Dehydration
23,Female,79.23,1.58,High,At Risk of Dehydration
54,Female,70.71,1.32,High,At Risk of Dehydration
45,Male,52.25,3.73,Low,At Risk of Dehydration
40,Male,67.84,3.86,Moderate,Hydrated
19,Female,67.64,3.88,High,At Risk of Dehydration
57,Male,49.75,2.46,Moderate,At Risk of Dehydration
25,Female,82.06,3.7,Moderate,Hydrated
25,Female,78.09,3.82,Low,Hydrated
31,Male,68.15,1.15,High,At Risk of Dehydration
32,Female,71.16,3.69,High,Hydrated
59,Male,95.69,2.71,Low,At Risk of Dehydration
43,Male,61.41,2.43,Low,At Risk of Dehydration
29,Female,49.22,1.6,Low,At Risk of Dehydration
55,Male,86.61,2.16,Low,At Risk of Dehydration
22,Male,60.11,1.47,High,At Risk of Dehydration
23,Female,46.49,2.58,Low,At Risk of Dehydration
18,Male,94.38,2.14,High,At Risk of Dehydration
53,Male,83.64,1.93,High,At Risk of Dehydration
20,Female,73.97,2.78,Moderate,Hydrated
39,Male,71.39,3.88,Moderate,Hydrated
42,Female,75.48,3.73,High,Hydrated
52,Male,69.64,1.85,Low,At Risk of Dehydration
36,Male,79.08,3.94,High,Hydrated
53,Male,51.75,1.85,High,At Risk of Dehydration
39,Male,86.61,3.55,High,Hydrated
54,Male,66.19,1.44,Low,At Risk of Dehydration
22,Female,90.17,1.25,Low,At Risk of Dehydration
34,Female,75.02,1.25,Moderate,At Risk of Dehydration
23,Female,47.84,2.43,High,At Risk of Dehydration
46,Female,86.44,2.81,Low,At Risk of Dehydration
18,Female,50.73,3.64,High,At Risk of Dehydration
54,Female,67.12,2.12,Moderate,At Risk of Dehydration
36,Male,86.37,2.11,High,At Risk of Dehydration
46,Female,67.45,1.18,Moderate,At Risk of Dehydration
46,Male,78.79,3.52,Moderate,At Risk of Dehydration
29,Male,52.81,2.77,Low,Hydrated
51,Female,66.93,3.76,Moderate,Hydrated
33,Female,46.03,2.85,Low,At Risk of Dehydration
35,Female,55.89,1.14,Moderate,At Risk of Dehydration
40,Male,52.31,3.99,Low,Hydrated
51,Male,61.36,2.51,Moderate,At Risk of Dehydration
45,Female,50.71,3.29,Moderate,Hydrated
29,Male,55.4,1.44,Low,At Risk of Dehydration
52,Male,89.12,1.17,Low,At Risk of Dehydration
48,Male,45.87,3.45,High,Hydrated
45,Female,61.39,1.77,Low,At Risk of Dehydration
44,Male,82.93,3.68,Low,Hydrated
34,Male,72.28,2.35,Low,At Risk of Dehydration
18,Female,50.68,1.49,High,At Risk of Dehydration
26,Male,73.47,2.19,Moderate,At Risk of Dehydration
34,Female,71.39,1.47,Moderate,At Risk of Dehydration
41,Female,79.1,3.24,Low,Hydrated
37,Male,87.23,3.24,High,Hydrated
22,Male,71.38,2.49,Moderate,At Risk of Dehydration
40,Male,99.45,1.44,High,At Risk of Dehydration
41,Female,64.52,3.88,Low,Hydrated
48,Male,71.98,3.48,Low,Hydrated
42,Male,85.21,1.76,Low,At Risk of Dehydration
18,Female,61.45,1.72,Low,At Risk of Dehydration
47,Female,56.55,3.23,Moderate,Hydrated
33,Female,57.12,1.02,Moderate,At Risk of Dehydration
36,Male,69.73,1.47,Moderate,At Risk of Dehydration
31,Male,61.14,2.71,Moderate,Hydrated
38,Male,84.42,1.76,High,At Risk of Dehydration
49,Male,45.98,1.42,Low,At Risk of Dehydration
53,Male,61.15,2.21,Moderate,At Risk of Dehydration
39,Female,93.26,3.37,Low,Hydrated
40,Female,78.48,2.46,Moderate,Hydrated
18,Male,91.36,2.46,Moderate,At Risk of Dehydration
34,Male,82.89,2.46,Moderate,At Risk of Dehydration
51,Female,91.43,2.84,High,At Risk of Dehydration
48,Male,94.68,2.72,Low,At Risk of Dehydration
38,Male,70.86,3.2,High,At Risk of Dehydration
28,Female,51.95,1.18,Low,Hydrated
37,Male,90.07,2.8,Low,Hydrated
23,Female,54.93,3.05,High,At Risk of Dehydration
54,Male,96.37,1.25,Moderate,At Risk of Dehydration
28,Female,72.88,2.79,High,At Risk of Dehydration
29,Male,95.11,1.71,Moderate,At Risk of Dehydration
25,Male,50.85,2.64,Moderate,At Risk of Dehydration
48,Female,91.78,1.58,High,At Risk of Dehydration
32,Male,57.76,1.89,Moderate,At Risk of Dehydration
33,Male,49.1,3.68,High,At Risk of Dehydration
59,Male,98.19,2.33,Moderate,At Risk of Dehydration
59,Female,77.01,2.93,Moderate,Hydrated
40,Male,49.58,1.69,High,At Risk of Dehydration
54,Female,59.08,2.45,High,At Risk of Dehydration
53,Male,94.5,3.32,Low,Hydrated
23,Female,90.78,3.06,High,At Risk of Dehydration
18,Male,82.24,3.24,Low,At Risk of Dehydration
41,Male,64.3,1.14,High,At Risk of Dehydration
20,Male,75.85,3.1,Low,Hydrated
50,Female,77.6,3.81,High,Hydrated
59,Male,58.52,3.53,High,At Risk of Dehydration
18,Male,71.18,3.16,Low,At Risk of Dehydration
50,Male,58.96,1.99,High,At Risk of Dehydration
32,Female,82.17,3.7,Low,Hydrated
40,Male,78.82,2.1,Moderate,At Risk of Dehydration
45,Female,76.15,3.04,Moderate,At Risk of Dehydration
27,Female,61.79,3.06,High,At Risk of Dehydration
39,Female,46.59,2.21,Moderate,Hydrated
22,Male,89.14,2.43,Low,At Risk of Dehydration
43,Female,54.87,3.37,High,Hydrated
42,Female,52.64,1.94,Low,At Risk of Dehydration
37,Male,98.13,1.45,Moderate,At Risk of Dehydration
20,Male,49.4,3.15,Low,Hydrated
26,Male,71.26,1.54,High,At Risk of Dehydration
33,Male,78.91,1.87,Low,At Risk of Dehydration
28,Female,51.59,3.34,High,Hydrated
44,Male,70.09,1.03,High,At Risk of Dehydration
56,Male,50.05,3.57,Low,Hydrated
32,Male,56.95,3.27,High,At Risk of Dehydration
23,Female,50.69,3.7,Moderate,Hydrated
42,Female,94.6,2.11,High,At Risk of Dehydration
20,Male,89.46,3.25,Low,Hydrated
22,Female,50.34,2.5,Low,At Risk of Dehydration
59,Male,79.6,1.6,Moderate,At Risk of Dehydration
29,Female,73.95,2.03,Low,At Risk of Dehydration
59,Male,92.11,1.19,Moderate,At Risk of Dehydration
56,Female,80.87,3.8,Low,Hydrated
30,Female,97.41,3.86,Moderate,Hydrated
34,Female,55.48,2.73,Low,At Risk of Dehydration
23,Male,91.32,2.06,Moderate,At Risk of Dehydration
49,Male,69.64,1.38,Low,At Risk of Dehydration
50,Male,79.48,1.16,Low,At Risk of Dehydration
35,Male,77.16,1.46,Moderate,At Risk of Dehydration
20,Male,81.49,3.43,Moderate,Hydrated
40,Female,62.0,2.07,Moderate,At Risk of Dehydration
24,Female,69.05,2.08,High,At Risk of Dehydration
53,Female,67.94,2.65,Low,Hydrated
41,Male,86.16,1.24,Moderate,At Risk of Dehydration
55,Male,89.15,3.84,High,Hydrated
24,Male,91.75,2.99,High,Hydrated
35,Female,98.07,3.89,Moderate,Hydrated
41,Female,82.58,1.68,High,At Risk of Dehydration
36,Male,92.06,1.49,Low,At Risk of Dehydration
40,Male,96.69,1.14,Moderate,At Risk of Dehydration
32,Male,89.91,3.67,High,At Risk of Dehydration
25,Male,72.84,3.51,Low,At Risk of Dehydration
18,Male,95.25,1.22,High,At Risk of Dehydration
30,Male,68.7,3.87,High,Hydrated
24,Female,45.69,1.37,Moderate,At Risk of Dehydration
34,Female,93.86,2.93,Low,At Risk of Dehydration
44,Male,93.14,2.08,Low,At Risk of Dehydration
19,Female,98.0,2.25,Moderate,At Risk of Dehydration
43,Female,61.93,1.98,High,At Risk of Dehydration
40,Female,70.64,1.51,Moderate,At Risk of Dehydration
31,Female,64.13,2.1,Moderate,Hydrated
39,Male,77.19,1.46,Low,At Risk of Dehydration
45,Female,61.11,1.76,High,At Risk of Dehydration
50,Female,86.93,2.17,Moderate,Hydrated
39,Female,92.0,2.68,Low,At Risk of Dehydration
35,Male,65.19,3.11,Low,Hydrated
59,Male,73.3,2.91,Low,Hydrated
25,Female,53.54,3.13,Moderate,At Risk of Dehydration
19,Male,88.13,3.0,High,At Risk of Dehydration
37,Male,70.13,3.36,High,Hydrated
56,Male,84.79,2.55,Low,Hydrated
34,Male,66.08,1.8,High,At Risk of Dehydration
51,Male,66.21,1.18,Moderate,At Risk of Dehydration
44,Male,82.85,1.34,Moderate,At Risk of Dehydration
26,Female,92.65,1.93,High,At Risk of Dehydration
33,Male,51.83,1.87,High,At Risk of Dehydration
53,Female,74.97,1.68,High,At Risk of Dehydration
31,Male,70.27,3.09,Low,Hydrated
28,Male,87.67,3.96,Low,At Risk of Dehydration
32,Male,88.52,2.26,Moderate,Hydrated
27,Male,69.9,1.67,High,At Risk of Dehydration
31,Female,67.22,1.74,Moderate,At Risk of Dehydration
18,Female,59.93,3.05,Moderate,At Risk of Dehydration
35,Female,80.82,1.31,Moderate,At Risk of Dehydration
24,Male,96.5,2.17,Moderate,At Risk of Dehydration
20,Female,54.16,2.54,High,At Risk of Dehydration
26,Male,53.62,3.5,Low,Hydrated
53,Female,54.71,1.4,Low,At Risk of Dehydration
25,Female,72.27,3.49,Moderate,At Risk of Dehydration
20,Female,63.01,3.47,Low,Hydrated
47,Female,87.75,1.99,Low,At Risk of Dehydration
51,Female,48.9,1.97,High,At Risk of Dehydration
46,Female,68.35,3.44,Moderate,At Risk of Dehydration
58,Female,66.19,1.59,Moderate,At Risk of Dehydration
48,Female,58.17,1.1,High,At Risk of Dehydration
26,Male,96.44,1.01,Moderate,At Risk of Dehydration
28,Male,57.1,3.16,High,Hydrated
20,Female,49.18,3.92,High,Hydrated
34,Male,85.82,1.68,Moderate,At Risk of Dehydration
25,Female,98.25,3.17,Low,At Risk of Dehydration
38,Female,54.7,1.72,High,At Risk of Dehydration
58,Male,61.78,1.5,High,At Risk of Dehydration
35,Male,89.55,2.48,Low,At Risk of Dehydration
52,Female,94.65,2.4,Low,At Risk of Dehydration
24,Female,97.09,3.5,Moderate,At Risk of Dehydration
58,Female,46.93,2.34,High,Hydrated
38,Male,56.23,2.54,High,At Risk of Dehydration
53,Male,63.98,1.48,Low,At Risk of Dehydration
34,Female,46.57,3.83,Moderate,Hydrated
30,Female,95.76,3.11,Moderate,Hydrated
47,Female,94.23,3.83,High,Hydrated
33,Male,73.43,1.78,Low,At Risk of Dehydration
31,Female,83.64,2.39,Low,At Risk of Dehydration
34,Male,64.67,3.17,High,Hydrated
24,Female,93.0,3.12,High,Hydrated
32,Male,94.04,2.43,Moderate,At Risk of Dehydration
56,Male,74.9,3.11,High,Hydrated
48,Male,87.59,1.16,Moderate,At Risk of Dehydration
40,Female,58.81,3.67,Low,Hydrated
32,Female,81.54,3.4,Moderate,Hydrated
58,Male,73.7,3.99,High,Hydrated
47,Female,92.46,2.47,Moderate,At Risk of Dehydration
59,Female,46.7,3.15,High,Hydrated
53,Female,80.88,2.39,Moderate,At Risk of Dehydration
59,Female,75.65,3.91,High,Hydrated
29,Female,69.51,3.78,High,Hydrated
38,Female,89.71,1.58,Low,At Risk of Dehydration
57,Female,79.4,2.98,High,At Risk of Dehydration
49,Female,89.39,2.86,Low,At Risk of Dehydration
27,Male,93.34,2.3,Low,Hydrated
43,Male,76.22,2.64,Low,At Risk of Dehydration
30,Female,88.99,1.66,Moderate,At Risk of Dehydration
31,Male,56.76,2.59,Moderate,Hydrated
55,Female,70.38,3.55,High,Hydrated
39,Female,92.5,1.09,High,At Risk of Dehydration
18,Female,70.09,1.91,High,At Risk of Dehydration
56,Male,76.12,3.18,Moderate,At Risk of Dehydration
23,Male,62.76,1.77,Low,At Risk of Dehydration
22,Male,60.71,3.21,Moderate,Hydrated
57,Female,64.18,2.96,High,At Risk of Dehydration
45,Male,81.57,2.38,High,At Risk of Dehydration
59,Male,60.31,1.22,High,At Risk of Dehydration
37,Female,77.67,3.76,Moderate,Hydrated
24,Female,75.88,3.51,High,Hydrated
34,Female,72.63,3.78,Low,Hydrated
45,Female,59.59,3.64,Low,Hydrated
22,Female,99.79,1.14,High,At Risk of Dehydration
32,Male,60.99,3.09,Moderate,At Risk of Dehydration
50,Female,72.11,1.64,Low,At Risk of Dehydration
34,Female,90.38,1.78,Low,At Risk of Dehydration
43,Male,87.77,2.54,Low,At Risk of Dehydration
25,Male,73.26,1.99,Low,At Risk of Dehydration
48,Female,54.71,1.58,High,At Risk of Dehydration
29,Female,67.4,1.9,Moderate,Hydrated
40,Female,76.8,2.1,Moderate,At Risk of Dehydration
58,Male,76.56,3.97,High,At Risk of Dehydration
18,Male,98.73,2.93,Moderate,Hydrated
34,Female,47.55,2.93,High,Hydrated
19,Male,96.07,1.14,High,At Risk of Dehydration
58,Female,55.06,3.92,Moderate,At Risk of Dehydration
54,Female,77.85,1.78,Moderate,At Risk of Dehydration
55,Male,97.26,3.62,Moderate,Hydrated
35,Female,47.62,1.35,High,At Risk of Dehydration
51,Female,50.77,2.27,High,At Risk of Dehydration
48,Female,66.64,3.42,High,At Risk of Dehydration
18,Female,55.69,3.51,Moderate,Hydrated
53,Female,83.21,2.63,Low,At Risk of Dehydration
20,Female,58.17,1.59,High,At Risk of Dehydration
19,Male,91.35,1.58,Moderate,At Risk of Dehydration
45,Male,68.52,1.03,Moderate,At Risk of Dehydration
20,Male,97.18,1.43,Moderate,At Risk of Dehydration
57,Male,54.71,3.31,Low,Hydrated
56,Male,90.1,1.16,Moderate,At Risk of Dehydration
42,Female,50.83,3.18,Low,Hydrated
45,Male,83.51,1.28,Low,At Risk of Dehydration
18,Female,78.79,3.85,Moderate,Hydrated
30,Male,50.14,3.7,Low,At Risk of Dehydration
41,Male,47.41,3.78,Low,Hydrated
56,Female,98.08,1.52,Low,At Risk of Dehydration
39,Female,50.49,3.72,Moderate,Hydrated
33,Male,47.57,2.97,Moderate,At Risk of Dehydration
22,Male,49.94,1.66,High,At Risk of Dehydration
35,Male,71.6,3.44,High,At Risk of Dehydration
48,Female,73.07,1.11,Low,At Risk of Dehydration
18,Female,77.98,2.73,Low,Hydrated
35,Female,75.36,1.3,Moderate,At Risk of Dehydration
27,Female,97.06,3.82,Moderate,Hydrated
50,Male,68.3,1.45,Moderate,At Risk of Dehydration
49,Male,71.26,3.66,Moderate,At Risk of Dehydration
21,Male,92.88,1.07,High,At Risk of Dehydration
43,Female,93.21,2.83,High,At Risk of Dehydration
43,Male,89.64,2.31,Low,At Risk of Dehydration
19,Female,45.7,3.68,Moderate,At Risk of Dehydration
42,Male,52.02,1.96,High,At Risk of Dehydration
41,Male,78.51,2.6,Low,At Risk of Dehydration
41,Female,63.11,1.16,Low,At Risk of Dehydration
36,Male,60.2,1.28,Low,At Risk of Dehydration
35,Male,73.95,1.83,High,At Risk of Dehydration
21,Female,72.52,1.52,Moderate,At Risk of Dehydration
26,Male,55.14,3.61,Moderate,At Risk of Dehydration
32,Female,52.25,2.46,Low,At Risk of Dehydration
43,Male,51.64,2.33,Low,Hydrated
44,Male,97.64,3.49,Low,Hydrated
43,Male,61.24,2.49,Low,At Risk of Dehydration
32,Female,62.56,2.48,Moderate,At Risk of Dehydration
19,Female,57.24,2.31,Low,At Risk of Dehydration
19,Female,89.95,1.29,Moderate,At Risk of Dehydration
53,Female,97.23,1.3,High,At Risk of Dehydration
59,Female,76.15,1.35,Low,At Risk of Dehydration
35,Female,62.71,3.22,Moderate,Hydrated
44,Female,87.38,3.44,Moderate,Hydrated
48,Male,54.47,1.82,Moderate,At Risk of Dehydration
31,Female,81.32,2.65,High,At Risk of Dehydration
36,Male,48.82,1.24,Low,At Risk of Dehydration
35,Male,97.39,2.47,Moderate,Hydrated
37,Female,61.55,3.83,Moderate,Hydrated
44,Male,45.14,2.08,Moderate,At Risk of Dehydration
33,Female,61.46,1.27,High,At Risk of Dehydration
41,Female,90.03,1.98,High,At Risk of Dehydration
52,Male,62.9,2.06,Moderate,At Risk of Dehydration
32,Male,84.63,2.97,High,At Risk of Dehydration
40,Female,55.75,3.19,Low,Hydrated
38,Female,64.8,2.11,Moderate,At Risk of Dehydration
36,Male,82.52,3.49,Low,Hydrated
19,Male,71.82,2.65,Low,Hydrated
35,Female,45.2,2.84,Low,Hydrated
39,Male,91.02,2.13,Moderate,At Risk of Dehydration
56,Female,46.09,2.27,Low,Hydrated
20,Male,58.29,1.6,Low,At Risk of Dehydration
39,Female,81.24,2.64,Low,Hydrated
39,Male,83.25,2.61,High,At Risk of Dehydration
26,Female,75.23,2.74,Moderate,Hydrated
51,Male,90.41,2.51,Low,At Risk of Dehydration
36,Male,53.86,3.49,Moderate,At Risk of Dehydration
39,Female,57.25,2.36,Moderate,At Risk of Dehydration
43,Female,76.73,3.43,Low,At Risk of Dehydration
38,Male,50.2,2.79,Moderate,At Risk of Dehydration
30,Male,73.08,2.98,Moderate,Hydrated
30,Male,58.38,3.77,Low,Hydrated
20,Female,98.0,2.04,High,At Risk of Dehydration
48,Male,87.8,1.62,High,Hydrated
33,Male,53.65,2.17,Low,At Risk of Dehydration
31,Female,60.88,3.39,High,Hydrated
34,Male,64.74,3.84,High,At Risk of Dehydration
49,Female,83.42,1.78,Moderate,At Risk of Dehydration
36,Female,93.87,3.09,Low,Hydrated
23,Female,91.25,3.85,Moderate,Hydrated
46,Female,84.82,3.0,High,At Risk of Dehydration
58,Male,57.81,2.52,Low,At Risk of Dehydration
36,Male,83.88,3.23,Low,Hydrated
55,Female,52.45,2.16,Moderate,Hydrated
52,Female,68.5,2.72,Low,Hydrated
25,Male,98.04,1.46,Moderate,At Risk of Dehydration
21,Male,99.76,1.77,High,At Risk of Dehydration
29,Male,78.27,3.83,Low,At Risk of Dehydration
56,Male,56.28,3.83,High,At Risk of Dehydration
19,Male,75.87,1.13,Moderate,At Risk of Dehydration
21,Female,45.83,2.22,High,At Risk of Dehydration
42,Female,76.97,1.5,Low,At Risk of Dehydration
40,Female,92.62,1.76,Moderate,At Risk of Dehydration
34,Male,82.57,1.64,High,At Risk of Dehydration
22,Female,89.13,2.41,Moderate,At Risk of Dehydration
22,Female,90.86,2.15,High,At Risk of Dehydration
55,Male,97.89,1.52,Low,At Risk of Dehydration
52,Female,69.93,1.45,High,At Risk of Dehydration
40,Male,92.77,2.42,Low,At Risk of Dehydration
57,Male,97.85,1.03,Low,At Risk of Dehydration
18,Male,69.66,1.34,Low,At Risk of Dehydration
26,Female,75.61,1.82,High,At Risk of Dehydration
43,Male,86.16,3.56,Moderate,At Risk of Dehydration
43,Male,67.62,2.03,Moderate,At Risk of Dehydration
26,Female,59.98,1.94,Moderate,At Risk of Dehydration
30,Female,65.67,2.87,Low,Hydrated
52,Male,46.94,3.86,Low,Hydrated
46,Female,72.38,3.64,Moderate,Hydrated
36,Male,90.14,1.61,Moderate,At Risk of Dehydration
57,Male,66.95,1.45,High,At Risk of Dehydration
52,Male,81.77,2.97,Moderate,Hydrated
30,Male,54.76,2.8,High,Hydrated
25,Female,59.73,1.45,Low,At Risk of Dehydration
53,Female,68.81,3.67,Moderate,Hydrated
27,Male,58.9,1.43,Low,At Risk of Dehydration
43,Male,96.15,1.37,Moderate,At Risk of Dehydration
40,Male,61.9,1.77,High,At Risk of Dehydration
21,Female,81.04,3.66,High,Hydrated
49,Female,67.96,3.85,High,Hydrated
24,Male,59.79,2.43,Moderate,At Risk of Dehydration
54,Male,54.76,1.57,Moderate,At Risk of Dehydration
49,Male,62.33,3.41,High,Hydrated
47,Male,84.4,3.24,High,Hydrated
47,Female,78.22,3.05,High,At Risk of Dehydration
34,Male,49.69,2.78,Low,At Risk of Dehydration
52,Female,72.31,2.8,Low,At Risk of Dehydration
33,Female,88.89,3.61,High,Hydrated
39,Female,93.5,1.79,Low,At Risk of Dehydration
54,Male,68.43,3.78,Moderate,Hydrated
47,Female,49.06,3.77,High,Hydrated
18,Female,61.13,3.9,High,Hydrated
29,Female,65.78,2.56,High,At Risk of Dehydration
21,Male,87.05,3.09,Low,Hydrated
28,Female,55.48,3.32,High,At Risk of Dehydration
49,Male,71.28,3.47,High,Hydrated
23,Female,82.72,3.94,Low,At Risk of Dehydration
50,Male,48.55,2.78,High,At Risk of Dehydration
21,Female,82.4,2.12,High,Hydrated
58,Male,78.04,1.8,High,At Risk of Dehydration
59,Male,65.81,2.98,Moderate,At Risk of Dehydration
40,Male,65.67,3.57,High,Hydrated
55,Female,84.79,3.98,Moderate,Hydrated
37,Female,55.42,2.4,High,Hydrated
45,Female,81.45,1.24,Low,At Risk of Dehydration
37,Female,63.46,3.44,Low,At Risk of Dehydration
55,Female,60.7,2.77,Moderate,At Risk of Dehydration
35,Female,50.59,3.44,Low,Hydrated
37,Female,73.38,2.42,Moderate,At Risk of Dehydration
28,Male,80.87,2.18,High,At Risk of Dehydration
29,Male,54.6,3.24,Low,Hydrated
20,Female,82.04,2.88,Moderate,At Risk of Dehydration
29,Male,49.14,1.11,Low,Hydrated
23,Male,62.97,1.91,High,At Risk of Dehydration
42,Male,99.01,2.76,Moderate,At Risk of Dehydration
20,Female,59.13,1.12,Moderate,At Risk of Dehydration
49,Male,54.92,1.82,High,At Risk of Dehydration
20,Female,45.89,1.49,Moderate,Hydrated
27,Female,74.97,1.08,Low,At Risk of Dehydration
48,Female,88.45,2.09,High,At Risk of Dehydration
54,Female,97.67,2.34,Low,At Risk of Dehydration
57,Male,65.1,3.62,Moderate,Hydrated
19,Male,93.36,2.27,Moderate,Hydrated
51,Female,70.22,2.3,Low,At Risk of Dehydration
35,Female,69.24,3.16,Low,At Risk of Dehydration
58,Male,59.94,2.75,High,Hydrated
32,Male,51.76,3.8,Moderate,Hydrated
21,Female,56.68,2.48,Moderate,At Risk of Dehydration
34,Male,45.88,2.08,High,At Risk of Dehydration
56,Female,48.69,2.86,High,Hydrated
19,Male,67.34,3.86,High,Hydrated
57,Female,79.65,1.95,Moderate,At Risk of Dehydration
28,Female,57.53,3.21,Moderate,At Risk of Dehydration
32,Male,49.05,3.78,Low,Hydrated
57,Male,52.53,1.95,High,At Risk of Dehydration
22,Male,68.23,1.01,Moderate,At Risk of Dehydration
22,Female,59.63,2.39,Moderate,Hydrated
44,Female,65.74,3.65,High,At Risk of Dehydration
20,Male,83.5,1.41,Low,At Risk of Dehydration
32,Male,87.89,3.97,High,Hydrated
18,Female,80.85,1.98,High,At Risk of Dehydration
18,Male,74.9,1.17,Low,At Risk of Dehydration
46,Male,67.5,3.42,Moderate,Hydrated
26,Female,56.96,2.28,Moderate,At Risk of Dehydration
57,Female,82.98,3.49,Moderate,Hydrated
48,Male,83.06,3.43,Moderate,Hydrated
22,Male,84.78,2.12,Moderate,At Risk of Dehydration
43,Female,66.64,3.22,High,At Risk of Dehydration
29,Male,71.58,2.01,High,Hydrated
29,Female,73.62,1.96,Moderate,At Risk of Dehydration
49,Male,92.75,1.92,Low,At Risk of Dehydration
57,Male,46.48,2.3,Low,Hydrated
35,Female,66.27,1.84,Low,At Risk of Dehydration
24,Female,66.98,2.88,Moderate,Hydrated
42,Female,80.47,1.41,Moderate,At Risk of Dehydration
42,Male,66.35,3.88,Moderate,Hydrated
53,Male,95.28,2.34,High,At Risk of Dehydration
40,Male,56.6,3.03,Low,Hydrated
33,Male,90.52,2.07,Moderate,At Risk of Dehydration
41,Male,66.69,3.1,Low,Hydrated
35,Male,57.21,1.94,Moderate,At Risk of Dehydration
18,Male,74.25,1.68,Moderate,At Risk of Dehydration
56,Female,97.47,2.17,High,At Risk of Dehydration
37,Female,61.58,1.29,Low,At Risk of Dehydration
35,Female,83.43,1.51,High,At Risk of Dehydration
35,Female,69.51,1.81,Moderate,At Risk of Dehydration
59,Male,71.69,1.41,Moderate,At Risk of Dehydration
50,Female,89.69,1.54,Moderate,At Risk of Dehydration
23,Male,81.05,3.91,Moderate,Hydrated
46,Female,75.0,2.64,Moderate,At Risk of Dehydration
46,Male,97.96,2.13,High,At Risk of Dehydration
34,Female,59.32,3.58,High,Hydrated
46,Male,54.13,3.44,Moderate,Hydrated
46,Male,94.93,3.83,High,Hydrated
39,Male,88.48,2.76,Low,At Risk of Dehydration
23,Female,78.08,2.95,Low,Hydrated
39,Male,50.45,2.69,High,At Risk of Dehydration
25,Female,85.88,3.03,Low,At Risk of Dehydration
23,Female,87.82,3.49,Low,Hydrated
29,Male,82.48,1.57,High,At Risk of Dehydration
43,Female,45.47,3.02,High,At Risk of Dehydration
35,Male,50.62,2.1,High,At Risk of Dehydration
34,Male,66.26,3.41,High,At Risk of Dehydration
53,Male,96.4,3.31,Low,Hydrated
39,Male,83.33,1.93,Moderate,Hydrated
29,Female,69.79,2.17,High,At Risk of Dehydration
30,Female,49.02,2.21,Low,At Risk of Dehydration
51,Female,91.92,2.27,High,Hydrated
59,Female,67.91,3.45,Moderate,At Risk of Dehydration
29,Female,79.42,3.37,Moderate,At Risk of Dehydration
32,Female,65.21,1.42,High,At Risk of Dehydration
25,Female,75.66,2.86,Moderate,At Risk of Dehydration
59,Female,50.36,1.26,Moderate,At Risk of Dehydration
44,Male,72.51,3.45,Low,Hydrated
52,Female,50.2,3.49,High,Hydrated
58,Male,72.1,2.28,Moderate,At Risk of Dehydration
39,Female,94.63,4.0,Moderate,Hydrated
31,Male,66.37,3.26,Low,At Risk of Dehydration
38,Male,49.11,2.52,Moderate,At Risk of Dehydration
18,Female,72.61,3.01,Moderate,At Risk of Dehydration
54,Female,58.04,1.12,High,At Risk of Dehydration
18,Male,82.74,2.63,Low,At Risk of Dehydration
41,Female,54.07,3.11,High,At Risk of Dehydration
36,Male,52.57,3.2,Moderate,At Risk of Dehydration
36,Male,72.89,1.79,High,At Risk of Dehydration
24,Male,66.48,1.51,Moderate,At Risk of Dehydration
21,Female,52.12,2.13,Low,At Risk of Dehydration
34,Female,91.83,2.98,High,At Risk of Dehydration
43,Male,47.69,2.22,Low,Hydrated
38,Female,76.9,4.0,High,At Risk of Dehydration
45,Male,87.35,3.68,High,Hydrated
19,Female,63.55,3.13,High,At Risk of Dehydration
55,Female,87.26,1.77,Low,At Risk of Dehydration
28,Female,91.9,1.28,Low,At Risk of Dehydration
36,Male,74.87,2.32,High,At Risk of Dehydration
55,Male,93.56,1.04,Moderate,At Risk of Dehydration
48,Female,79.66,3.05,Low,At Risk of Dehydration
49,Male,87.52,2.51,High,At Risk of Dehydration
32,Male,74.94,2.88,Low,At Risk of Dehydration
53,Male,69.8,3.45,High,Hydrated
19,Male,48.38,3.29,Low,Hydrated
39,Male,86.01,3.42,Low,At Risk of Dehydration
49,Male,82.64,2.01,Low,At Risk of Dehydration
54,Male,67.36,2.2,Moderate,At Risk of Dehydration
43,Female,83.44,1.89,Low,At Risk of Dehydration
18,Male,86.18,3.66,Moderate,Hydrated
32,Female,74.92,2.99,High,At Risk of Dehydration
43,Male,96.48,2.87,High,At Risk of Dehydration
59,Female,71.21,2.98,Low,At Risk of Dehydration
38,Female,95.97,2.75,High,At Risk of Dehydration
48,Male,47.47,2.8,Low,At Risk of Dehydration
58,Female,90.36,1.23,High,At Risk of Dehydration
55,Male,68.09,2.18,Moderate,Hydrated
40,Female,91.87,3.55,Low,Hydrated
41,Male,60.28,3.56,High,Hydrated
25,Female,93.4,2.81,Low,At Risk of Dehydration
58,Female,87.07,2.0,High,At Risk of Dehydration
40,Female,60.1,1.9,Low,At Risk of Dehydration
43,Male,83.73,3.55,High,At Risk of Dehydration
36,Male,54.3,2.14,Moderate,At Risk of Dehydration
53,Female,80.98,3.28,Moderate,At Risk of Dehydration
34,Female,64.11,3.21,Low,At Risk of Dehydration
46,Female,62.08,1.07,High,At Risk of Dehydration
34,Male,72.16,1.05,Low,At Risk of Dehydration
40,Female,66.39,2.88,High,At Risk of Dehydration
47,Male,92.88,3.13,High,Hydrated
30,Female,62.71,3.26,Moderate,At Risk of Dehydration
48,Female,99.71,3.72,Moderate,At Risk of Dehydration
49,Female,49.85,3.37,Low,Hydrated
40,Male,88.55,3.42,High,At Risk of Dehydration
46,Female,61.02,2.63,Low,Hydrated
34,Male,46.54,2.58,Moderate,Hydrated
52,Female,63.38,2.93,Moderate,At Risk of Dehydration
36,Female,45.12,3.38,High,At Risk of Dehydration
38,Female,82.65,2.45,Moderate,At Risk of Dehydration
26,Female,89.96,1.34,Moderate,At Risk of Dehydration
36,Female,52.96,3.48,Low,At Risk of Dehydration
45,Male,65.88,1.04,Moderate,At Risk of Dehydration
34,Male,84.4,3.27,Moderate,At Risk of Dehydration
44,Female,67.78,1.94,High,Hydrated
34,Female,67.43,3.89,Low,Hydrated
59,Female,45.84,2.6,High,At Risk of Dehydration
24,Female,54.03,3.12,Moderate,At Risk of Dehydration
40,Female,59.64,3.44,High,At Risk of Dehydration
57,Male,97.79,3.08,Moderate,Hydrated
35,Female,98.83,3.29,Moderate,Hydrated
59,Male,48.41,3.72,High,Hydrated
56,Female,95.21,3.53,Moderate,Hydrated
24,Male,61.15,1.83,High,At Risk of Dehydration
38,Female,76.9,4.0,High,At Risk of Dehydration
56,Female,80.98,2.59,High,At Risk of Dehydration
18,Female,72.24,2.04,High,At Risk of Dehydration
50,Female,50.08,3.15,High,At Risk of Dehydration
34,Female,45.81,2.1,Low,Hydrated
29,Male,86.06,2.52,Low,At Risk of Dehydration
43,Female,72.26,3.78,High,Hydrated
48,Female,52.2,1.99,High,At Risk of Dehydration
55,Female,86.69,3.52,High,Hydrated
33,Male,63.76,2.49,Low,Hydrated
30,Male,72.69,1.02,Moderate,At Risk of Dehydration
31,Male,46.92,1.03,Low,At Risk of Dehydration
25,Male,61.22,1.75,High,At Risk of Dehydration
48,Male,97.91,1.13,High,At Risk of Dehydration
52,Female,78.12,1.32,Moderate,Hydrated
44,Male,46.86,2.44,Low,Hydrated
31,Male,90.83,3.82,Moderate,At Risk of Dehydration
30,Male,45.07,1.73,Low,At Risk of Dehydration
27,Female,71.27,2.92,Low,At Risk of Dehydration
29,Male,74.87,2.42,High,At Risk of Dehydration
44,Male,77.98,3.52,Low,Hydrated
52,Female,48.25,1.89,Low,Hydrated
22,Female,75.74,2.19,High,At Risk of Dehydration
54,Female,75.75,2.71,High,At Risk of Dehydration
49,Male,93.34,2.83,High,At Risk of Dehydration
57,Female,57.29,3.9,High,Hydrated
19,Male,80.34,3.52,Moderate,At Risk of Dehydration
23,Male,57.14,3.68,Low,At Risk of Dehydration
41,Female,57.14,2.8,High,At Risk of Dehydration
31,Female,83.82,2.63,Low,At Risk of Dehydration
38,Female,88.0,2.76,Moderate,At Risk of Dehydration
22,Female,53.68,1.07,Low,At Risk of Dehydration
31,Female,68.59,1.82,Low,At Risk of Dehydration
51,Female,68.31,3.74,High,Hydrated
46,Female,88.64,3.82,High,Hydrated
43,Female,69.93,3.21,Moderate,At Risk of Dehydration
43,Male,93.55,3.6,High,Hydrated
56,Male,50.93,1.43,High,At Risk of Dehydration
28,Male,65.57,2.91,High,At Risk of Dehydration
41,Female,61.49,2.74,High,Hydrated
27,Male,65.74,1.1,Low,At Risk of Dehydration
52,Female,70.87,3.88,High,Hydrated
34,Female,79.06,1.47,High,At Risk of Dehydration
51,Female,98.19,1.72,Moderate,At Risk of Dehydration
46,Female,56.54,3.25,Low,At Risk of Dehydration
33,Female,80.94,2.49,Moderate,At Risk of Dehydration
31,Male,84.87,1.1,Moderate,At Risk of Dehydration
24,Male,61.01,2.04,Low,At Risk of Dehydration
34,Male,56.98,1.62,Low,At Risk of Dehydration
34,Male,64.3,1.87,High,At Risk of Dehydration
22,Female,81.45,3.26,Low,At Risk of Dehydration
36,Male,67.82,2.61,Low,At Risk of Dehydration
30,Male,93.19,2.08,High,At Risk of Dehydration
51,Male,95.56,3.23,Moderate,Hydrated
46,Male,55.0,1.0,Moderate,At Risk of Dehydration
38,Female,55.76,1.88,Moderate,At Risk of Dehydration
46,Male,69.53,2.18,High,At Risk of Dehydration
34,Female,97.68,1.29,Moderate,At Risk of Dehydration
45,Female,99.56,1.25,High,At Risk of Dehydration
36,Female,53.57,2.04,Moderate,At Risk of Dehydration
55,Female,47.97,1.96,Moderate,Hydrated
35,Female,95.47,1.28,High,At Risk of Dehydration
35,Female,45.71,3.72,Low,At Risk of Dehydration
59,Male,82.43,1.53,High,At Risk of Dehydration
33,Female,46.94,3.74,Moderate,At Risk of Dehydration
33,Male,67.47,1.74,High,At Risk of Dehydration
33,Female,72.88,3.89,Low,Hydrated
52,Male,60.88,1.65,Moderate,At Risk of Dehydration
30,Male,85.92,2.26,High,Hydrated
27,Male,97.15,3.2,High,At Risk of Dehydration
22,Female,99.79,1.14,High,At Risk of Dehydration
38,Female,85.32,3.62,High,Hydrated
26,Female,92.11,2.42,Moderate,At Risk of Dehydration
45,Female,88.56,2.84,High,At Risk of Dehydration
40,Male,78.5,2.19,High,At Risk of Dehydration
27,Female,57.18,3.32,Low,Hydrated
19,Female,75.07,3.88,Low,Hydrated
34,Male,54.63,2.34,Low,At Risk of Dehydration
56,Female,91.58,3.04,High,At Risk of Dehydration
45,Female,83.72,1.09,Moderate,At Risk of Dehydration
34,Male,61.66,2.21,Low,At Risk of Dehydration
52,Male,49.21,3.49,Low,Hydrated
26,Male,69.47,3.47,Moderate,Hydrated
33,Female,50.6,1.03,High,At Risk of Dehydration
25,Female,45.24,3.7,Moderate,At Risk of Dehydration
59,Female,99.45,2.44,Low,At Risk of Dehydration
20,Female,86.75,2.36,High,At Risk of Dehydration
31,Female,93.79,1.1,High,At Risk of Dehydration
38,Male,64.99,1.9,High,At Risk of Dehydration
41,Female,95.43,1.66,Low,At Risk of Dehydration
27,Female,68.11,2.06,Low,At Risk of Dehydration
38,Male,49.34,3.44,Moderate,At Risk of Dehydration
46,Female,50.57,3.49,Moderate,Hydrated
33,Male,78.68,3.08,Moderate,Hydrated
52,Male,92.64,1.94,High,At Risk of Dehydration
40,Male,47.64,2.38,High,At Risk of Dehydration
43,Male,86.46,3.68,Moderate,Hydrated
51,Male,99.9,1.27,Low,At Risk of Dehydration
24,Male,90.86,3.64,Moderate,Hydrated
25,Male,79.68,1.48,Low,At Risk of Dehydration
32,Male,66.57,2.1,Low,At Risk of Dehydration
54,Male,76.5,3.07,Moderate,Hydrated
21,Female,98.01,3.62,Moderate,At Risk of Dehydration
55,Male,87.43,2.32,Low,Hydrated
27,Male,73.97,1.01,High,At Risk of Dehydration
51,Female,75.92,1.7,Moderate,At Risk of Dehydration
38,Female,85.64,2.84,High,At Risk of Dehydration
35,Female,49.34,3.12,Low,At Risk of Dehydration
53,Male,89.9,2.37,Moderate,At Risk of Dehydration
46,Male,49.51,2.47,Low,At Risk of Dehydration
55,Female,83.65,2.44,Low,At Risk of Dehydration
56,Male,46.28,2.82,Low,Hydrated
57,Female,94.47,2.23,Moderate,At Risk of Dehydration
47,Female,59.53,2.87,High,At Risk of Dehydration
44,Female,59.31,1.38,Low,At Risk of Dehydration
41,Female,75.8,3.27,High,Hydrated
58,Male,68.26,3.52,Low,Hydrated
37,Female,63.52,2.56,High,At Risk of Dehydration
37,Female,91.05,3.04,Moderate,Hydrated
54,Female,59.39,3.82,High,Hydrated
31,Male,49.33,3.32,Low,At Risk of Dehydration
35,Male,89.56,2.35,High,At Risk of Dehydration
31,Male,50.21,2.62,High,At Risk of Dehydration
20,Female,81.43,3.91,Moderate,At Risk of Dehydration
58,Male,81.74,2.47,Low,At Risk of Dehydration
19,Male,97.55,1.3,Moderate,At Risk of Dehydration
20,Male,93.88,3.84,Moderate,Hydrated
54,Male,90.16,2.09,Low,At Risk of Dehydration
27,Male,68.12,2.5,Moderate,At Risk of Dehydration
23,Female,80.01,1.27,Low,At Risk of Dehydration
51,Female,48.03,1.05,Moderate,At Risk of Dehydration
58,Female,78.52,3.0,Low,At Risk of Dehydration
25,Female,87.21,3.39,Moderate,Hydrated
59,Female,59.2,3.44,Low,At Risk of Dehydration
39,Male,68.75,3.11,Low,At Risk of Dehydration
33,Male,97.9,2.03,Low,At Risk of Dehydration
24,Male,83.44,2.83,Low,At Risk of Dehydration
46,Female,82.49,2.81,Moderate,At Risk of Dehydration
52,Male,64.45,1.66,High,Hydrated
54,Male,53.32,2.89,High,At Risk of Dehydration
37,Female,86.03,2.37,Low,At Risk of Dehydration
22,Female,95.23,1.9,High,At Risk of Dehydration
35,Female,95.39,1.94,High,At Risk of Dehydration
21,Female,93.69,1.88,High,At Risk of Dehydration
46,Female,84.71,1.87,Low,At Risk of Dehydration
26,Male,72.97,2.4,Moderate,At Risk of Dehydration
19,Male,67.29,1.74,High,At Risk of Dehydration
30,Male,93.52,3.32,Moderate,At Risk of Dehydration
32,Female,98.1,2.32,Low,Hydrated
52,Male,81.38,2.22,Moderate,At Risk of Dehydration
32,Female,73.53,1.31,Low,At Risk of Dehydration
34,Male,97.89,2.75,Moderate,Hydrated
33,Male,88.0,1.5,High,At Risk of Dehydration
35,Male,46.68,1.63,High,At Risk of Dehydration
32,Female,79.13,1.19,High,At Risk of Dehydration
48,Male,83.07,3.38,Low,Hydrated
59,Female,57.77,2.65,High,At Risk of Dehydration
56,Female,70.69,1.32,Low,At Risk of Dehydration
48,Female,59.01,3.96,High,At Risk of Dehydration
45,Male,97.91,1.02,High,At Risk of Dehydration
43,Male,47.39,3.06,Low,At Risk of Dehydration
32,Female,62.49,1.7,Moderate,At Risk of Dehydration
45,Male,54.48,3.77,Moderate,Hydrated
58,Female,89.01,1.59,Moderate,Hydrated
26,Female,46.03,1.21,Moderate,At Risk of Dehydration
34,Female,85.51,3.78,Moderate,At Risk of Dehydration
42,Male,55.64,3.73,Moderate,Hydrated
38,Male,87.38,1.65,Low,At Risk of Dehydration
42,Female,57.97,2.12,High,At Risk of Dehydration
42,Female,85.35,1.37,Low,At Risk of Dehydration
29,Male,64.68,3.7,Moderate,Hydrated
33,Female,73.97,2.39,High,At Risk of Dehydration
22,Male,71.95,2.91,Low,Hydrated
40,Female,78.95,2.57,Low,Hydrated
48,Female,58.17,1.1,High,At Risk of Dehydration
23,Male,92.97,1.92,High,At Risk of Dehydration
39,Male,95.87,2.92,Low,Hydrated
53,Female,67.94,2.65,Low,Hydrated
18,Male,91.3,1.28,Low,At Risk of Dehydration
43,Female,84.97,1.72,High,At Risk of Dehydration
43,Male,85.12,3.67,Moderate,Hydrated
32,Male,66.9,3.86,Low,Hydrated
44,Female,78.28,3.27,Low,Hydrated
24,Male,94.06,1.0,Moderate,At Risk of Dehydration
54,Male,85.05,1.46,Low,At Risk of Dehydration
32,Female,53.5,3.52,Low,Hydrated
18,Female,57.79,1.54,Moderate,At Risk of Dehydration
57,Female,50.27,2.71,High,At Risk of Dehydration
59,Female,96.43,3.83,Low,Hydrated
31,Female,64.5,3.65,Low,At Risk of Dehydration
47,Female,71.42,1.86,High,At Risk of Dehydration
46,Male,91.07,3.42,Low,At Risk of Dehydration
23,Female,93.46,1.4,High,Hydrated
32,Male,99.45,1.05,Moderate,At Risk of Dehydration
52,Male,47.18,3.43,Low,At Risk of Dehydration
22,Female,77.73,3.98,Moderate,Hydrated
56,Male,94.63,2.7,Low,At Risk of Dehydration
38,Male,77.48,3.26,High,At Risk of Dehydration
46,Female,64.62,1.2,High,At Risk of Dehydration
48,Male,64.57,2.7,Moderate,Hydrated
48,Male,71.54,3.73,Moderate,Hydrated
18,Male,95.61,2.05,Low,At Risk of Dehydration
27,Male,57.34,3.9,High,At Risk of Dehydration
58,Female,69.57,1.2,High,At Risk of Dehydration
25,Female,74.39,3.62,Moderate,Hydrated
47,Female,91.8,1.58,High,At Risk of Dehydration
34,Female,66.6,1.78,Moderate,At Risk of Dehydration
45,Female,69.12,2.08,Moderate,At Risk of Dehydration
39,Male,76.05,3.77,High,Hydrated
27,Male,89.16,2.45,Moderate,At Risk of Dehydration
32,Male,80.45,1.71,High,At Risk of Dehydration
39,Male,72.9,1.48,Moderate,At Risk of Dehydration
46,Male,74.65,3.99,High,Hydrated
20,Female,83.69,2.52,High,At Risk of Dehydration
42,Male,59.76,1.94,Moderate,At Risk of Dehydration
36,Female,88.99,3.17,Low,Hydrated
21,Male,74.73,1.28,High,At Risk of Dehydration
48,Male,53.7,3.05,Low,Hydrated
38,Male,66.01,3.88,High,Hydrated
43,Male,47.05,1.96,High,At Risk of Dehydration
27,Male,81.62,2.51,Low,At Risk of Dehydration
47,Male,49.65,3.69,Low,At Risk of Dehydration
52,Female,99.46,3.86,Moderate,Hydrated
28,Female,81.4,2.23,Moderate,At Risk of Dehydration
32,Female,45.08,2.43,Low,At Risk of Dehydration
35,Male,90.8,3.68,Moderate,Hydrated
43,Male,77.39,1.29,High,At Risk of Dehydration
37,Female,68.38,1.85,Low,At Risk of Dehydration
31,Male,81.32,1.52,High,At Risk of Dehydration
24,Female,47.45,2.37,Low,At Risk of Dehydration
36,Female,88.55,1.12,Low,At Risk of Dehydration
50,Male,84.52,1.93,High,At Risk of Dehydration
56,Female,58.38,3.98,High,Hydrated
40,Male,69.19,1.46,Moderate,At Risk of Dehydration
51,Male,65.34,2.92,Moderate,At Risk of Dehydration
33,Male,65.6,2.5,Moderate,Hydrated
40,Female,94.9,3.94,Moderate,At Risk of Dehydration
55,Male,98.82,2.43,Moderate,At Risk of Dehydration
42,Female,70.92,1.04,Moderate,At Risk of Dehydration
47,Female,73.81,3.18,High,At Risk of Dehydration
52,Male,75.14,2.8,Low,At Risk of Dehydration
40,Male,45.91,2.85,High,At Risk of Dehydration
48,Male,55.19,2.64,Moderate,At Risk of Dehydration
23,Female,55.32,1.7,Moderate,At Risk of Dehydration
35,Male,62.97,1.11,Low,At Risk of Dehydration
30,Male,75.77,2.89,Low,Hydrated
50,Male,76.18,1.02,High,At Risk of Dehydration
27,Female,82.25,2.75,High,At Risk of Dehydration
36,Male,97.28,3.33,Low,At Risk of Dehydration
58,Female,65.14,3.98,Low,Hydrated
53,Male,89.05,3.89,Low,Hydrated
57,Female,78.75,2.84,Moderate,At Risk of Dehydration
42,Female,57.32,2.39,Low,At Risk of Dehydration
35,Male,68.47,3.29,High,Hydrated
28,Female,70.06,3.98,High,Hydrated
35,Male,94.02,3.68,Low,Hydrated
35,Male,90.47,3.0,High,At Risk of Dehydration
53,Male,86.98,2.93,Moderate,At Risk of Dehydration
36,Female,90.5,3.42,Moderate,Hydrated
18,Male,95.25,1.22,High,At Risk of Dehydration
43,Male,45.65,1.39,High,At Risk of Dehydration
45,Male,88.65,1.26,Low,At Risk of Dehydration
34,Male,65.43,1.6,High,At Risk of Dehydration
32,Female,97.63,1.53,Low,At Risk of Dehydration
42,Female,78.38,1.24,Moderate,At Risk of Dehydration
34,Male,77.76,3.67,High,At Risk of Dehydration
40,Male,62.53,1.01,Moderate,At Risk of Dehydration
49,Female,52.48,3.37,Low,Hydrated
19,Female,75.05,2.6,Moderate,Hydrated
35,Male,48.27,3.93,High,At Risk of Dehydration
50,Female,52.42,3.95,Moderate,Hydrated
42,Female,77.19,1.61,Moderate,At Risk of Dehydration
51,Female,91.96,2.14,Moderate,At Risk of Dehydration
45,Male,90.34,1.27,Moderate,At Risk of Dehydration
21,Female,58.51,3.7,Moderate,Hydrated
54,Male,72.13,3.34,High,At Risk of Dehydration
43,Male,56.98,1.53,Low,At Risk of Dehydration
28,Female,59.68,1.07,High,At Risk of Dehydration
27,Male,52.4,2.95,High,At Risk of Dehydration
55,Male,62.89,1.67,Low,At Risk of Dehydration
30,Female,77.99,3.01,Low,Hydrated
27,Male,68.76,3.28,Low,Hydrated
41,Female,81.63,3.42,Low,Hydrated
34,Female,72.67,1.43,Moderate,At Risk of Dehydration
50,Female,60.61,3.97,High,At Risk of Dehydration
25,Female,86.13,3.57,High,Hydrated
26,Male,66.93,1.25,Low,At Risk of Dehydration
59,Female,85.73,3.2,Moderate,Hydrated
41,Female,77.16,2.82,Moderate,At Risk of Dehydration
36,Male,96.51,2.65,High,At Risk of Dehydration
45,Male,82.36,2.52,High,At Risk of Dehydration
21,Female,71.08,2.44,Moderate,At Risk of Dehydration
23,Female,81.8,3.46,High,Hydrated
47,Male,80.98,3.56,Low,At Risk of Dehydration
25,Female,92.13,1.12,Moderate,At Risk of Dehydration
29,Female,98.07,3.48,High,At Risk of Dehydration
19,Female,70.98,3.39,High,Hydrated
24,Female,82.43,2.31,Low,At Risk of Dehydration
28,Female,66.28,2.85,Low,Hydrated
21,Female,68.02,1.61,Low,At Risk of Dehydration
46,Female,57.54,1.28,High,At Risk of Dehydration
51,Male,55.59,3.18,High,At Risk of Dehydration
44,Female,96.26,3.75,High,At Risk of Dehydration
34,Male,49.27,1.15,Low,At Risk of Dehydration
41,Female,64.35,1.78,High,At Risk of Dehydration
54,Male,56.07,3.86,Moderate,Hydrated
58,Female,80.79,3.69,Moderate,Hydrated
58,Male,77.59,2.39,Low,Hydrated
50,Female,47.2,1.24,Moderate,At Risk of Dehydration
42,Female,77.6,3.95,Moderate,At Risk of Dehydration
49,Female,94.31,3.29,Low,Hydrated
40,Female,95.36,2.98,Low,Hydrated
38,Male,64.0,2.52,Low,At Risk of Dehydration
41,Male,73.2,2.43,High,At Risk of Dehydration
51,Female,69.19,3.96,High,At Risk of Dehydration
53,Male,78.64,1.15,High,Hydrated
33,Female,96.46,1.72,Moderate,At Risk of Dehydration
26,Female,45.72,3.72,Moderate,Hydrated
25,Female,97.7,2.71,Low,At Risk of Dehydration
49,Male,96.17,1.18,Moderate,At Risk of Dehydration
38,Female,82.81,2.64,Moderate,Hydrated
34,Female,52.14,3.5,Moderate,Hydrated
20,Female,45.9,1.8,Low,At Risk of Dehydration
42,Female,75.65,2.79,Low,Hydrated
37,Female,55.39,3.28,Low,Hydrated
21,Male,64.76,1.41,Moderate,At Risk of Dehydration
50,Male,98.6,1.04,Moderate,At Risk of Dehydration
58,Male,56.81,3.22,High,At Risk of Dehydration
25,Male,65.64,2.21,High,At Risk of Dehydration
44,Female,61.75,2.11,High,At Risk of Dehydration
58,Male,64.44,1.6,High,Hydrated
59,Female,92.42,2.49,Low,Hydrated
24,Male,70.71,3.44,Low,Hydrated
56,Female,76.9,2.36,High,At Risk of Dehydration
36,Female,91.1,1.89,Moderate,At Risk of Dehydration
55,Male,98.16,1.66,Moderate,At Risk of Dehydration
18,Male,93.15,1.73,Low,At Risk of Dehydration
53,Female,96.37,2.3,Low,At Risk of Dehydration
23,Female,51.72,2.01,High,At Risk of Dehydration
39,Female,52.76,2.4,Moderate,At Risk of Dehydration
53,Female,74.97,1.68,High,At Risk of Dehydration
20,Female,91.9,1.17,High,At Risk of Dehydration
38,Female,52.23,2.87,Moderate,At Risk of Dehydration
51,Male,90.66,2.46,High,At Risk of Dehydration
47,Female,69.17,2.18,Moderate,Hydrated
31,Male,83.1,1.98,Moderate,At Risk of Dehydration
20,Male,94.12,1.12,Low,At Risk of Dehydration
25,Male,84.44,1.46,Low,At Risk of Dehydration
50,Male,74.5,1.84,Moderate,At Risk of Dehydration
49,Female,95.4,3.48,Low,Hydrated
30,Male,58.65,1.85,Low,At Risk of Dehydration
47,Male,78.65,3.77,High,At Risk of Dehydration
46,Female,56.84,1.41,Moderate,At Risk of Dehydration
59,Male,82.45,3.65,Low,Hydrated
25,Male,83.64,2.76,Moderate,At Risk of Dehydration
56,Female,79.59,2.83,High,At Risk of Dehydration
26,Male,48.23,2.71,Moderate,Hydrated
22,Female,54.96,2.76,Low,At Risk of Dehydration
25,Male,45.51,2.28,Low,At Risk of Dehydration
48,Female,99.04,3.16,Low,At Risk of Dehydration
30,Male,95.41,3.64,High,Hydrated
53,Female,69.48,2.11,High,At Risk of Dehydration
52,Male,47.65,2.19,High,At Risk of Dehydration
48,Female,74.65,1.44,Low,At Risk of Dehydration
54,Male,66.22,3.68,Moderate,Hydrated
38,Female,82.33,1.11,Moderate,At Risk of Dehydration
44,Female,88.52,1.32,Moderate,At Risk of Dehydration
55,Male,57.82,2.31,High,At Risk of Dehydration
56,Male,72.9,2.89,Moderate,At Risk of Dehydration
22,Female,62.77,1.46,High,At Risk of Dehydration
34,Male,73.49,2.06,Moderate,At Risk of Dehydration
21,Male,80.34,2.61,Low,Hydrated
32,Male,55.27,3.91,Low,At Risk of Dehydration
40,Female,87.77,3.36,Moderate,At Risk of Dehydration
18,Male,96.09,1.8,Low,At Risk of Dehydration
46,Male,61.56,1.76,High,Hydrated
44,Female,68.34,2.41,Moderate,At Risk of Dehydration
56,Female,57.13,2.87,High,At Risk of Dehydration
32,Male,95.3,2.71,High,At Risk of Dehydration
54,Male,50.35,2.46,Low,Hydrated
46,Male,81.89,1.22,Low,At Risk of Dehydration
44,Female,48.82,3.29,High,Hydrated
18,Male,92.98,1.31,Low,At Risk of Dehydration
48,Female,85.23,1.77,Low,At Risk of Dehydration
43,Female,85.65,3.84,High,Hydrated
58,Female,81.59,3.32,High,Hydrated
56,Male,46.98,2.34,High,At Risk of Dehydration
28,Female,86.83,1.64,Moderate,At Risk of Dehydration
52,Male,95.59,1.78,High,At Risk of Dehydration
41,Male,50.27,2.38,Moderate,At Risk of Dehydration
34,Male,97.06,3.46,Moderate,At Risk of Dehydration
53,Male,93.06,2.18,Moderate,At Risk of Dehydration
40,Female,50.91,2.81,Low,Hydrated
59,Female,76.23,2.77,High,At Risk of Dehydration
51,Female,66.54,3.21,Moderate,Hydrated
42,Male,47.99,1.06,Moderate,At Risk of Dehydration
42,Female,56.29,2.22,Low,At Risk of Dehydration
31,Female,58.12,3.49,Low,Hydrated
25,Male,49.07,2.04,Moderate,At Risk of Dehydration
39,Female,61.5,3.2,High,Hydrated
43,Female,72.15,1.82,Low,At Risk of Dehydration
34,Female,64.13,1.02,Low,At Risk of Dehydration
21,Male,94.04,3.7,Low,Hydrated
57,Male,51.82,1.19,Moderate,At Risk of Dehydration
50,Female,58.39,1.51,Moderate,At Risk of Dehydration
38,Male,56.47,1.87,Low,At Risk of Dehydration
56,Female,63.88,2.31,Moderate,At Risk of Dehydration
28,Male,98.46,2.75,Low,At Risk of Dehydration
34,Male,97.5,1.72,Low,Hydrated
24,Female,55.85,2.38,Moderate,At Risk of Dehydration
37,Female,86.03,1.39,Low,At Risk of Dehydration
43,Female,77.25,1.04,Low,At Risk of Dehydration
51,Female,73.51,1.73,High,At Risk of Dehydration
43,Female,87.62,3.64,Moderate,Hydrated
23,Male,55.45,2.05,Low,At Risk of Dehydration
21,Male,90.7,3.51,Low,At Risk of Dehydration
47,Male,82.21,3.14,High,At Risk of Dehydration
20,Male,85.57,3.07,Moderate,At Risk of Dehydration
26,Female,52.86,2.22,Low,At Risk of Dehydration
53,Female,89.3,2.63,Low,At Risk of Dehydration
55,Female,55.8,1.95,Moderate,Hydrated
40,Female,72.11,2.23,Low,At Risk of Dehydration
23,Male,88.18,1.06,High,At Risk of Dehydration
37,Female,59.52,1.86,Low,At Risk of Dehydration
22,Female,74.79,2.34,High,At Risk of Dehydration
49,Female,63.19,3.95,Moderate,Hydrated
36,Male,98.27,1.04,Low,At Risk of Dehydration
27,Female,74.19,2.01,Low,At Risk of Dehydration
51,Female,59.44,2.31,High,Hydrated
49,Female,65.19,2.25,High,Hydrated
41,Female,64.93,3.36,High,Hydrated
25,Male,52.64,1.54,Moderate,At Risk of Dehydration
48,Female,90.02,3.01,Low,At Risk of Dehydration
25,Male,76.25,3.72,Low,At Risk of Dehydration
48,Female,55.66,3.62,Moderate,Hydrated
37,Male,75.41,2.34,Low,Hydrated
38,Female,47.82,2.4,Moderate,Hydrated
50,Female,70.91,2.56,High,At Risk of Dehydration
28,Female,94.67,2.37,High,At Risk of Dehydration
28,Male,70.05,1.38,Moderate,At Risk of Dehydration
33,Female,48.9,3.9,Low,Hydrated
25,Female,98.04,2.26,High,At Risk of Dehydration
42,Female,84.35,2.39,High,At Risk of Dehydration
35,Male,54.41,1.22,Low,At Risk of Dehydration
49,Male,76.34,3.77,High,Hydrated
28,Male,89.16,2.22,Moderate,At Risk of Dehydration
33,Female,98.48,1.17,Moderate,At Risk of Dehydration
50,Male,68.6,1.97,High,At Risk of Dehydration
24,Male,58.42,3.98,Low,At Risk of Dehydration
51,Female,71.85,1.01,Moderate,At Risk of Dehydration
32,Male,83.75,3.5,High,At Risk of Dehydration
24,Male,62.67,1.58,High,At Risk of Dehydration
59,Female,64.23,2.89,Low,Hydrated
42,Female,51.03,2.95,Low,At Risk of Dehydration
30,Female,88.44,2.3,High,At Risk of Dehydration
37,Male,83.86,3.97,Moderate,Hydrated
37,Female,76.52,3.05,Low,Hydrated
30,Male,72.42,3.51,Low,Hydrated
58,Male,50.29,2.28,Moderate,At Risk of Dehydration
59,Female,49.76,1.64,Moderate,At Risk of Dehydration
34,Female,66.33,1.25,Moderate,At Risk of Dehydration
40,Male,83.42,1.56,High,At Risk of Dehydration
28,Male,90.13,2.23,Moderate,At Risk of Dehydration
49,Male,51.7,2.6,Low,At Risk of Dehydration
37,Female,72.16,2.59,Moderate,At Risk of Dehydration
30,Male,74.52,1.73,High,At Risk of Dehydration
27,Male,73.29,1.03,Low,At Risk of Dehydration
30,Male,73.44,3.01,Low,At Risk of Dehydration
59,Female,56.99,3.37,High,Hydrated
36,Female,70.54,1.05,High,At Risk of Dehydration
40,Male,97.01,1.17,Low,At Risk of Dehydration
22,Female,63.79,2.65,High,At Risk of Dehydration
27,Male,77.16,2.41,Moderate,At Risk of Dehydration
22,Female,74.76,1.51,High,At Risk of Dehydration
21,Female,78.32,1.49,Low,At Risk of Dehydration
20,Male,76.66,2.07,High,At Risk of Dehydration
30,Male,75.07,3.85,Moderate,Hydrated
52,Female,93.44,3.9,Low,Hydrated
55,Male,45.36,3.04,Moderate,At Risk of Dehydration
53,Male,85.51,2.15,High,At Risk of Dehydration
28,Male,51.96,3.66,Moderate,At Risk of Dehydration
45,Male,94.75,1.27,Moderate,At Risk of Dehydration
40,Male,58.32,2.84,High,At Risk of Dehydration
46,Female,80.3,1.31,High,At Risk of Dehydration
19,Female,72.57,1.62,Low,At Risk of Dehydration
24,Male,75.02,3.7,Moderate,At Risk of Dehydration
36,Female,96.25,3.53,Moderate,Hydrated
42,Female,97.5,3.05,Low,Hydrated
33,Male,54.8,2.01,High,At Risk of Dehydration
55,Male,95.78,1.86,High,At Risk of Dehydration
40,Male,79.36,3.92,High,At Risk of Dehydration
21,Male,50.72,3.71,Moderate,Hydrated
34,Male,60.55,1.95,High,At Risk of Dehydration
53,Male,45.42,3.43,Moderate,At Risk of Dehydration
33,Female,48.58,1.25,Moderate,Hydrated
35,Male,76.99,2.22,Low,At Risk of Dehydration
31,Male,75.98,1.57,High,At Risk of Dehydration
29,Male,76.73,2.45,Moderate,At Risk of Dehydration
18,Female,78.5,3.23,Moderate,Hydrated
28,Female,80.59,1.62,High,At Risk of Dehydration
27,Male,58.87,3.23,Low,At Risk of Dehydration
57,Male,51.95,2.03,Low,Hydrated
46,Female,48.06,1.35,High,At Risk of Dehydration
22,Female,90.86,2.15,High,At Risk of Dehydration
22,Male,60.2,3.0,Low,At Risk of Dehydration
20,Male,62.4,4.0,High,At Risk of Dehydration
42,Female,69.67,3.42,Low,Hydrated
43,Female,62.14,3.62,Low,Hydrated
49,Female,51.86,1.27,Low,At Risk of Dehydration
26,Female,79.1,3.52,Moderate,Hydrated
21,Male,98.47,2.39,Low,At Risk of Dehydration
33,Female,66.05,2.61,Low,At Risk of Dehydration
54,Female,98.7,2.03,High,At Risk of Dehydration
40,Male,65.06,3.03,High,At Risk of Dehydration
36,Male,92.51,1.58,High,At Risk of Dehydration
53,Male,92.14,3.73,Low,Hydrated
43,Female,73.97,2.27,Low,At Risk of Dehydration
48,Female,52.77,3.09,High,At Risk of Dehydration
47,Female,59.69,3.33,Low,Hydrated
40,Male,87.9,2.68,High,At Risk of Dehydration
54,Male,85.68,3.48,Low,Hydrated
22,Male,99.67,3.37,Moderate,Hydrated
41,Male,61.02,1.68,Moderate,At Risk of Dehydration
57,Male,77.38,2.38,High,At Risk of Dehydration
47,Female,73.26,3.99,Low,Hydrated
53,Male,95.29,3.58,Low,Hydrated
52,Female,94.8,2.69,High,At Risk of Dehydration
35,Male,59.2,2.81,Moderate,At Risk of Dehydration
29,Female,96.76,2.32,Moderate,At Risk of Dehydration
34,Female,62.89,2.78,High,At Risk of Dehydration
18,Male,75.0,2.08,Moderate,At Risk of Dehydration
54,Male,82.43,1.4,Low,At Risk of Dehydration
59,Male,75.38,2.98,Low,At Risk of Dehydration
37,Female,45.44,1.84,Moderate,At Risk of Dehydration
55,Male,85.52,2.24,High,At Risk of Dehydration
53,Male,48.12,1.16,Moderate,At Risk of Dehydration
49,Female,67.89,2.73,Moderate,At Risk of Dehydration
44,Male,96.86,3.94,High,Hydrated
21,Male,90.7,3.51,Low,At Risk of Dehydration
52,Male,82.65,2.9,High,Hydrated
57,Female,59.98,1.71,Moderate,At Risk of Dehydration
25,Female,48.24,2.7,High,Hydrated
41,Female,51.61,1.18,Moderate,At Risk of Dehydration
23,Female,68.63,2.48,Low,At Risk of Dehydration
18,Male,63.83,3.49,Moderate,At Risk of Dehydration
34,Female,69.08,1.97,Moderate,At Risk of Dehydration
32,Male,51.66,1.12,High,At Risk of Dehydration
59,Male,68.52,2.29,High,At Risk of Dehydration
21,Male,46.04,2.65,Low,At Risk of Dehydration
37,Female,98.23,2.59,High,At Risk of Dehydration
49,Male,63.65,2.5,Low,At Risk of Dehydration
35,Female,55.14,2.37,High,At Risk of Dehydration
54,Female,55.94,3.81,High,Hydrated
18,Female,84.77,2.73,High,At Risk of Dehydration
37,Male,60.33,2.02,High,At Risk of Dehydration
57,Male,66.83,3.36,Moderate,At Risk of Dehydration
29,Female,83.34,3.76,Low,Hydrated
51,Male,94.75,3.27,Moderate,Hydrated
44,Female,69.08,2.03,Low,At Risk of Dehydration
45,Male,77.09,2.75,Moderate,At Risk of Dehydration
45,Female,90.2,1.57,Moderate,At Risk of Dehydration
56,Female,82.93,1.58,Moderate,At Risk of Dehydration
28,Male,70.97,3.63,Moderate,Hydrated
35,Female,66.51,1.67,Moderate,Hydrated
31,Female,90.03,2.76,Moderate,At Risk of Dehydration
41,Female,84.83,2.69,Moderate,At Risk of Dehydration
40,Female,58.74,1.33,Low,At Risk of Dehydration
42,Female,87.9,1.8,Moderate,At Risk of Dehydration
27,Male,47.1,3.57,High,At Risk of Dehydration
38,Male,89.89,2.12,High,At Risk of Dehydration
59,Male,97.59,3.91,Low,Hydrated
51,Male,96.3,1.97,Moderate,At Risk of Dehydration
34,Male,62.85,3.76,High,Hydrated
47,Male,97.78,2.23,Moderate,At Risk of Dehydration
58,Female,90.04,3.39,Moderate,Hydrated
38,Male,47.57,3.21,Low,Hydrated
36,Female,91.25,3.61,High,At Risk of Dehydration
25,Male,84.25,1.99,Moderate,At Risk of Dehydration
59,Female,86.66,3.24,Low,Hydrated
21,Female,72.57,1.95,High,At Risk of Dehydration
32,Female,83.11,2.61,Low,At Risk of Dehydration
43,Male,70.24,1.59,High,At Risk of Dehydration
20,Female,88.13,1.94,Low,At Risk of Dehydration
43,Male,80.48,1.41,Moderate,At Risk of Dehydration
24,Female,62.97,3.27,High,Hydrated
58,Male,82.39,3.35,Moderate,At Risk of Dehydration
35,Male,94.22,2.54,Low,Hydrated
33,Female,97.83,3.52,Low,Hydrated
26,Female,45.15,3.9,Low,Hydrated
50,Female,68.04,1.49,Low,At Risk of Dehydration
29,Male,70.53,1.82,High,At Risk of Dehydration
20,Female,75.61,1.66,High,At Risk of Dehydration
44,Male,68.54,1.95,High,At Risk of Dehydration
51,Female,56.76,2.79,Moderate,At Risk of Dehydration
42,Female,61.04,3.59,Moderate,At Risk of Dehydration
37,Female,46.67,1.11,Moderate,At Risk of Dehydration
38,Female,94.55,3.1,Low,Hydrated
38,Male,60.02,2.76,Low,Hydrated
42,Male,95.26,2.3,Moderate,At Risk of Dehydration
35,Female,74.13,2.15,Low,At Risk of Dehydration
29,Male,89.99,1.4,Moderate,At Risk of Dehydration
36,Male,76.45,1.05,Moderate,At Risk of Dehydration
21,Male,95.25,1.75,Moderate,At Risk of Dehydration
52,Male,64.03,1.03,Low,At Risk of Dehydration
28,Male,54.07,1.23,Moderate,At Risk of Dehydration
37,Male,61.25,3.82,Moderate,Hydrated
57,Male,65.43,1.38,Low,At Risk of Dehydration
50,Female,82.86,3.02,Moderate,At Risk of Dehydration
34,Male,77.93,2.14,Moderate,At Risk of Dehydration
53,Male,72.75,3.55,Low,Hydrated
51,Female,47.11,1.19,Moderate,At Risk of Dehydration
19,Female,68.33,1.05,High,At Risk of Dehydration
22,Male,78.85,2.81,Moderate,At Risk of Dehydration
45,Male,97.7,2.32,Low,At Risk of Dehydration
58,Female,46.65,2.76,Low,Hydrated
20,Female,65.2,3.89,High,Hydrated
24,Female,61.78,2.05,Low,At Risk of Dehydration
46,Male,69.53,2.18,High,At Risk of Dehydration
39,Female,83.97,1.29,Moderate,At Risk of Dehydration
27,Male,75.9,1.66,Moderate,At Risk of Dehydration
21,Male,94.73,3.57,Low,Hydrated
46,Female,49.37,1.38,Low,At Risk of Dehydration
27,Male,71.77,2.37,Low,At Risk of Dehydration
53,Male,69.63,1.39,Moderate,At Risk of Dehydration
52,Female,85.35,1.36,High,At Risk of Dehydration
43,Female,49.1,3.85,High,Hydrated
29,Male,67.25,2.55,High,At Risk of Dehydration
48,Male,79.64,1.93,Low,At Risk of Dehydration
52,Male,62.86,2.91,Low,Hydrated
41,Male,53.47,1.68,Low,At Risk of Dehydration
21,Male,67.67,3.05,Moderate,At Risk of Dehydration
34,Female,45.87,1.14,High,At Risk of Dehydration
54,Female,96.21,2.09,Moderate,At Risk of Dehydration
48,Male,53.77,2.54,Moderate,At Risk of Dehydration
52,Female,72.05,2.98,High,Hydrated
39,Male,68.98,1.74,Low,At Risk of Dehydration
36,Male,88.48,2.98,Moderate,Hydrated
38,Male,91.13,3.1,Moderate,Hydrated
46,Male,55.06,3.68,High,Hydrated
42,Female,67.36,1.39,Low,At Risk of Dehydration
38,Female,72.77,2.3,Moderate,At Risk of Dehydration
28,Male,92.65,1.26,Moderate,At Risk of Dehydration
20,Male,62.09,1.29,Moderate,At Risk of Dehydration
43,Male,45.01,2.19,Moderate,At Risk of Dehydration
55,Female,97.06,1.53,High,At Risk of Dehydration
32,Female,79.0,1.3,High,At Risk of Dehydration
43,Male,66.23,1.65,Moderate,At Risk of Dehydration
40,Female,91.37,2.61,Moderate,At Risk of Dehydration
24,Female,81.75,3.48,Low,Hydrated
38,Male,59.23,2.3,Moderate,At Risk of Dehydration
21,Female,66.09,2.24,High,At Risk of Dehydration
18,Female,76.59,3.35,High,At Risk of Dehydration
46,Female,96.81,2.52,Low,Hydrated
48,Female,52.53,3.18,High,At Risk of Dehydration
20,Female,96.02,2.45,Low,At Risk of Dehydration
30,Female,48.31,3.79,Moderate,Hydrated
31,Female,50.86,3.44,High,Hydrated
35,Female,46.26,2.31,Low,At Risk of Dehydration
30,Male,85.09,1.57,Moderate,At Risk of Dehydration
59,Male,46.41,3.68,Moderate,Hydrated
42,Male,89.33,1.99,Moderate,At Risk of Dehydration
45,Female,65.23,2.9,High,At Risk of Dehydration
18,Female,86.5,1.47,Low,At Risk of Dehydration
55,Female,93.38,3.46,High,Hydrated
48,Male,60.78,2.53,Low,At Risk of Dehydration
50,Female,80.04,2.36,Moderate,At Risk of Dehydration
33,Female,71.89,3.82,Low,Hydrated
21,Male,62.65,3.87,High,Hydrated
58,Female,81.11,1.9,High,At Risk of Dehydration
19,Male,69.48,1.1,Low,At Risk of Dehydration
26,Female,72.17,1.54,Low,At Risk of Dehydration
39,Male,99.27,2.53,Moderate,At Risk of Dehydration
36,Female,82.64,1.95,Low,At Risk of Dehydration
35,Male,58.92,2.89,Moderate,Hydrated
34,Female,78.13,2.96,Low,At Risk of Dehydration
21,Female,73.72,2.61,High,At Risk of Dehydration
26,Male,59.3,2.73,Low,Hydrated
45,Male,85.43,3.65,High,At Risk of Dehydration
23,Male,89.27,1.4,Moderate,At Risk of Dehydration
28,Female,85.72,1.85,Low,Hydrated
35,Male,66.07,2.39,High,Hydrated
25,Male,94.89,2.89,High,At Risk of Dehydration
34,Female,95.55,2.92,Low,Hydrated
59,Female,76.31,2.52,High,At Risk of Dehydration
47,Female,57.32,1.29,Low,Hydrated
39,Male,70.29,2.7,Low,At Risk of Dehydration
49,Male,95.81,2.41,Moderate,At Risk of Dehydration
43,Male,60.08,1.81,Low,Hydrated
39,Male,48.82,3.76,High,Hydrated
34,Male,73.45,2.66,High,At Risk of Dehydration
18,Male,93.15,3.87,Moderate,Hydrated
43,Male,74.27,3.75,High,Hydrated
52,Female,46.41,1.87,Low,At Risk of Dehydration
55,Female,50.01,3.52,Low,At Risk of Dehydration
40,Male,91.26,1.39,High,At Risk of Dehydration
23,Male,86.84,3.67,Moderate,At Risk of Dehydration
26,Male,47.26,3.0,Moderate,Hydrated
43,Female,72.93,2.97,High,Hydrated
34,Female,70.59,3.9,Moderate,Hydrated
34,Male,50.29,2.65,Moderate,Hydrated
30,Male,71.27,1.89,Moderate,At Risk of Dehydration
26,Female,47.48,1.26,Low,At Risk of Dehydration
56,Male,89.91,2.99,High,At Risk of Dehydration
43,Female,59.6,3.98,Low,Hydrated
51,Female,79.67,2.87,High,Hydrated
51,Male,81.66,2.31,High,At Risk of Dehydration
58,Male,93.31,2.72,High,At Risk of Dehydration
32,Female,51.52,2.84,Low,Hydrated
20,Female,66.01,2.91,Low,Hydrated
35,Male,72.46,1.97,High,At Risk of Dehydration
20,Female,49.3,2.91,Low,At Risk of Dehydration
34,Female,78.25,3.03,Moderate,At Risk of Dehydration
57,Female,98.86,1.89,Moderate,At Risk of Dehydration
44,Female,61.61,1.87,Moderate,At Risk of Dehydration
38,Male,80.61,3.95,Moderate,Hydrated
37,Female,90.67,1.55,Moderate,At Risk of Dehydration
56,Female,56.57,3.96,Moderate,Hydrated
22,Female,81.63,2.69,High,At Risk of Dehydration
48,Male,99.6,1.17,High,At Risk of Dehydration
32,Female,99.7,2.67,Moderate,At Risk of Dehydration
36,Female,45.37,1.83,Low,At Risk of Dehydration
29,Female,49.84,1.24,Low,At Risk of Dehydration
50,Female,79.98,2.36,Low,At Risk of Dehydration
39,Female,91.62,1.82,High,At Risk of Dehydration
36,Male,94.21,3.54,Low,At Risk of Dehydration
35,Male,66.38,2.69,Low,At Risk of Dehydration
33,Male,59.03,3.23,High,At Risk of Dehydration
42,Male,54.62,2.11,High,At Risk of Dehydration
28,Female,76.23,3.61,High,Hydrated
24,Male,96.89,1.49,Moderate,At Risk of Dehydration
55,Male,45.77,3.02,Low,Hydrated
29,Male,70.98,2.62,Moderate,Hydrated
34,Male,50.79,3.8,Moderate,Hydrated
38,Female,86.86,2.14,High,At Risk of Dehydration
39,Female,99.59,1.39,Low,At Risk of Dehydration
42,Female,76.18,3.72,Moderate,At Risk of Dehydration
41,Female,61.78,1.5,Low,At Risk of Dehydration
52,Female,51.87,3.85,Low,Hydrated
53,Male,59.68,1.28,Moderate,At Risk of Dehydration
24,Male,74.21,3.18,Low,At Risk of Dehydration
58,Female,71.17,1.72,Moderate,At Risk of Dehydration
28,Male,78.18,3.99,Moderate,At Risk of Dehydration
33,Male,58.65,1.5,Moderate,At Risk of Dehydration
18,Male,55.84,2.97,Low,Hydrated
37,Female,61.11,1.4,Moderate,At Risk of Dehydration
24,Female,96.5,3.41,High,Hydrated
59,Female,90.69,1.73,Low,At Risk of Dehydration
56,Male,53.73,2.93,Moderate,At Risk of Dehydration
38,Female,74.99,3.41,Low,Hydrated
46,Male,85.49,2.83,Low,At Risk of Dehydration
36,Male,76.22,2.56,Low,At Risk of Dehydration
59,Female,58.93,2.62,Low,Hydrated
40,Male,96.77,3.74,High,Hydrated
46,Male,72.64,1.97,Moderate,At Risk of Dehydration
56,Male,92.26,1.65,High,At Risk of Dehydration
31,Female,46.59,2.26,Low,At Risk of Dehydration
45,Male,50.55,3.9,Moderate,At Risk of Dehydration
31,Male,50.41,2.74,High,At Risk of Dehydration
56,Male,47.36,1.47,High,At Risk of Dehydration
19,Male,93.41,2.91,High,At Risk of Dehydration
34,Male,73.43,1.01,Moderate,At Risk of Dehydration
52,Male,66.07,1.16,Low,At Risk of Dehydration
40,Female,53.3,2.37,Low,Hydrated
27,Male,49.68,2.52,High,At Risk of Dehydration
34,Male,99.57,1.59,Moderate,At Risk of Dehydration
37,Female,82.11,3.71,Moderate,At Risk of Dehydration
44,Male,61.2,3.58,Moderate,At Risk of Dehydration
57,Male,62.96,3.53,Low,At Risk of Dehydration
55,Male,74.9,3.27,Low,Hydrated
32,Male,57.68,2.83,Moderate,Hydrated
27,Female,64.08,1.49,Low,At Risk of Dehydration
32,Male,51.76,3.8,Moderate,Hydrated
45,Male,51.39,2.95,High,At Risk of Dehydration
46,Male,76.89,1.32,Low,At Risk of Dehydration
58,Female,74.85,3.06,Low,At Risk of Dehydration
18,Male,55.76,3.62,High,Hydrated
53,Female,53.26,1.47,Low,At Risk of Dehydration
35,Female,72.26,2.47,High,At Risk of Dehydration
42,Male,73.22,2.1,Moderate,At Risk of Dehydration
19,Male,97.43,2.35,Low,At Risk of Dehydration
39,Male,74.08,3.48,High,Hydrated
24,Female,99.93,2.1,Moderate,At Risk of Dehydration
21,Female,48.8,1.89,Low,At Risk of Dehydration
33,Male,90.94,2.51,Low,At Risk of Dehydration
54,Male,70.66,1.32,Moderate,At Risk of Dehydration
59,Male,90.68,3.5,Moderate,Hydrated
41,Male,97.18,1.4,Moderate,At Risk of Dehydration
19,Female,95.97,3.51,Low,Hydrated
40,Female,52.11,3.43,Moderate,At Risk of Dehydration
41,Male,79.84,3.07,Moderate,At Risk of Dehydration
30,Male,68.52,2.42,Moderate,At Risk of Dehydration
38,Female,62.07,3.87,Low,Hydrated
57,Female,63.55,2.03,Low,At Risk of Dehydration
18,Male,70.44,2.04,High,Hydrated
48,Female,51.35,3.91,Moderate,Hydrated
43,Male,57.58,2.77,Moderate,At Risk of Dehydration
22,Male,61.95,1.62,Low,At Risk of Dehydration
58,Female,89.94,1.95,Moderate,At Risk of Dehydration
23,Male,93.8,3.17,Moderate,At Risk of Dehydration
51,Male,54.55,1.4,Low,At Risk of Dehydration
40,Male,64.59,1.2,Low,At Risk of Dehydration
35,Male,48.2,3.66,Low,At Risk of Dehydration
48,Female,76.58,2.79,Moderate,At Risk of Dehydration
59,Male,92.37,3.52,Low,At Risk of Dehydration
52,Male,73.19,1.9,High,At Risk of Dehydration
56,Female,49.88,3.57,High,At Risk of Dehydration
45,Female,78.26,1.27,Low,At Risk of Dehydration
50,Female,49.98,2.89,Low,Hydrated
31,Female,52.61,1.12,High,At Risk of Dehydration
50,Female,52.62,1.15,Low,At Risk of Dehydration
52,Female,45.87,2.89,Moderate,At Risk of Dehydration
30,Female,78.27,1.76,Low,At Risk of Dehydration
31,Female,87.27,3.43,Moderate,At Risk of Dehydration
59,Male,96.55,2.92,Moderate,At Risk of Dehydration
20,Male,76.52,3.5,High,Hydrated
36,Female,54.63,2.69,Moderate,At Risk of Dehydration
54,Female,74.29,3.5,Low,Hydrated
49,Male,57.93,1.62,High,At Risk of Dehydration
35,Female,71.89,2.42,High,At Risk of Dehydration
22,Male,67.51,1.34,Moderate,At Risk of Dehydration
56,Male,96.37,2.1,Low,At Risk of Dehydration
29,Male,83.62,1.1,High,At Risk of Dehydration
45,Female,90.04,3.92,Low,Hydrated
50,Female,57.86,3.59,Low,Hydrated
24,Male,87.85,2.8,Moderate,At Risk of Dehydration
39,Female,56.68,1.67,High,At Risk of Dehydration
50,Male,52.18,1.54,Low,At Risk of Dehydration
28,Female,52.34,1.96,Low,At Risk of Dehydration
45,Female,46.59,3.17,Moderate,Hydrated
36,Female,59.1,2.04,High,Hydrated
45,Female,59.28,3.95,High,At Risk of Dehydration
24,Male,46.03,1.21,Moderate,At Risk of Dehydration
24,Male,74.88,3.32,Low,Hydrated
19,Male,66.57,1.4,Moderate,Hydrated
54,Female,50.84,3.1,High,At Risk of Dehydration
19,Female,83.99,2.34,Moderate,At Risk of Dehydration
30,Female,89.8,1.36,High,At Risk of Dehydration
35,Male,64.26,1.41,Moderate,At Risk of Dehydration
31,Male,49.6,2.62,High,At Risk of Dehydration
29,Female,66.49,2.92,Moderate,At Risk of Dehydration
43,Male,80.38,2.9,Low,At Risk of Dehydration
32,Female,98.26,1.89,High,At Risk of Dehydration
54,Female,55.17,2.53,Moderate,At Risk of Dehydration
32,Male,86.85,3.95,Moderate,Hydrated
29,Male,72.94,2.07,Moderate,Hydrated
36,Female,49.31,3.95,Low,Hydrated
31,Male,63.49,2.19,Low,At Risk of Dehydration
52,Male,91.71,2.13,Moderate,At Risk of Dehydration
35,Male,72.21,3.08,Moderate,At Risk of Dehydration
55,Male,49.81,1.21,High,At Risk of Dehydration
59,Female,90.42,3.1,Moderate,At Risk of Dehydration
47,Female,56.55,3.23,Moderate,Hydrated
21,Female,54.45,3.54,Low,Hydrated
21,Female,83.61,2.57,High,At Risk of Dehydration
29,Female,89.15,1.36,Moderate,At Risk of Dehydration
51,Male,74.72,3.91,Moderate,Hydrated
24,Female,93.49,3.35,High,At Risk of Dehydration
21,Female,57.4,1.77,Moderate,At Risk of Dehydration
52,Male,82.65,2.9,High,Hydrated
59,Female,64.06,2.92,Moderate,Hydrated
34,Female,95.83,2.82,Moderate,At Risk of Dehydration
47,Male,66.29,1.41,Low,At Risk of Dehydration
48,Male,79.64,1.93,Low,At Risk of Dehydration
53,Male,83.64,1.93,High,At Risk of Dehydration
37,Male,96.45,1.56,High,At Risk of Dehydration
56,Female,58.28,1.74,High,At Risk of Dehydration
26,Male,45.66,2.84,Low,Hydrated
18,Female,77.75,3.95,Moderate,At Risk of Dehydration
54,Male,47.31,3.17,Moderate,Hydrated
48,Female,52.92,1.55,High,At Risk of Dehydration
31,Male,59.53,3.68,Low,Hydrated
33,Male,51.97,2.23,High,At Risk of Dehydration
32,Male,94.88,1.76,Low,At Risk of Dehydration
59,Female,47.76,1.21,Moderate,At Risk of Dehydration
54,Female,48.68,3.11,Low,At Risk of Dehydration
49,Female,55.97,2.54,High,At Risk of Dehydration
39,Female,96.27,3.58,Moderate,At Risk of Dehydration
50,Male,70.06,2.17,Low,At Risk of Dehydration
53,Female,85.47,1.98,Moderate,At Risk of Dehydration
35,Female,98.23,3.76,Moderate,Hydrated
31,Male,93.8,3.13,High,Hydrated
33,Female,48.4,2.21,Low,At Risk of Dehydration
19,Male,50.41,3.59,High,At Risk of Dehydration
41,Female,95.67,3.93,Low,At Risk of Dehydration
42,Male,64.2,2.45,Low,At Risk of Dehydration
45,Female,60.41,3.29,Moderate,At Risk of Dehydration
52,Female,57.12,2.93,Moderate,Hydrated
46,Female,87.0,2.93,High,At Risk of Dehydration
47,Female,46.77,3.32,Moderate,At Risk of Dehydration
27,Male,65.07,2.39,Moderate,At Risk of Dehydration
47,Male,48.12,1.55,High,At Risk of Dehydration
59,Male,82.31,1.31,Low,At Risk of Dehydration
28,Female,78.79,2.78,High,At Risk of Dehydration
40,Female,63.89,1.96,Low,At Risk of Dehydration
20,Female,48.35,3.23,Moderate,Hydrated
52,Female,51.69,1.02,Low,At Risk of Dehydration
56,Female,46.17,2.6,Low,At Risk of Dehydration
49,Male,53.47,1.7,Moderate,At Risk of Dehydration
35,Female,59.55,3.18,Low,Hydrated
21,Female,74.69,1.52,Low,At Risk of Dehydration
19,Female,80.76,2.4,Moderate,At Risk of Dehydration
36,Male,97.53,3.0,Low,Hydrated
49,Male,97.72,2.85,Low,Hydrated
39,Male,85.46,1.59,Low,At Risk of Dehydration
41,Male,92.07,2.84,Low,At Risk of Dehydration
52,Female,98.49,3.64,Moderate,Hydrated
51,Male,79.96,2.14,Low,At Risk of Dehydration
32,Male,83.8,2.09,Moderate,At Risk of Dehydration
25,Male,61.56,3.28,Moderate,Hydrated
45,Male,82.94,2.38,High,At Risk of Dehydration
57,Male,61.75,1.77,Low,At Risk of Dehydration
40,Male,57.08,2.21,Moderate,At Risk of Dehydration
24,Male,55.16,1.56,Moderate,At Risk of Dehydration
47,Female,90.18,1.25,Low,At Risk of Dehydration
19,Male,76.01,1.77,High,At Risk of Dehydration
56,Male,54.98,1.74,Low,At Risk of Dehydration
33,Female,95.08,3.92,Moderate,At Risk of Dehydration
23,Male,83.25,2.28,High,At Risk of Dehydration
26,Male,67.67,2.49,Low,At Risk of Dehydration
57,Female,91.32,1.2,Moderate,At Risk of Dehydration
45,Female,91.82,3.4,Moderate,At Risk of Dehydration
57,Male,63.31,3.15,Moderate,At Risk of Dehydration
31,Female,88.67,3.99,Moderate,Hydrated
30,Male,59.31,1.39,Low,At Risk of Dehydration
39,Male,67.62,1.56,High,At Risk of Dehydration
51,Male,81.63,3.86,Low,At Risk of Dehydration
19,Male,70.11,3.13,Low,At Risk of Dehydration
35,Female,53.35,1.64,High,At Risk of Dehydration
47,Female,50.09,1.13,High,At Risk of Dehydration
22,Male,95.12,2.38,High,Hydrated
30,Female,87.27,1.04,Low,At Risk of Dehydration
21,Female,97.86,3.69,High,Hydrated
27,Male,82.37,3.55,High,Hydrated
23,Female,76.98,3.78,Moderate,Hydrated
47,Female,45.6,2.77,Moderate,Hydrated
51,Male,89.8,1.77,Moderate,At Risk of Dehydration
36,Male,91.3,1.8,Low,At Risk of Dehydration
19,Female,67.94,3.98,High,Hydrated
42,Male,60.82,1.12,Low,At Risk of Dehydration
30,Male,86.94,2.55,Moderate,At Risk of Dehydration
41,Female,90.53,2.49,Moderate,At Risk of Dehydration
47,Female,78.9,3.03,Low,At Risk of Dehydration
55,Male,53.23,2.86,Moderate,At Risk of Dehydration
47,Female,70.46,1.19,High,At Risk of Dehydration
29,Male,60.28,3.07,Moderate,At Risk of Dehydration
45,Male,63.52,1.54,Low,At Risk of Dehydration
38,Female,98.13,3.88,Moderate,At Risk of Dehydration
45,Female,90.37,3.63,Low,Hydrated
38,Male,48.4,1.63,Low,At Risk of Dehydration
35,Female,83.45,1.28,Moderate,At Risk of Dehydration
51,Male,48.38,2.43,Moderate,At Risk of Dehydration
26,Female,57.1,1.24,Low,At Risk of Dehydration
57,Male,80.58,1.92,Moderate,At Risk of Dehydration
23,Female,68.83,3.73,Low,Hydrated
18,Male,79.26,2.5,Low,At Risk of Dehydration
31,Male,84.68,2.23,Moderate,At Risk of Dehydration
24,Male,55.73,2.96,High,At Risk of Dehydration
46,Female,88.42,1.98,Low,Hydrated
53,Female,88.83,3.37,Moderate,Hydrated
52,Female,88.34,3.6,Moderate,Hydrated
29,Female,45.16,3.86,High,Hydrated
37,Female,50.6,2.31,High,At Risk of Dehydration
23,Female,85.76,2.94,High,At Risk of Dehydration
37,Male,88.08,1.75,Moderate,At Risk of Dehydration
50,Male,56.28,1.58,Low,At Risk of Dehydration
59,Male,75.12,2.1,High,At Risk of Dehydration
52,Female,90.31,2.57,Low,Hydrated
32,Female,98.46,1.65,Moderate,At Risk of Dehydration
41,Male,61.29,3.19,Moderate,Hydrated
59,Female,57.08,1.79,High,At Risk of Dehydration
28,Female,81.69,3.07,Moderate,At Risk of Dehydration
36,Female,99.3,3.38,High,At Risk of Dehydration
50,Male,65.91,2.27,Moderate,At Risk of Dehydration
25,Female,82.11,1.1,Low,At Risk of Dehydration
46,Male,48.85,3.44,Moderate,Hydrated
20,Male,55.47,2.21,High,At Risk of Dehydration
43,Male,99.16,2.09,High,At Risk of Dehydration
43,Male,71.22,3.99,High,Hydrated
43,Female,92.13,1.09,High,At Risk of Dehydration
30,Female,48.06,1.17,High,At Risk of Dehydration
22,Male,77.59,3.15,High,At Risk of Dehydration
37,Male,63.24,2.0,High,At Risk of Dehydration
31,Female,54.53,2.35,High,Hydrated
48,Male,71.99,3.57,Moderate,Hydrated
36,Male,63.25,2.44,Low,At Risk of Dehydration
56,Male,68.39,1.49,Moderate,At Risk of Dehydration
54,Female,46.48,3.24,Low,At Risk of Dehydration
24,Male,62.73,2.91,Moderate,At Risk of Dehydration
49,Female,54.62,1.65,Moderate,At Risk of Dehydration
22,Male,95.54,3.23,Low,Hydrated
37,Male,53.21,1.82,Moderate,At Risk of Dehydration
58,Female,98.7,1.09,Low,At Risk of Dehydration
50,Male,82.43,3.0,High,Hydrated
47,Female,96.24,2.06,Moderate,At Risk of Dehydration
49,Male,86.05,1.23,High,At Risk of Dehydration
45,Female,64.26,2.41,Moderate,Hydrated
32,Male,67.02,2.42,Low,Hydrated
29,Female,80.52,1.4,Moderate,At Risk of Dehydration
44,Female,88.2,3.45,Moderate,Hydrated
22,Female,75.82,3.78,Low,Hydrated
25,Male,60.44,2.3,High,At Risk of Dehydration
34,Female,46.99,1.61,High,At Risk of Dehydration
49,Male,65.19,1.54,Low,At Risk of Dehydration
48,Female,90.57,2.11,Low,At Risk of Dehydration
47,Male,91.35,3.59,Moderate,At Risk of Dehydration
22,Female,64.76,1.26,Low,At Risk of Dehydration
53,Female,94.55,3.82,Low,Hydrated
52,Male,61.32,1.26,High,At Risk of Dehydration
46,Female,68.84,1.44,Moderate,At Risk of Dehydration
20,Female,93.8,3.17,Low,Hydrated
24,Male,76.85,2.22,Moderate,At Risk of Dehydration
49,Male,75.62,3.54,Moderate,Hydrated
34,Male,73.35,2.1,Moderate,At Risk of Dehydration
25,Female,79.14,3.22,High,At Risk of Dehydration
48,Female,94.71,2.66,High,At Risk of Dehydration
31,Male,96.12,1.46,High,At Risk of Dehydration
56,Male,53.68,3.18,Low,Hydrated
29,Male,88.6,3.79,High,Hydrated
40,Female,91.21,1.94,High,At Risk of Dehydration
21,Male,85.17,2.44,Moderate,At Risk of Dehydration
53,Male,74.3,2.97,Moderate,Hydrated
56,Female,80.29,2.64,Low,At Risk of Dehydration
33,Male,84.34,1.18,High,At Risk of Dehydration
26,Male,89.89,1.53,Moderate,At Risk of Dehydration
41,Male,51.56,2.2,Low,At Risk of Dehydration
41,Male,94.2,3.28,High,Hydrated
29,Female,87.5,2.34,High,At Risk of Dehydration
28,Male,85.4,1.26,Moderate,At Risk of Dehydration
19,Female,56.31,1.48,Moderate,At Risk of Dehydration
41,Female,81.68,2.2,High,At Risk of Dehydration
50,Female,59.63,3.5,Moderate,Hydrated
27,Female,99.66,1.72,Low,At Risk of Dehydration
24,Female,97.81,2.16,High,At Risk of Dehydration
26,Male,81.0,2.1,Low,At Risk of Dehydration
37,Female,81.19,3.18,Moderate,At Risk of Dehydration
32,Female,89.96,2.35,Moderate,At Risk of Dehydration
26,Male,60.31,1.52,Low,At Risk of Dehydration
35,Female,69.56,3.27,Low,Hydrated
49,Female,68.17,2.09,High,At Risk of Dehydration
27,Male,62.74,3.24,Low,Hydrated
40,Female,48.93,2.47,Low,Hydrated
31,Male,55.04,1.78,High,At Risk of Dehydration
31,Female,83.99,2.69,Moderate,At Risk of Dehydration
20,Male,54.36,2.12,Moderate,Hydrated
30,Female,94.75,2.5,Moderate,At Risk of Dehydration
48,Female,67.79,2.95,Moderate,At Risk of Dehydration
44,Male,76.49,3.83,Low,Hydrated
27,Female,62.5,3.91,High,At Risk of Dehydration
41,Male,94.79,3.99,High,Hydrated
28,Female,99.3,3.81,Moderate,Hydrated
49,Male,61.67,1.57,High,At Risk of Dehydration
57,Female,68.73,2.66,Moderate,At Risk of Dehydration
28,Male,85.27,3.44,Moderate,Hydrated
33,Male,99.53,1.85,Low,At Risk of Dehydration
18,Male,78.71,1.82,Moderate,At Risk of Dehydration
28,Female,61.87,2.58,High,At Risk of Dehydration
50,Male,97.5,3.44,Low,Hydrated
27,Male,52.37,3.42,High,At Risk of Dehydration
31,Male,73.23,2.75,Moderate,At Risk of Dehydration
34,Male,50.51,3.89,Low,Hydrated
34,Female,91.6,2.35,Moderate,At Risk of Dehydration
27,Male,75.16,2.53,Low,At Risk of Dehydration
50,Male,93.52,3.83,High,At Risk of Dehydration
19,Female,71.74,3.4,Low,At Risk of Dehydration
46,Female,77.15,3.49,Low,Hydrated
50,Male,67.32,3.75,Low,At Risk of Dehydration
34,Male,47.2,3.97,Moderate,Hydrated
57,Female,88.56,1.93,Low,At Risk of Dehydration
30,Male,76.15,3.0,Low,Hydrated
36,Female,63.18,1.73,Low,At Risk of Dehydration
18,Female,80.85,1.98,High,At Risk of Dehydration
19,Female,58.27,1.92,High,At Risk of Dehydration
27,Male,45.31,2.24,High,At Risk of Dehydration
35,Male,63.92,1.44,Moderate,At Risk of Dehydration
53,Male,79.76,1.95,Low,At Risk of Dehydration
29,Male,92.12,2.68,High,At Risk of Dehydration
46,Female,81.13,1.27,Low,At Risk of Dehydration
30,Male,96.08,2.97,Moderate,At Risk of Dehydration
47,Male,87.56,1.22,Low,At Risk of Dehydration
54,Male,55.23,2.01,Low,At Risk of Dehydration
56,Female,62.23,1.28,Low,At Risk of Dehydration
40,Male,56.09,3.77,High,Hydrated
25,Female,65.03,2.16,Moderate,At Risk of Dehydration
18,Male,62.76,1.85,High,At Risk of Dehydration
45,Female,51.43,1.61,High,At Risk of Dehydration
37,Female,51.78,2.92,High,At Risk of Dehydration
52,Female,55.26,1.84,High,At Risk of Dehydration
55,Female,97.83,2.98,High,Hydrated
31,Male,65.22,2.9,Low,At Risk of Dehydration
18,Female,71.11,3.82,Moderate,At Risk of Dehydration
44,Female,64.13,1.63,Moderate,Hydrated
37,Male,59.18,1.93,Low,At Risk of Dehydration
38,Female,76.03,1.47,Low,At Risk of Dehydration
22,Female,78.16,3.98,Moderate,Hydrated
29,Male,91.02,3.34,Low,At Risk of Dehydration
50,Female,45.62,1.24,High,At Risk of Dehydration
36,Female,70.97,3.52,Low,Hydrated
23,Female,90.2,1.58,High,At Risk of Dehydration
34,Male,80.82,1.37,Low,At Risk of Dehydration
26,Female,99.88,2.44,Moderate,At Risk of Dehydration
44,Male,57.42,1.84,High,At Risk of Dehydration
43,Female,62.9,1.35,High,At Risk of Dehydration
42,Male,92.78,2.07,Moderate,At Risk of Dehydration
34,Male,83.81,3.73,Moderate,Hydrated
57,Female,66.07,3.31,High,Hydrated
27,Female,87.88,2.12,High,At Risk of Dehydration
34,Female,85.13,3.42,Low,Hydrated
43,Male,57.19,3.33,High,Hydrated
56,Male,77.82,3.58,Moderate,Hydrated
31,Female,72.75,1.38,Moderate,At Risk of Dehydration
59,Male,84.99,1.9,Moderate,At Risk of Dehydration
47,Male,76.5,1.51,Low,At Risk of Dehydration
42,Male,89.33,2.96,Low,Hydrated
46,Male,54.22,2.52,High,At Risk of Dehydration
48,Male,79.42,2.04,High,At Risk of Dehydration
45,Male,94.87,2.18,Low,At Risk of Dehydration
31,Female,78.65,2.06,Low,At Risk of Dehydration
53,Female,69.42,1.78,High,At Risk of Dehydration
51,Female,48.41,1.31,High,At Risk of Dehydration
25,Female,99.19,2.63,Moderate,Hydrated
56,Male,58.27,1.53,Moderate,At Risk of Dehydration
53,Male,97.96,1.64,Moderate,At Risk of Dehydration
49,Female,79.44,2.42,Low,At Risk of Dehydration
31,Male,51.38,3.81,High,Hydrated
49,Female,53.43,1.35,Moderate,At Risk of Dehydration
27,Female,81.11,2.19,Low,At Risk of Dehydration
49,Female,69.34,2.93,High,Hydrated
58,Male,86.45,2.83,Low,At Risk of Dehydration
43,Male,80.39,3.31,Low,At Risk of Dehydration
48,Female,69.84,1.66,Low,At Risk of Dehydration
42,Male,74.71,2.08,Moderate,At Risk of Dehydration
26,Female,68.9,1.68,Moderate,Hydrated
45,Male,67.73,2.48,Low,At Risk of Dehydration
24,Female,63.11,2.34,High,Hydrated
30,Female,56.42,1.94,Moderate,At Risk of Dehydration
47,Male,72.67,3.29,Low,At Risk of Dehydration
21,Male,78.86,3.29,Moderate,Hydrated
30,Female,81.07,3.63,Moderate,At Risk of Dehydration
52,Female,70.0,3.14,High,Hydrated
34,Female,90.23,3.45,Low,Hydrated
38,Female,58.07,2.3,High,At Risk of Dehydration
33,Male,61.39,3.85,Moderate,Hydrated
19,Female,55.62,3.09,High,At Risk of Dehydration
39,Female,47.0,2.59,Low,Hydrated
32,Female,75.98,2.57,High,Hydrated
29,Female,99.37,3.96,Low,At Risk of Dehydration
25,Male,45.41,3.9,High,Hydrated
57,Male,77.92,2.84,Low,At Risk of Dehydration
29,Male,53.79,1.26,Low,At Risk of Dehydration
23,Female,86.14,2.49,Moderate,Hydrated
27,Female,92.78,2.4,Low,At Risk of Dehydration
18,Male,60.64,1.08,Moderate,At Risk of Dehydration
47,Female,67.72,1.9,High,At Risk of Dehydration
32,Male,48.51,1.36,Moderate,At Risk of Dehydration
32,Male,68.32,2.41,High,At Risk of Dehydration
39,Male,59.56,1.04,Low,At Risk of Dehydration
36,Female,78.86,2.63,Low,At Risk of Dehydration
31,Female,73.3,1.8,Low,At Risk of Dehydration
35,Female,75.82,3.04,Low,Hydrated
39,Male,95.97,1.81,Low,At Risk of Dehydration
41,Male,55.44,3.85,Moderate,Hydrated
32,Male,68.9,1.94,High,At Risk of Dehydration
19,Female,81.3,3.01,High,At Risk of Dehydration
23,Male,68.59,1.11,Low,At Risk of Dehydration
43,Female,48.26,2.96,Low,At Risk of Dehydration
27,Male,57.34,2.8,High,At Risk of Dehydration
23,Female,66.1,1.88,High,At Risk of Dehydration
53,Female,68.81,3.67,Moderate,Hydrated
49,Male,56.36,3.68,Moderate,Hydrated
38,Male,89.52,2.13,Low,Hydrated
32,Male,72.57,1.57,High,At Risk of Dehydration
49,Female,54.62,1.71,Low,At Risk of Dehydration
44,Female,96.33,1.88,High,At Risk of Dehydration
47,Female,94.66,1.86,Moderate,At Risk of Dehydration
42,Female,93.24,3.63,Low,Hydrated
46,Female,74.03,1.84,High,At Risk of Dehydration
39,Male,99.91,2.45,Moderate,Hydrated
23,Female,53.03,1.81,Low,At Risk of Dehydration
24,Male,90.95,2.64,High,At Risk of Dehydration
59,Male,80.01,3.17,High,At Risk of Dehydration
31,Female,52.82,1.94,Moderate,At Risk of Dehydration
47,Male,66.54,2.53,Low,At Risk of Dehydration
45,Male,69.9,3.95,Low,Hydrated
47,Male,83.56,1.0,Moderate,At Risk of Dehydration
46,Female,96.94,3.57,High,At Risk of Dehydration
55,Female,51.13,1.09,High,Hydrated
59,Male,68.37,2.55,Moderate,At Risk of Dehydration
55,Male,85.96,3.81,High,At Risk of Dehydration
48,Male,88.34,2.87,Low,At Risk of Dehydration
45,Male,49.59,1.45,High,Hydrated
37,Female,48.4,3.06,High,At Risk of Dehydration
55,Female,79.68,3.47,Low,At Risk of Dehydration
53,Female,51.78,3.89,High,Hydrated
22,Male,76.05,3.87,Low,Hydrated
20,Female,60.36,1.96,Moderate,At Risk of Dehydration
31,Female,84.09,2.16,High,At Risk of Dehydration
31,Female,87.16,2.81,Low,At Risk of Dehydration
42,Female,51.75,2.99,Moderate,At Risk of Dehydration
41,Female,64.6,1.04,High,At Risk of Dehydration
39,Male,74.7,2.29,High,Hydrated
36,Female,92.33,3.83,High,Hydrated
44,Female,46.76,1.58,Moderate,At Risk of Dehydration
52,Female,45.52,1.26,Moderate,At Risk of Dehydration
18,Male,52.27,1.65,Low,At Risk of Dehydration
24,Female,97.63,2.03,Moderate,At Risk of Dehydration
47,Male,50.42,3.3,High,At Risk of Dehydration
42,Male,78.58,1.94,Low,At Risk of Dehydration
46,Female,74.88,2.9,Moderate,Hydrated
42,Male,97.3,3.12,Moderate,At Risk of Dehydration
41,Male,49.53,2.08,Low,At Risk of Dehydration
46,Male,57.73,1.52,High,At Risk of Dehydration
41,Female,69.13,3.63,Moderate,Hydrated
32,Female,89.42,1.96,Low,At Risk of Dehydration
34,Male,71.39,2.31,Low,At Risk of Dehydration
48,Male,61.27,3.53,Moderate,At Risk of Dehydration
27,Male,66.44,1.63,Moderate,At Risk of Dehydration
37,Male,99.0,2.18,Moderate,At Risk of Dehydration
48,Female,63.13,1.18,High,Hydrated
56,Female,70.86,2.67,Low,At Risk of Dehydration
56,Female,56.89,3.99,Low,Hydrated
34,Male,94.86,1.37,High,At Risk of Dehydration
53,Male,78.34,2.08,Low,At Risk of Dehydration
18,Male,47.54,3.63,Moderate,Hydrated
21,Female,68.94,3.38,High,At Risk of Dehydration
22,Male,71.58,2.81,High,Hydrated
38,Female,57.75,2.75,Moderate,At Risk of Dehydration
18,Male,54.29,1.23,Moderate,At Risk of Dehydration
29,Female,73.62,1.96,Moderate,At Risk of Dehydration
34,Male,80.88,2.7,High,At Risk of Dehydration
56,Female,92.68,3.87,Moderate,Hydrated
32,Female,91.32,2.94,Low,At Risk of Dehydration
34,Female,82.63,1.91,Low,Hydrated
23,Female,49.33,2.51,Low,Hydrated
54,Male,89.46,3.99,Low,Hydrated
39,Male,89.02,3.48,Moderate,Hydrated
47,Male,68.83,2.42,High,At Risk of Dehydration
37,Female,72.16,2.59,Moderate,At Risk of Dehydration
55,Female,51.11,1.45,Moderate,Hydrated
34,Female,95.06,1.09,Moderate,At Risk of Dehydration
31,Female,50.23,1.44,Low,Hydrated
40,Male,76.36,1.03,High,At Risk of Dehydration
29,Male,72.29,1.21,Low,At Risk of Dehydration
47,Female,63.68,1.37,High,Hydrated
34,Female,79.74,2.04,High,At Risk of Dehydration
29,Male,53.44,3.31,Moderate,At Risk of Dehydration
55,Male,48.25,1.45,Low,At Risk of Dehydration
51,Male,52.65,3.19,High,At Risk of Dehydration
21,Female,98.62,2.54,Low,At Risk of Dehydration
31,Female,85.06,2.95,Moderate,At Risk of Dehydration
49,Female,45.44,3.53,Moderate,Hydrated
37,Female,50.02,2.47,High,At Risk of Dehydration
26,Female,51.44,2.36,Moderate,At Risk of Dehydration
38,Female,95.3,2.82,Low,At Risk of Dehydration
23,Female,70.25,2.18,High,At Risk of Dehydration
57,Female,98.87,1.77,Moderate,At Risk of Dehydration
28,Female,58.95,1.96,High,Hydrated
24,Female,94.02,3.76,Moderate,Hydrated
54,Female,60.16,1.23,Low,At Risk of Dehydration
24,Female,60.31,1.23,Moderate,At Risk of Dehydration
57,Female,97.41,3.92,Low,At Risk of Dehydration
39,Male,93.16,1.53,High,At Risk of Dehydration
43,Female,71.74,1.09,High,At Risk of Dehydration
49,Male,93.43,3.08,Moderate,At Risk of Dehydration
39,Female,92.89,2.4,Low,At Risk of Dehydration
59,Male,88.8,2.61,High,At Risk of Dehydration
50,Female,84.27,2.86,High,Hydrated
53,Female,70.53,3.63,High,Hydrated
32,Female,64.42,1.82,High,At Risk of Dehydration
27,Female,64.54,1.71,Moderate,At Risk of Dehydration
55,Female,90.35,2.95,Low,Hydrated
46,Male,67.46,1.71,Low,At Risk of Dehydration
59,Female,74.76,3.52,Low,At Risk of Dehydration
21,Male,69.63,2.9,Low,Hydrated
37,Male,50.01,2.95,Low,Hydrated
58,Male,57.1,1.54,Low,Hydrated
46,Female,80.87,3.44,High,Hydrated
29,Male,84.51,2.78,High,At Risk of Dehydration
48,Female,68.14,3.5,Low,At Risk of Dehydration
56,Male,81.47,3.64,High,At Risk of Dehydration
41,Female,56.44,1.39,High,At Risk of Dehydration
28,Male,50.45,2.47,Low,Hydrated
28,Female,72.09,1.18,Moderate,At Risk of Dehydration
56,Female,79.47,1.08,Moderate,At Risk of Dehydration
47,Female,59.6,3.04,High,At Risk of Dehydration
39,Male,80.58,1.92,High,At Risk of Dehydration
55,Male,94.6,1.59,High,At Risk of Dehydration
19,Female,48.45,2.73,Low,At Risk of Dehydration
37,Female,53.5,2.07,Moderate,Hydrated
45,Male,55.61,2.03,Low,At Risk of Dehydration
32,Male,87.03,3.73,High,At Risk of Dehydration
24,Male,55.96,2.14,Low,At Risk of Dehydration
58,Female,58.05,1.87,Low,At Risk of Dehydration
35,Male,89.51,1.52,Moderate,Hydrated
50,Female,93.85,1.27,Moderate,At Risk of Dehydration
48,Male,61.25,3.56,Low,At Risk of Dehydration
24,Male,68.83,2.68,High,At Risk of Dehydration
55,Male,82.99,3.53,Moderate,Hydrated
53,Female,78.45,2.74,Moderate,At Risk of Dehydration
59,Male,56.54,3.75,Low,At Risk of Dehydration
45,Female,76.43,2.9,High,At Risk of Dehydration
44,Female,52.25,1.67,High,At Risk of Dehydration
28,Male,96.59,3.99,High,Hydrated
32,Male,96.35,2.1,Low,At Risk of Dehydration
48,Female,91.57,3.46,Low,Hydrated
24,Female,63.17,2.01,Moderate,At Risk of Dehydration
49,Male,47.69,3.87,Moderate,Hydrated
45,Female,71.03,1.61,Moderate,At Risk of Dehydration
58,Female,86.84,3.34,Low,Hydrated
18,Male,63.34,3.43,High,Hydrated
25,Male,64.75,2.3,Moderate,At Risk of Dehydration
22,Female,57.34,2.36,Moderate,Hydrated
57,Male,72.27,1.22,Moderate,At Risk of Dehydration
44,Male,94.9,3.03,High,At Risk of Dehydration
50,Male,94.56,1.96,Moderate,At Risk of Dehydration
42,Male,96.56,3.93,Moderate,At Risk of Dehydration
51,Female,48.88,2.56,High,Hydrated
50,Female,72.59,3.99,Moderate,Hydrated
26,Female,68.19,3.36,High,At Risk of Dehydration
39,Male,57.21,1.31,Low,At Risk of Dehydration
35,Male,79.25,3.07,Low,At Risk of Dehydration
25,Female,47.31,3.61,Moderate,Hydrated
35,Female,67.31,1.9,High,At Risk of Dehydration
24,Female,96.49,2.99,Moderate,Hydrated
19,Female,57.18,3.13,Moderate,At Risk of Dehydration
58,Male,47.56,1.35,High,At Risk of Dehydration
49,Female,85.41,2.91,High,Hydrated
37,Male,93.26,3.37,Low,At Risk of Dehydration
57,Male,51.13,3.71,Low,Hydrated
34,Female,67.94,3.8,High,Hydrated
24,Male,61.99,2.41,Moderate,At Risk of Dehydration
50,Female,90.59,1.93,High,At Risk of Dehydration
20,Male,58.15,3.43,Moderate,Hydrated
52,Female,49.2,2.72,Moderate,Hydrated
52,Male,89.91,3.02,Low,At Risk of Dehydration
35,Male,61.17,3.81,Moderate,Hydrated
45,Female,55.03,3.47,High,Hydrated
18,Male,94.03,3.86,High,Hydrated
28,Male,92.63,2.42,Moderate,At Risk of Dehydration
33,Female,96.93,3.17,Low,Hydrated
56,Male,64.79,3.34,High,At Risk of Dehydration
24,Female,84.5,1.42,High,At Risk of Dehydration
22,Male,98.57,2.1,High,At Risk of Dehydration
18,Male,86.93,2.58,Low,At Risk of Dehydration
45,Female,95.25,1.52,Moderate,At Risk of Dehydration
35,Female,56.0,1.63,Low,At Risk of Dehydration
54,Female,56.93,2.31,High,At Risk of Dehydration
57,Female,63.89,1.25,Low,At Risk of Dehydration
51,Male,52.01,1.83,Moderate,At Risk of Dehydration
23,Female,98.99,2.49,Low,At Risk of Dehydration
26,Female,63.44,1.81,Low,At Risk of Dehydration
39,Female,70.33,3.97,Moderate,At Risk of Dehydration
34,Male,75.22,2.36,Low,Hydrated
27,Male,62.79,1.29,Moderate,Hydrated
51,Male,85.75,2.41,Moderate,At Risk of Dehydration
21,Male,60.25,1.17,High,At Risk of Dehydration
38,Female,49.27,2.94,Moderate,Hydrated
56,Female,88.5,1.14,High,At Risk of Dehydration
36,Female,68.89,2.8,Low,Hydrated
35,Female,62.38,2.86,Low,At Risk of Dehydration
31,Male,93.21,3.2,Moderate,At Risk of Dehydration
43,Female,66.58,1.84,Low,At Risk of Dehydration
21,Female,95.51,2.88,Moderate,At Risk of Dehydration
51,Male,52.66,1.08,High,At Risk of Dehydration
59,Male,45.36,3.72,High,Hydrated
38,Male,69.74,2.66,High,At Risk of Dehydration
27,Male,94.66,3.23,Low,Hydrated
30,Female,61.3,1.53,High,At Risk of Dehydration
53,Female,58.57,1.54,High,At Risk of Dehydration
32,Male,66.9,3.86,Low,Hydrated
41,Female,65.84,3.03,Low,Hydrated
25,Male,78.77,3.32,Low,Hydrated
42,Male,82.57,3.84,Moderate,Hydrated
56,Male,82.36,3.04,Moderate,Hydrated
48,Male,80.18,1.2,Moderate,At Risk of Dehydration
26,Male,45.12,3.02,Low,Hydrated
40,Female,72.09,3.26,Low,Hydrated
56,Male,97.21,3.16,High,At Risk of Dehydration
38,Male,92.02,1.64,Low,At Risk of Dehydration
45,Male,48.71,1.17,Low,At Risk of Dehydration
58,Female,70.23,3.06,Low,At Risk of Dehydration
20,Male,80.92,2.65,Low,At Risk of Dehydration
21,Male,80.48,3.6,High,At Risk of Dehydration
18,Male,85.55,3.6,Low,At Risk of Dehydration
42,Female,75.65,2.79,Low,Hydrated
30,Male,73.58,2.29,Moderate,At Risk of Dehydration
55,Female,52.58,2.8,Low,At Risk of Dehydration
27,Male,94.53,3.22,High,At Risk of Dehydration
41,Male,81.82,1.1,Moderate,At Risk of Dehydration
35,Female,45.49,2.82,Moderate,At Risk of Dehydration
28,Male,85.27,3.44,Moderate,Hydrated
19,Female,86.42,1.68,Low,At Risk of Dehydration
55,Female,80.8,1.63,Low,At Risk of Dehydration
48,Male,66.48,2.25,High,At Risk of Dehydration
49,Male,66.9,1.38,High,At Risk of Dehydration
53,Female,49.32,3.35,Moderate,Hydrated
43,Female,55.69,1.03,Low,At Risk of Dehydration
34,Male,53.7,3.04,Low,At Risk of Dehydration
32,Female,60.67,1.5,Moderate,At Risk of Dehydration
18,Male,76.79,2.25,Moderate,At Risk of Dehydration
18,Male,71.48,1.53,High,At Risk of Dehydration
27,Male,49.97,1.42,High,At Risk of Dehydration
21,Female,97.68,3.71,Moderate,Hydrated
50,Male,89.77,2.43,High,At Risk of Dehydration
19,Female,67.8,1.02,Moderate,At Risk of Dehydration
43,Male,89.55,1.67,Low,At Risk of Dehydration
31,Male,50.88,3.98,High,Hydrated
33,Male,97.17,2.4,Low,Hydrated
28,Male,88.33,3.3,Low,At Risk of Dehydration
50,Male,89.81,2.1,Low,At Risk of Dehydration
28,Male,51.86,2.27,Moderate,At Risk of Dehydration
52,Male,75.66,1.37,Moderate,At Risk of Dehydration
48,Male,82.76,3.29,High,At Risk of Dehydration
33,Male,92.52,3.42,Low,At Risk of Dehydration
19,Female,93.43,1.21,Low,At Risk of Dehydration
37,Female,57.08,2.68,High,At Risk of Dehydration
48,Male,82.41,1.37,Low,At Risk of Dehydration
47,Male,83.14,1.68,Moderate,At Risk of Dehydration
54,Female,60.02,2.82,High,At Risk of Dehydration
28,Female,46.45,1.14,Low,Hydrated
46,Male,59.66,3.62,Moderate,Hydrated
31,Female,48.03,2.8,Moderate,At Risk of Dehydration
37,Female,71.54,3.34,High,Hydrated
23,Male,69.34,3.4,Moderate,Hydrated
25,Female,68.1,3.87,Low,Hydrated
53,Female,47.76,2.47,High,At Risk of Dehydration
50,Female,81.57,3.7,High,At Risk of Dehydration
56,Male,64.91,3.74,Moderate,Hydrated
28,Female,81.98,2.96,Low,Hydrated
31,Male,88.21,2.6,Low,Hydrated
50,Female,45.01,3.25,High,At Risk of Dehydration
40,Male,57.62,3.08,Low,At Risk of Dehydration
20,Male,69.98,1.85,Low,Hydrated
49,Male,53.29,1.53,High,At Risk of Dehydration
21,Male,60.11,2.74,Low,At Risk of Dehydration
25,Female,88.08,2.28,Low,At Risk of Dehydration
39,Female,78.55,3.22,Moderate,At Risk of Dehydration
23,Female,73.87,1.97,High,At Risk of Dehydration
38,Female,67.42,2.18,Low,At Risk of Dehydration
34,Male,49.71,3.62,High,Hydrated
23,Male,62.81,3.8,Low,Hydrated
38,Female,69.05,2.28,Moderate,At Risk of Dehydration
50,Female,65.71,1.02,Low,At Risk of Dehydration
45,Male,95.83,3.13,High,Hydrated
35,Male,58.17,2.2,Low,Hydrated
27,Male,81.73,1.73,Low,At Risk of Dehydration
39,Male,50.86,3.53,Moderate,Hydrated
45,Male,72.86,2.97,Low,At Risk of Dehydration
29,Female,92.32,1.98,High,At Risk of Dehydration
23,Male,68.29,1.45,High,At Risk of Dehydration
27,Male,63.1,1.81,High,At Risk of Dehydration
51,Male,56.66,2.01,High,At Risk of Dehydration
19,Female,89.26,1.2,Moderate,At Risk of Dehydration
47,Female,46.25,1.16,Moderate,At Risk of Dehydration
55,Male,52.85,3.58,High,Hydrated
48,Male,92.72,3.72,High,Hydrated
21,Male,60.5,3.46,Low,Hydrated
50,Female,97.48,1.85,High,At Risk of Dehydration
32,Female,80.58,3.34,Moderate,At Risk of Dehydration
32,Male,94.72,3.26,Moderate,At Risk of Dehydration
51,Male,50.17,3.95,Moderate,Hydrated
38,Male,82.29,2.65,Moderate,Hydrated
55,Male,93.84,1.67,High,At Risk of Dehydration
52,Male,82.22,2.23,Low,Hydrated
53,Female,78.32,1.23,Low,At Risk of Dehydration
56,Male,83.13,2.43,High,Hydrated
45,Male,49.18,1.77,Low,Hydrated
21,Male,67.8,1.35,High,At Risk of Dehydration
29,Female,60.55,3.04,High,Hydrated
20,Female,80.5,1.51,Moderate,At Risk of Dehydration
28,Male,53.22,1.56,Low,At Risk of Dehydration
37,Female,67.56,3.16,Moderate,Hydrated
35,Female,94.29,3.44,High,Hydrated
32,Male,95.02,3.72,High,At Risk of Dehydration
27,Male,55.05,1.63,Moderate,At Risk of Dehydration
19,Male,68.03,1.51,Moderate,At Risk of Dehydration
42,Female,58.75,2.9,High,At Risk of Dehydration
50,Male,71.81,2.25,High,At Risk of Dehydration
53,Female,66.22,2.13,High,At Risk of Dehydration
25,Female,46.67,2.29,Moderate,At Risk of Dehydration
23,Female,46.81,3.29,High,Hydrated
23,Female,93.43,1.62,Moderate,At Risk of Dehydration
43,Male,95.32,2.99,Low,At Risk of Dehydration
31,Male,96.44,3.51,High,Hydrated
41,Female,68.66,3.3,Moderate,Hydrated
40,Female,71.83,3.3,High,Hydrated
38,Male,67.65,1.35,Moderate,At Risk of Dehydration
45,Female,58.97,3.04,Low,At Risk of Dehydration
27,Male,73.58,3.27,High,At Risk of Dehydration
22,Male,89.1,2.49,Low,At Risk of Dehydration
35,Female,88.84,3.95,Moderate,Hydrated
52,Male,66.35,3.59,High,At Risk of Dehydration
36,Female,52.39,2.64,High,At Risk of Dehydration
31,Male,99.92,2.14,Low,At Risk of Dehydration
45,Female,69.57,1.71,Low,At Risk of Dehydration
46,Male,54.16,2.99,Moderate,At Risk of Dehydration
37,Female,56.87,1.57,Moderate,At Risk of Dehydration
21,Female,58.31,2.88,Low,At Risk of Dehydration
19,Male,53.33,3.94,Low,Hydrated
53,Male,90.65,3.85,High,Hydrated
27,Female,98.54,1.28,Low,Hydrated
59,Male,55.91,1.1,Moderate,At Risk of Dehydration
55,Male,78.57,2.31,Moderate,Hydrated
51,Male,73.99,1.17,High,At Risk of Dehydration
49,Female,55.45,2.15,Moderate,At Risk of Dehydration
48,Male,64.04,2.75,Low,Hydrated
52,Male,91.33,2.75,Moderate,At Risk of Dehydration
22,Female,79.69,1.64,High,At Risk of Dehydration
47,Male,76.67,2.42,Low,At Risk of Dehydration
55,Female,90.37,1.48,Moderate,At Risk of Dehydration
35,Female,88.41,3.59,Moderate,At Risk of Dehydration
21,Female,93.98,2.2,Low,At Risk of Dehydration
26,Male,97.03,2.76,Moderate,At Risk of Dehydration
48,Female,81.34,3.67,Low,Hydrated
51,Male,47.3,1.53,High,At Risk of Dehydration
57,Female,87.78,2.13,Moderate,At Risk of Dehydration
44,Female,91.64,1.44,Moderate,At Risk of Dehydration
33,Male,76.75,1.48,Moderate,At Risk of Dehydration
24,Female,64.3,3.31,High,At Risk of Dehydration
55,Male,77.55,3.41,Moderate,Hydrated
40,Female,66.36,3.51,Moderate,At Risk of Dehydration
35,Male,94.74,3.96,High,At Risk of Dehydration
18,Male,66.05,1.84,High,At Risk of Dehydration
42,Male,77.92,2.67,Low,At Risk of Dehydration
30,Male,78.11,2.74,High,Hydrated
48,Female,45.74,3.64,Low,Hydrated
30,Female,85.53,2.75,Moderate,At Risk of Dehydration
58,Female,83.47,2.32,Low,At Risk of Dehydration
53,Male,63.01,1.75,Low,At Risk of Dehydration
30,Female,78.83,1.66,Low,At Risk of Dehydration
51,Male,75.36,2.14,Low,At Risk of Dehydration
59,Male,72.53,1.69,High,At Risk of Dehydration
37,Female,48.17,3.08,High,At Risk of Dehydration
55,Female,73.99,3.93,Low,Hydrated
25,Female,94.92,1.84,Low,Hydrated
40,Female,66.95,3.09,High,Hydrated
44,Male,46.71,2.96,Low,Hydrated
51,Male,99.84,3.05,Low,Hydrated
38,Female,64.63,1.37,Low,At Risk of Dehydration
28,Male,68.04,2.43,High,At Risk of Dehydration
27,Male,91.27,2.23,Moderate,Hydrated
56,Female,67.45,2.31,High,At Risk of Dehydration
30,Female,91.55,2.88,Moderate,Hydrated
23,Male,90.01,3.96,Moderate,Hydrated
52,Male,49.83,3.38,Low,Hydrated
44,Male,59.58,3.33,Moderate,Hydrated
56,Male,53.66,2.04,Low,At Risk of Dehydration
23,Female,89.65,3.87,Moderate,Hydrated
37,Female,58.12,1.2,Moderate,At Risk of Dehydration
49,Male,58.18,3.97,Moderate,Hydrated
56,Male,66.64,2.84,High,At Risk of Dehydration
50,Female,80.79,1.26,High,At Risk of Dehydration
42,Female,64.19,2.24,High,At Risk of Dehydration
38,Male,76.59,3.87,Moderate,Hydrated
30,Female,94.43,1.22,Low,At Risk of Dehydration
37,Female,57.93,2.14,Low,At Risk of Dehydration
55,Female,78.99,3.06,High,Hydrated
35,Male,50.56,1.56,High,At Risk of Dehydration
41,Female,50.55,2.3,Low,At Risk of Dehydration
24,Male,78.9,3.96,Low,Hydrated
41,Male,93.63,1.55,Moderate,At Risk of Dehydration
39,Female,89.71,1.25,Moderate,At Risk of Dehydration
24,Male,67.56,1.9,Moderate,Hydrated
35,Female,76.07,2.05,Moderate,At Risk of Dehydration
42,Female,77.19,1.19,Moderate,At Risk of Dehydration
18,Female,83.7,3.42,High,At Risk of Dehydration
29,Female,90.7,1.73,High,At Risk of Dehydration
32,Male,90.62,2.62,Low,At Risk of Dehydration
18,Female,75.53,3.18,High,Hydrated
39,Male,70.78,3.89,Low,At Risk of Dehydration
21,Male,53.77,2.09,High,At Risk of Dehydration
29,Female,65.29,3.5,High,Hydrated
26,Male,70.85,3.1,Low,Hydrated
44,Female,60.03,2.94,High,At Risk of Dehydration
58,Female,49.29,3.81,High,Hydrated
36,Female,70.14,3.47,Moderate,Hydrated
19,Male,81.69,2.89,Low,At Risk of Dehydration
29,Male,62.54,2.16,Moderate,At Risk of Dehydration
41,Female,96.62,3.03,Low,At Risk of Dehydration
20,Male,47.62,1.66,Moderate,At Risk of Dehydration
59,Male,71.48,3.9,High,Hydrated
46,Female,58.52,3.76,Low,At Risk of Dehydration
47,Male,52.48,1.48,Low,At Risk of Dehydration
19,Male,50.79,2.58,High,At Risk of Dehydration
38,Male,96.69,3.67,High,Hydrated
42,Female,87.81,1.94,High,At Risk of Dehydration
32,Female,90.87,3.35,High,At Risk of Dehydration
31,Male,46.37,3.98,Moderate,Hydrated
47,Female,93.03,1.44,Low,At Risk of Dehydration
40,Male,76.76,2.77,Low,Hydrated
48,Male,93.56,2.49,Low,At Risk of Dehydration
59,Female,46.49,1.1,Moderate,At Risk of Dehydration
46,Female,55.27,3.12,Low,At Risk of Dehydration
43,Female,81.43,1.67,High,At Risk of Dehydration
32,Male,61.93,3.21,Low,At Risk of Dehydration
58,Female,69.96,1.38,Low,At Risk of Dehydration
24,Female,51.55,3.74,High,Hydrated
46,Female,47.68,3.04,Low,At Risk of Dehydration
59,Female,58.33,1.97,High,At Risk of Dehydration
18,Male,66.39,2.3,Low,Hydrated
55,Female,61.51,1.11,Low,At Risk of Dehydration
20,Female,47.34,2.56,High,At Risk of Dehydration
35,Female,79.32,2.46,Moderate,At Risk of Dehydration
57,Female,64.44,2.07,Moderate,At Risk of Dehydration
32,Female,98.9,3.11,Low,Hydrated
54,Female,49.38,1.15,Low,At Risk of Dehydration
40,Female,45.3,3.72,Moderate,Hydrated
23,Male,59.95,2.74,Low,At Risk of Dehydration
56,Male,94.29,2.21,Moderate,At Risk of Dehydration
54,Female,62.77,2.31,Low,At Risk of Dehydration
19,Female,88.37,3.97,Low,At Risk of Dehydration
34,Female,71.53,3.9,Low,Hydrated
41,Male,51.7,1.49,High,At Risk of Dehydration
25,Female,69.25,1.27,High,At Risk of Dehydration
38,Female,88.08,1.67,Low,At Risk of Dehydration
25,Female,74.39,3.62,Moderate,Hydrated
23,Female,88.06,1.54,Low,At Risk of Dehydration
45,Male,93.53,2.43,Moderate,At Risk of Dehydration
44,Female,46.38,1.77,Moderate,Hydrated
43,Female,57.58,2.78,Low,At Risk of Dehydration
35,Female,52.48,2.22,High,At Risk of Dehydration
30,Female,55.1,1.01,High,At Risk of Dehydration
27,Male,72.16,1.51,Moderate,At Risk of Dehydration
28,Female,79.27,3.99,Moderate,Hydrated
30,Male,98.25,2.27,High,Hydrated
36,Female,54.33,1.3,Moderate,At Risk of Dehydration
34,Female,70.59,1.68,Low,At Risk of Dehydration
40,Female,90.67,2.96,Low,At Risk of Dehydration
28,Female,50.51,3.15,Low,Hydrated
54,Female,62.82,3.61,Moderate,At Risk of Dehydration
37,Male,54.86,3.68,Moderate,Hydrated
50,Male,94.42,2.34,High,At Risk of Dehydration
28,Male,68.83,1.31,Low,At Risk of Dehydration
52,Female,53.27,1.07,Moderate,At Risk of Dehydration
59,Male,89.92,3.06,Moderate,Hydrated
31,Female,52.72,1.79,Low,Hydrated
26,Male,54.22,3.55,Low,Hydrated
38,Male,60.76,2.2,Moderate,At Risk of Dehydration
28,Male,70.79,1.0,Low,At Risk of Dehydration
55,Male,98.75,2.64,Moderate,At Risk of Dehydration
19,Male,61.96,3.96,Moderate,Hydrated
36,Male,96.46,3.04,Moderate,At Risk of Dehydration
28,Female,91.07,3.65,High,Hydrated
46,Male,95.34,3.84,Low,Hydrated
57,Female,71.35,1.42,Moderate,Hydrated
21,Male,54.51,1.48,High,At Risk of Dehydration
39,Male,96.13,2.14,Low,Hydrated
25,Female,67.83,2.88,High,At Risk of Dehydration
49,Female,99.98,3.28,Low,At Risk of Dehydration
42,Female,90.26,2.18,Low,At Risk of Dehydration
22,Female,67.21,1.75,Low,At Risk of Dehydration
51,Male,75.61,1.25,Moderate,At Risk of Dehydration
42,Male,67.08,1.77,Moderate,At Risk of Dehydration
30,Male,85.45,3.61,Low,Hydrated
21,Female,59.37,3.93,Moderate,Hydrated
28,Female,58.03,3.11,Moderate,At Risk of Dehydration
56,Male,99.19,2.98,High,Hydrated
42,Male,78.07,3.37,Moderate,Hydrated
26,Female,62.48,3.26,Low,At Risk of Dehydration
29,Male,54.86,1.84,Moderate,At Risk of Dehydration
41,Male,45.1,3.64,Low,Hydrated
27,Female,65.69,1.03,Low,At Risk of Dehydration
36,Female,96.67,2.89,Moderate,At Risk of Dehydration
39,Female,57.34,3.87,Moderate,At Risk of Dehydration
45,Female,62.12,2.4,High,Hydrated
55,Male,85.96,3.2,Moderate,Hydrated
58,Male,90.07,2.7,Moderate,At Risk of Dehydration
39,Female,56.91,2.76,Low,At Risk of Dehydration
54,Female,90.4,1.95,High,At Risk of Dehydration
26,Male,82.1,1.21,Moderate,At Risk of Dehydration
45,Male,50.31,1.09,High,At Risk of Dehydration
57,Female,53.18,2.6,High,At Risk of Dehydration
27,Female,86.19,1.23,Low,At Risk of Dehydration
47,Female,94.99,1.17,Moderate,At Risk of Dehydration
19,Female,63.82,1.57,Low,At Risk of Dehydration
58,Female,47.83,1.65,Low,At Risk of Dehydration
58,Female,71.77,1.58,Moderate,Hydrated
39,Female,74.37,3.07,High,At Risk of Dehydration
24,Female,55.29,1.13,Low,At Risk of Dehydration
28,Female,72.01,3.42,Moderate,Hydrated
54,Male,47.58,2.11,High,At Risk of Dehydration
58,Female,54.74,1.63,Moderate,At Risk of Dehydration
43,Female,53.37,2.91,High,Hydrated
20,Male,68.27,3.1,High,At Risk of Dehydration
43,Female,53.57,3.6,High,Hydrated
21,Male,66.27,2.43,High,At Risk of Dehydration
21,Male,62.3,2.59,High,At Risk of Dehydration
51,Female,46.12,3.97,Moderate,At Risk of Dehydration
22,Female,98.67,3.27,Moderate,At Risk of Dehydration
37,Male,95.53,2.57,Moderate,At Risk of Dehydration
36,Male,47.61,1.93,Moderate,At Risk of Dehydration
37,Male,80.24,3.66,Low,Hydrated
38,Male,75.79,1.12,Moderate,At Risk of Dehydration
51,Male,89.4,1.61,Moderate,At Risk of Dehydration
51,Male,73.65,2.9,High,At Risk of Dehydration
53,Female,47.17,3.5,Moderate,At Risk of Dehydration
42,Female,80.48,1.69,High,At Risk of Dehydration
18,Male,60.27,1.85,Low,At Risk of Dehydration
56,Male,56.73,2.05,Moderate,Hydrated
59,Female,77.67,2.33,Moderate,At Risk of Dehydration
41,Female,61.23,3.06,High,Hydrated
47,Female,50.11,2.91,Low,Hydrated
43,Female,52.32,2.23,Moderate,At Risk of Dehydration
35,Male,45.76,2.67,High,At Risk of Dehydration
32,Female,85.91,3.3,Moderate,Hydrated
46,Male,79.99,3.76,Moderate,Hydrated
19,Female,84.28,1.26,Moderate,At Risk of Dehydration
32,Male,70.81,3.53,Low,Hydrated
31,Male,60.18,2.73,Low,At Risk of Dehydration
41,Female,96.66,3.82,Moderate,Hydrated
43,Male,53.58,2.37,Low,At Risk of Dehydration
23,Female,50.99,1.76,High,At Risk of Dehydration
33,Male,52.2,3.64,Low,At Risk of Dehydration
25,Male,99.14,1.47,Low,At Risk of Dehydration
32,Female,92.38,1.13,Moderate,At Risk of Dehydration
51,Female,83.24,1.51,Low,At Risk of Dehydration
57,Female,90.45,1.97,Moderate,Hydrated
37,Female,88.23,2.3,Low,At Risk of Dehydration
19,Female,64.64,3.63,Moderate,Hydrated
41,Male,95.09,3.88,Moderate,At Risk of Dehydration
46,Male,95.92,1.76,Moderate,Hydrated
33,Male,45.52,2.8,High,At Risk of Dehydration
45,Female,64.07,1.66,Low,At Risk of Dehydration
36,Female,65.18,2.52,Moderate,At Risk of Dehydration
28,Male,70.86,1.41,High,At Risk of Dehydration
44,Male,77.66,3.97,Low,Hydrated
58,Male,87.37,2.32,Low,At Risk of Dehydration
30,Male,73.38,3.32,Moderate,At Risk of Dehydration
22,Female,70.33,3.76,Low,At Risk of Dehydration
40,Male,79.19,1.7,Low,At Risk of Dehydration
35,Female,62.21,3.66,Moderate,Hydrated
52,Female,63.32,1.95,High,At Risk of Dehydration
48,Male,86.48,1.49,High,At Risk of Dehydration
37,Male,63.3,3.57,High,At Risk of Dehydration
55,Male,75.42,3.17,Moderate,At Risk of Dehydration
38,Male,50.57,2.77,Moderate,At Risk of Dehydration
18,Female,96.81,3.09,High,At Risk of Dehydration
58,Female,49.12,3.76,Low,Hydrated
22,Female,79.77,2.74,Low,At Risk of Dehydration
33,Female,90.83,2.05,High,At Risk of Dehydration
52,Male,98.51,3.86,Low,Hydrated
40,Female,67.67,1.68,Low,At Risk of Dehydration
58,Male,52.52,3.17,Low,At Risk of Dehydration
40,Male,63.0,1.34,Moderate,At Risk of Dehydration
59,Female,53.13,1.28,High,At Risk of Dehydration
35,Female,80.44,2.3,Low,At Risk of Dehydration
43,Female,96.99,1.44,High,At Risk of Dehydration
53,Male,63.96,3.03,Low,At Risk of Dehydration
58,Male,70.35,3.39,Low,At Risk of Dehydration
55,Female,76.94,1.91,Moderate,At Risk of Dehydration
50,Female,67.34,1.36,High,At Risk of Dehydration
19,Male,99.32,3.0,Low,At Risk of Dehydration
29,Male,57.45,3.18,Low,Hydrated
50,Female,84.44,2.65,Low,At Risk of Dehydration
41,Male,54.97,2.97,High,At Risk of Dehydration
44,Female,48.28,2.5,Moderate,At Risk of Dehydration
43,Female,69.76,2.95,High,Hydrated
22,Female,60.47,2.12,High,At Risk of Dehydration
49,Female,94.41,2.71,Moderate,At Risk of Dehydration
21,Female,59.93,1.94,Low,Hydrated
21,Male,76.83,2.13,Low,Hydrated
46,Male,96.8,1.48,High,At Risk of Dehydration
46,Male,56.33,1.9,Moderate,At Risk of Dehydration
33,Male,89.45,3.97,Low,At Risk of Dehydration
30,Male,75.45,1.17,Low,At Risk of Dehydration
35,Female,94.98,1.13,Low,Hydrated
19,Female,60.81,3.87,Low,Hydrated
36,Male,95.03,3.53,Moderate,At Risk of Dehydration
51,Male,71.12,2.09,Moderate,At Risk of Dehydration
41,Male,65.7,1.63,Moderate,At Risk of Dehydration
19,Male,86.86,1.65,High,At Risk of Dehydration
18,Female,47.26,2.74,Low,At Risk of Dehydration
58,Female,71.04,3.04,High,At Risk of Dehydration
48,Male,67.42,2.88,Low,Hydrated
53,Female,58.75,1.99,High,At Risk of Dehydration
45,Female,97.24,2.13,High,At Risk of Dehydration
45,Male,49.18,1.77,Low,Hydrated
55,Male,98.41,1.79,High,At Risk of Dehydration
44,Male,51.02,2.93,Low,At Risk of Dehydration
38,Male,51.09,3.01,Low,At Risk of Dehydration
35,Female,76.81,2.47,Low,At Risk of Dehydration
46,Male,49.87,2.28,Moderate,At Risk of Dehydration
39,Female,61.31,1.29,Low,At Risk of Dehydration
54,Male,72.2,1.01,Low,At Risk of Dehydration
30,Male,71.99,2.23,High,Hydrated
59,Male,72.13,1.48,Low,Hydrated
42,Male,77.73,3.39,High,At Risk of Dehydration
28,Female,99.15,1.27,Moderate,At Risk of Dehydration
53,Female,79.07,2.88,Low,At Risk of Dehydration
55,Female,66.48,1.29,Moderate,At Risk of Dehydration
35,Male,72.8,3.07,Low,At Risk of Dehydration
18,Male,99.43,3.23,High,At Risk of Dehydration
22,Male,72.67,1.92,High,At Risk of Dehydration
50,Male,81.82,2.12,Moderate,At Risk of Dehydration
19,Female,74.95,2.3,Low,At Risk of Dehydration
59,Male,92.68,2.03,High,At Risk of Dehydration
54,Male,86.63,3.38,High,Hydrated
19,Male,57.15,1.55,Moderate,Hydrated
45,Female,74.71,1.5,Low,At Risk of Dehydration
45,Male,94.32,2.08,Moderate,At Risk of Dehydration
40,Male,89.91,3.09,Moderate,At Risk of Dehydration
24,Male,96.23,3.74,High,At Risk of Dehydration
50,Male,53.57,3.62,Moderate,Hydrated
40,Male,81.37,1.09,Moderate,At Risk of Dehydration
19,Female,68.41,1.8,Moderate,At Risk of Dehydration
27,Male,78.31,2.15,Low,At Risk of Dehydration
52,Male,60.46,2.12,High,At Risk of Dehydration
59,Female,69.98,1.24,Moderate,At Risk of Dehydration
41,Female,66.41,3.91,Low,Hydrated
35,Female,80.3,3.14,Moderate,At Risk of Dehydration
53,Male,78.82,1.78,Moderate,At Risk of Dehydration
57,Male,89.09,2.57,High,At Risk of Dehydration
18,Male,92.57,2.53,Low,Hydrated
24,Male,81.17,1.82,Moderate,At Risk of Dehydration
34,Male,99.28,3.84,Low,Hydrated
18,Female,98.61,1.54,High,At Risk of Dehydration
18,Female,88.93,2.1,Low,At Risk of Dehydration
39,Female,71.71,3.46,Low,Hydrated
34,Male,81.32,2.58,Moderate,At Risk of Dehydration
57,Male,82.52,2.74,Low,At Risk of Dehydration
23,Female,63.1,3.02,High,At Risk of Dehydration
45,Female,66.52,3.06,Low,At Risk of Dehydration
40,Female,84.25,1.14,Low,At Risk of Dehydration
22,Female,48.71,1.88,High,At Risk of Dehydration
30,Female,90.64,2.82,Moderate,At Risk of Dehydration
42,Female,57.15,1.04,High,At Risk of Dehydration
36,Female,52.96,2.67,High,Hydrated
46,Female,67.21,2.51,Moderate,Hydrated
56,Male,77.67,2.96,Low,At Risk of Dehydration
24,Male,84.89,3.04,Moderate,Hydrated
23,Female,89.84,1.85,Low,At Risk of Dehydration
27,Female,73.05,1.19,High,At Risk of Dehydration
37,Male,89.33,1.33,High,At Risk of Dehydration
45,Female,88.34,2.15,Low,At Risk of Dehydration
45,Male,89.24,3.21,High,At Risk of Dehydration
19,Female,67.44,1.53,Moderate,At Risk of Dehydration
29,Female,75.52,3.01,High,At Risk of Dehydration
46,Male,92.43,1.9,Moderate,At Risk of Dehydration
32,Female,56.4,3.92,Low,Hydrated
46,Male,87.34,1.31,Low,At Risk of Dehydration
46,Male,68.76,3.99,Low,At Risk of Dehydration
36,Female,59.1,1.22,High,At Risk of Dehydration
52,Female,89.48,3.71,Moderate,At Risk of Dehydration
32,Male,60.95,3.31,Moderate,At Risk of Dehydration
28,Male,95.14,1.24,Moderate,At Risk of Dehydration
46,Female,65.81,3.08,High,Hydrated
28,Female,45.43,1.87,High,At Risk of Dehydration
22,Female,76.8,1.11,Moderate,At Risk of Dehydration
45,Male,89.89,1.23,Moderate,At Risk of Dehydration
32,Female,68.55,2.55,High,At Risk of Dehydration
30,Female,92.89,1.2,High,At Risk of Dehydration
44,Male,59.58,3.33,Moderate,Hydrated
32,Female,91.06,3.98,High,Hydrated
34,Female,87.96,1.83,High,Hydrated
44,Male,52.32,1.94,Moderate,At Risk of Dehydration
28,Female,50.59,1.34,Low,Hydrated
51,Female,89.33,2.1,High,At Risk of Dehydration
54,Female,73.44,3.74,Moderate,Hydrated
39,Female,82.13,2.07,Moderate,At Risk of Dehydration
26,Female,48.3,3.19,Moderate,At Risk of Dehydration
21,Male,99.3,3.51,Moderate,Hydrated
56,Female,80.56,3.92,High,Hydrated
24,Female,50.02,2.49,Low,At Risk of Dehydration
59,Female,75.07,3.95,Moderate,Hydrated
33,Female,74.7,2.49,Low,Hydrated
59,Male,46.2,3.73,Low,Hydrated
51,Male,70.34,1.31,High,At Risk of Dehydration
34,Female,87.65,1.87,Low,At Risk of Dehydration
38,Male,89.03,3.29,Moderate,Hydrated
34,Female,76.84,2.89,Low,At Risk of Dehydration
46,Male,81.89,1.22,Low,At Risk of Dehydration
45,Female,91.27,2.36,High,At Risk of Dehydration
39,Female,64.76,2.1,Low,At Risk of Dehydration
38,Female,60.46,1.63,Moderate,At Risk of Dehydration
51,Female,94.75,3.8,High,At Risk of Dehydration
42,Female,98.92,2.99,Low,Hydrated
18,Male,59.74,2.0,Low,At Risk of Dehydration
45,Male,56.31,2.46,Moderate,At Risk of Dehydration
32,Female,92.66,1.61,High,At Risk of Dehydration
38,Female,45.81,1.01,Moderate,At Risk of Dehydration
50,Female,46.51,3.71,Moderate,Hydrated
30,Male,56.01,2.9,Moderate,At Risk of Dehydration
54,Female,46.54,1.26,High,At Risk of Dehydration
36,Female,91.87,2.63,High,At Risk of Dehydration
46,Female,93.0,2.71,High,Hydrated
24,Male,83.81,3.3,High,At Risk of Dehydration
21,Male,75.47,2.14,High,At Risk of Dehydration
22,Female,78.13,2.9,Moderate,At Risk of Dehydration
25,Female,55.15,1.22,Low,At Risk of Dehydration
48,Male,66.91,1.27,High,At Risk of Dehydration
36,Male,72.64,3.96,Low,Hydrated
23,Female,97.7,1.37,Low,At Risk of Dehydration
43,Male,95.63,2.47,High,At Risk of Dehydration
20,Male,65.07,2.16,Moderate,At Risk of Dehydration
24,Female,48.02,2.16,Moderate,At Risk of Dehydration
29,Female,50.01,2.29,Low,At Risk of Dehydration
37,Male,76.24,1.09,Moderate,At Risk of Dehydration
25,Male,84.94,1.11,High,At Risk of Dehydration
59,Female,67.21,3.84,Low,Hydrated
42,Male,94.0,1.83,Moderate,At Risk of Dehydration
45,Female,95.24,2.17,Moderate,Hydrated
55,Male,45.57,1.62,Low,At Risk of Dehydration
57,Male,45.72,2.38,Low,At Risk of Dehydration
18,Female,80.24,2.54,Moderate,At Risk of Dehydration
44,Female,93.38,1.22,Low,At Risk of Dehydration
44,Male,98.91,3.0,High,At Risk of Dehydration
23,Female,96.61,3.05,High,At Risk of Dehydration
24,Female,94.49,2.52,High,At Risk of Dehydration
30,Male,75.78,3.29,High,At Risk of Dehydration
43,Female,89.44,2.27,Moderate,At Risk of Dehydration
41,Male,54.92,3.64,Moderate,Hydrated
34,Female,58.87,3.86,Low,At Risk of Dehydration
18,Female,63.79,1.09,Moderate,At Risk of Dehydration
20,Male,45.07,3.2,High,At Risk of Dehydration
38,Female,88.76,2.99,Moderate,At Risk of Dehydration
31,Male,79.6,2.6,High,At Risk of Dehydration
48,Female,64.72,2.34,Low,Hydrated
53,Male,92.59,3.36,Moderate,At Risk of Dehydration
59,Female,46.01,2.23,High,At Risk of Dehydration
59,Female,56.67,1.91,Moderate,At Risk of Dehydration
41,Male,95.96,3.34,Low,At Risk of Dehydration
43,Male,56.8,3.38,High,Hydrated
22,Male,92.66,3.13,High,At Risk of Dehydration
28,Female,96.86,2.26,Moderate,At Risk of Dehydration
54,Male,72.99,1.75,Moderate,At Risk of Dehydration
21,Female,74.69,1.52,Low,At Risk of Dehydration
35,Female,83.71,3.92,Moderate,Hydrated
21,Female,49.98,3.93,High,Hydrated
25,Female,86.98,1.84,Moderate,At Risk of Dehydration
58,Male,83.66,3.63,Moderate,Hydrated
44,Female,65.25,2.51,Low,Hydrated
45,Female,83.57,1.18,Low,At Risk of Dehydration
57,Male,61.92,2.47,High,At Risk of Dehydration
58,Female,49.04,2.0,Low,At Risk of Dehydration
46,Female,70.36,2.75,Moderate,Hydrated
21,Female,71.67,1.98,Moderate,At Risk of Dehydration
55,Male,89.05,2.38,Low,At Risk of Dehydration
32,Male,59.44,3.65,Low,Hydrated
48,Male,83.43,1.35,Moderate,At Risk of Dehydration
30,Male,45.38,3.83,Moderate,Hydrated
58,Female,86.3,2.85,Low,At Risk of Dehydration
25,Female,72.82,3.99,High,At Risk of Dehydration
57,Male,95.84,2.49,High,At Risk of Dehydration
36,Male,91.9,2.14,Low,At Risk of Dehydration
45,Male,83.13,1.64,High,At Risk of Dehydration
51,Female,61.14,3.74,Moderate,Hydrated
25,Female,67.99,3.26,Moderate,At Risk of Dehydration
52,Male,81.33,2.26,Moderate,At Risk of Dehydration
27,Female,49.09,2.74,Moderate,At Risk of Dehydration
29,Male,75.13,2.32,High,At Risk of Dehydration
56,Male,87.24,3.2,Moderate,Hydrated
18,Female,64.89,3.35,High,At Risk of Dehydration
34,Male,74.97,1.49,High,At Risk of Dehydration
40,Male,58.01,1.4,Low,At Risk of Dehydration
20,Female,96.74,3.34,High,At Risk of Dehydration
38,Female,87.35,2.55,Low,At Risk of Dehydration
33,Male,96.78,2.96,High,Hydrated
18,Male,67.22,2.42,Moderate,At Risk of Dehydration
49,Male,83.84,2.07,High,At Risk of Dehydration
23,Female,93.93,2.43,Low,At Risk of Dehydration
46,Female,56.18,3.1,High,At Risk of Dehydration
53,Male,86.31,2.93,Low,At Risk of Dehydration
22,Male,70.78,3.76,Low,Hydrated
32,Female,57.6,2.94,Low,Hydrated
34,Male,62.4,2.22,Moderate,At Risk of Dehydration
34,Male,57.36,3.66,Low,Hydrated
18,Female,97.69,3.4,Low,At Risk of Dehydration
19,Female,78.39,2.15,Moderate,At Risk of Dehydration
35,Female,59.07,3.58,Low,At Risk of Dehydration
41,Male,97.87,2.68,Low,At Risk of Dehydration
26,Male,51.71,3.87,Low,Hydrated
41,Male,74.63,2.69,Moderate,At Risk of Dehydration
35,Female,84.9,2.62,High,At Risk of Dehydration
44,Female,78.5,3.63,High,At Risk of Dehydration
28,Male,56.94,1.76,Moderate,At Risk of Dehydration
48,Female,47.0,2.62,Low,At Risk of Dehydration
34,Female,95.25,1.05,Low,At Risk of Dehydration
33,Female,59.49,3.93,Moderate,Hydrated
57,Male,72.47,3.43,Moderate,Hydrated
51,Female,89.79,2.27,Low,Hydrated
51,Female,47.38,2.0,Moderate,At Risk of Dehydration
39,Male,90.51,2.23,Moderate,Hydrated
22,Female,66.26,2.31,High,At Risk of Dehydration
45,Male,58.46,3.33,High,At Risk of Dehydration
37,Female,83.11,1.24,High,At Risk of Dehydration
42,Female,77.08,1.53,High,At Risk of Dehydration
25,Female,80.38,1.03,Low,At Risk of Dehydration
25,Female,51.48,3.14,High,At Risk of Dehydration
35,Female,45.67,3.31,Low,Hydrated
21,Female,70.74,2.99,High,At Risk of Dehydration
41,Male,99.22,2.63,Low,Hydrated
31,Male,50.41,2.74,High,At Risk of Dehydration
49,Male,99.75,1.71,Low,At Risk of Dehydration
49,Female,61.64,2.33,High,At Risk of Dehydration
28,Female,78.41,2.28,Moderate,Hydrated
22,Male,66.39,2.51,Moderate,Hydrated
34,Male,92.96,1.45,High,At Risk of Dehydration
41,Female,78.2,2.7,Moderate,At Risk of Dehydration
51,Male,54.77,2.5,Low,At Risk of Dehydration
35,Male,96.43,3.85,Low,Hydrated
30,Male,45.94,1.47,Moderate,At Risk of Dehydration
34,Male,56.15,1.99,Moderate,At Risk of Dehydration
26,Female,88.41,1.15,Moderate,At Risk of Dehydration
42,Male,95.13,1.69,Low,At Risk of Dehydration
54,Female,51.01,1.82,Moderate,Hydrated
55,Male,88.24,2.15,High,At Risk of Dehydration
23,Male,97.64,1.57,Moderate,At Risk of Dehydration
27,Female,95.4,3.41,Low,Hydrated
44,Female,74.77,2.29,High,Hydrated
50,Male,76.39,3.42,Low,At Risk of Dehydration
42,Male,53.83,3.31,High,At Risk of Dehydration
56,Female,91.96,2.07,Low,At Risk of Dehydration
50,Male,74.28,2.09,Moderate,At Risk of Dehydration
22,Female,77.64,3.26,Moderate,At Risk of Dehydration
46,Male,71.95,2.38,High,At Risk of Dehydration
27,Female,54.03,3.67,Moderate,Hydrated
21,Female,90.15,1.1,High,At Risk of Dehydration
48,Female,92.61,3.29,High,At Risk of Dehydration
57,Male,86.04,3.05,Moderate,At Risk of Dehydration
53,Female,51.29,3.25,Moderate,Hydrated
39,Female,59.53,3.28,Moderate,Hydrated
19,Male,89.9,1.94,High,At Risk of Dehydration
32,Female,47.93,2.83,Low,Hydrated
36,Male,98.25,3.58,Low,At Risk of Dehydration
45,Female,70.39,1.81,Low,At Risk of Dehydration
34,Female,86.07,1.78,High,At Risk of Dehydration
49,Female,65.59,2.6,Low,At Risk of Dehydration
52,Male,51.18,1.16,Low,At Risk of Dehydration
34,Male,84.1,2.51,High,At Risk of Dehydration
27,Male,64.83,3.97,Low,Hydrated
32,Male,58.87,2.54,Moderate,At Risk of Dehydration
50,Male,62.42,2.95,Moderate,At Risk of Dehydration
28,Male,73.17,1.39,Moderate,At Risk of Dehydration
20,Female,78.52,3.15,High,Hydrated
32,Male,94.86,1.38,High,At Risk of Dehydration
37,Female,84.82,1.84,High,At Risk of Dehydration
55,Female,48.85,3.37,Low,At Risk of Dehydration
46,Female,56.79,3.83,Low,Hydrated
37,Male,51.5,3.27,Moderate,At Risk of Dehydration
30,Male,74.3,3.01,Moderate,At Risk of Dehydration
44,Female,49.81,3.48,Low,Hydrated
51,Male,91.25,3.31,Low,At Risk of Dehydration
56,Male,55.58,2.36,Moderate,At Risk of Dehydration
18,Female,82.17,3.38,Moderate,At Risk of Dehydration
45,Female,98.24,3.76,High,Hydrated
41,Female,51.95,3.9,Low,At Risk of Dehydration
29,Female,66.96,1.08,Low,At Risk of Dehydration
19,Male,68.26,3.7,High,Hydrated
35,Male,93.23,3.13,Moderate,At Risk of Dehydration
24,Male,53.61,1.05,High,At Risk of Dehydration
18,Male,82.78,3.82,High,Hydrated
43,Female,79.54,1.99,Low,At Risk of Dehydration
23,Female,67.82,2.4,High,Hydrated
49,Female,92.85,3.65,Low,At Risk of Dehydration
51,Female,99.5,1.9,Low,At Risk of Dehydration
21,Male,83.88,1.44,Low,At Risk of Dehydration
29,Male,67.64,3.69,Low,Hydrated
53,Male,58.36,3.89,Moderate,At Risk of Dehydration
57,Female,91.46,1.77,Low,At Risk of Dehydration
56,Female,64.87,2.59,High,At Risk of Dehydration
23,Female,94.75,2.42,Moderate,Hydrated
57,Female,98.09,2.13,Moderate,At Risk of Dehydration
53,Male,50.56,3.38,Low,Hydrated
58,Female,74.82,3.47,Moderate,Hydrated
21,Female,75.38,3.22,Moderate,Hydrated
25,Male,54.23,3.14,Low,At Risk of Dehydration
54,Male,75.18,2.89,High,Hydrated
37,Female,70.69,2.51,High,At Risk of Dehydration
23,Female,94.1,1.45,Low,At Risk of Dehydration
33,Male,64.02,1.21,Low,At Risk of Dehydration
30,Male,82.07,2.48,High,At Risk of Dehydration
35,Male,94.05,3.55,High,Hydrated
31,Female,80.61,1.76,High,At Risk of Dehydration
53,Female,48.72,3.16,Moderate,Hydrated
53,Female,99.22,2.17,Low,Hydrated
38,Male,73.91,1.96,Moderate,At Risk of Dehydration
24,Female,49.76,1.84,High,At Risk of Dehydration
44,Female,70.62,2.33,Moderate,At Risk of Dehydration
56,Male,68.96,3.96,Low,Hydrated
46,Female,73.16,2.74,Moderate,At Risk of Dehydration
45,Female,67.56,2.51,Moderate,At Risk of Dehydration
21,Male,57.36,1.21,High,At Risk of Dehydration
41,Female,55.04,3.87,Low,Hydrated
22,Male,58.01,1.97,High,At Risk of Dehydration
48,Male,57.77,2.02,Moderate,At Risk of Dehydration
47,Male,51.5,3.37,Low,At Risk of Dehydration
29,Female,56.43,1.36,Moderate,At Risk of Dehydration
30,Female,87.24,3.61,Low,At Risk of Dehydration
19,Male,81.08,3.45,High,Hydrated
44,Male,99.67,1.63,Moderate,At Risk of Dehydration
34,Male,61.39,2.07,Moderate,At Risk of Dehydration
58,Male,76.72,3.11,Low,At Risk of Dehydration
55,Male,80.34,1.37,Moderate,At Risk of Dehydration
50,Female,61.83,1.54,High,At Risk of Dehydration
45,Female,72.33,3.3,Moderate,At Risk of Dehydration
29,Female,85.3,2.5,High,At Risk of Dehydration
48,Male,76.98,2.96,Moderate,At Risk of Dehydration
55,Female,70.21,1.36,High,At Risk of Dehydration
23,Female,86.02,2.23,Moderate,At Risk of Dehydration
20,Female,62.54,1.07,High,At Risk of Dehydration
27,Female,83.67,2.24,High,At Risk of Dehydration
20,Male,45.07,3.2,High,At Risk of Dehydration
56,Male,60.76,3.88,Low,Hydrated
25,Male,69.99,3.12,Moderate,At Risk of Dehydration
58,Male,95.83,1.23,High,At Risk of Dehydration
45,Female,55.46,1.26,Moderate,At Risk of Dehydration
58,Male,60.59,3.45,Moderate,Hydrated
45,Male,63.47,3.8,Low,Hydrated
44,Female,56.61,3.89,Low,At Risk of Dehydration
41,Male,49.9,3.17,Moderate,Hydrated
18,Female,60.43,1.15,Low,At Risk of Dehydration
23,Female,62.55,1.47,High,At Risk of Dehydration
52,Female,69.77,2.6,Moderate,Hydrated
36,Male,69.97,3.39,High,At Risk of Dehydration
49,Male,84.21,2.69,Low,At Risk of Dehydration
49,Male,60.98,2.69,Moderate,At Risk of Dehydration
27,Male,76.98,3.16,Moderate,At Risk of Dehydration
30,Female,69.79,2.21,Moderate,At Risk of Dehydration
43,Female,45.24,1.13,Low,At Risk of Dehydration
44,Female,60.4,1.69,High,At Risk of Dehydration
23,Female,57.49,2.32,High,At Risk of Dehydration
37,Male,53.9,3.55,High,Hydrated
22,Male,61.98,2.88,Low,At Risk of Dehydration
43,Male,92.59,2.71,Moderate,Hydrated
21,Male,60.78,1.52,Low,At Risk of Dehydration
19,Female,95.63,1.51,Moderate,At Risk of Dehydration
35,Male,81.31,2.0,Low,At Risk of Dehydration
55,Male,72.03,1.23,Moderate,At Risk of Dehydration
50,Female,83.51,1.54,Low,Hydrated
50,Female,91.32,3.52,Moderate,Hydrated
26,Male,60.05,3.03,Low,At Risk of Dehydration
23,Female,98.92,2.27,Moderate,Hydrated
58,Male,77.59,2.39,Low,Hydrated
46,Male,54.13,3.44,Moderate,Hydrated
44,Female,94.34,3.68,Moderate,Hydrated
44,Female,58.12,1.4,High,At Risk of Dehydration
40,Male,66.23,2.48,Low,Hydrated
36,Female,98.59,3.46,Moderate,At Risk of Dehydration
54,Male,58.75,2.7,Low,At Risk of Dehydration
36,Male,96.41,3.27,Low,At Risk of Dehydration
36,Female,62.35,1.16,High,At Risk of Dehydration
55,Female,68.05,2.21,Moderate,Hydrated
56,Female,91.49,1.58,High,At Risk of Dehydration
51,Female,73.0,2.5,High,Hydrated
38,Female,53.86,3.44,Moderate,At Risk of Dehydration
46,Female,79.91,3.14,Moderate,At Risk of Dehydration
27,Male,85.92,3.49,Low,At Risk of Dehydration
33,Male,95.01,2.43,Moderate,Hydrated
48,Male,65.91,3.67,Low,Hydrated
47,Male,45.53,2.74,Moderate,At Risk of Dehydration
51,Female,67.91,2.61,Moderate,Hydrated
40,Male,72.01,3.57,Moderate,At Risk of Dehydration
26,Male,57.22,2.48,Moderate,At Risk of Dehydration
43,Female,70.41,2.09,Moderate,At Risk of Dehydration
45,Female,58.5,1.43,Low,At Risk of Dehydration
43,Female,97.08,1.58,Low,At Risk of Dehydration
58,Male,51.78,3.02,High,Hydrated
26,Female,86.19,2.82,High,At Risk of Dehydration
18,Female,98.38,3.66,Moderate,Hydrated
57,Female,59.33,2.53,High,Hydrated
21,Male,65.8,1.28,Low,At Risk of Dehydration
22,Male,52.44,1.55,Moderate,At Risk of Dehydration
43,Male,71.36,3.4,High,At Risk of Dehydration
42,Female,66.76,2.01,Low,Hydrated
40,Male,61.33,2.2,Moderate,At Risk of Dehydration
59,Female,92.05,3.16,High,Hydrated
36,Female,78.21,1.1,Low,At Risk of Dehydration
44,Male,83.57,1.31,Low,At Risk of Dehydration
18,Female,50.53,1.42,Moderate,At Risk of Dehydration
38,Female,79.07,2.33,Moderate,At Risk of Dehydration
51,Female,49.47,3.86,Low,Hydrated
41,Female,94.85,2.93,High,At Risk of Dehydration
27,Male,97.19,2.05,Low,At Risk of Dehydration
53,Female,48.71,1.33,High,At Risk of Dehydration
30,Male,69.06,3.4,Moderate,At Risk of Dehydration
58,Male,54.33,3.41,Moderate,Hydrated
43,Female,91.98,2.82,Low,At Risk of Dehydration
25,Female,78.23,2.78,Moderate,At Risk of Dehydration
32,Male,96.5,2.61,Low,Hydrated
28,Female,72.5,3.16,Moderate,Hydrated
55,Male,56.93,3.15,Moderate,At Risk of Dehydration
26,Male,99.08,1.88,Low,At Risk of Dehydration
47,Male,75.44,2.45,High,At Risk of Dehydration
20,Male,65.4,3.23,High,Hydrated
44,Female,46.05,3.35,Moderate,At Risk of Dehydration
31,Male,51.38,3.81,High,Hydrated
26,Male,86.07,1.3,Low,At Risk of Dehydration
58,Female,70.23,3.06,Low,At Risk of Dehydration
35,Female,69.41,3.66,Low,At Risk of Dehydration
29,Female,88.19,1.43,High,At Risk of Dehydration
36,Female,55.05,3.91,Low,Hydrated
57,Female,45.93,3.32,Low,Hydrated
18,Female,92.42,1.92,High,At Risk of Dehydration
20,Male,68.5,1.7,Low,At Risk of Dehydration
34,Male,83.06,3.24,Low,At Risk of Dehydration
22,Male,96.12,3.1,Low,Hydrated
31,Female,46.38,2.57,Low,Hydrated
19,Male,74.26,2.95,Moderate,At Risk of Dehydration
31,Male,73.99,1.8,Moderate,At Risk of Dehydration
20,Male,47.44,1.39,Moderate,At Risk of Dehydration
59,Male,89.66,2.24,High,At Risk of Dehydration
43,Male,75.59,1.94,Low,At Risk of Dehydration
40,Female,96.31,3.55,Low,Hydrated
27,Male,65.59,3.8,Low,Hydrated
57,Female,51.61,2.61,Moderate,At Risk of Dehydration
30,Female,76.92,1.75,Low,At Risk of Dehydration
32,Male,79.75,1.37,Moderate,At Risk of Dehydration
42,Male,68.9,2.47,High,At Risk of Dehydration
28,Female,52.33,2.59,Low,At Risk of Dehydration
47,Female,61.89,2.09,Moderate,At Risk of Dehydration
46,Male,72.52,2.22,Moderate,Hydrated
45,Female,63.44,2.73,Low,Hydrated
59,Male,84.08,1.99,Moderate,At Risk of Dehydration
30,Female,99.37,1.61,Low,At Risk of Dehydration
41,Male,75.7,3.62,High,At Risk of Dehydration
49,Male,58.66,3.45,Low,Hydrated
24,Female,72.34,1.08,Low,At Risk of Dehydration
55,Female,82.13,2.41,High,Hydrated
59,Male,52.77,3.2,Moderate,Hydrated
55,Female,46.23,1.52,High,At Risk of Dehydration
58,Male,46.92,1.66,Low,At Risk of Dehydration
37,Female,67.94,3.5,High,Hydrated
51,Female,90.26,1.98,Low,At Risk of Dehydration
49,Male,79.77,3.38,Low,Hydrated
28,Male,51.4,3.45,High,Hydrated
54,Female,62.22,2.68,Moderate,Hydrated
31,Male,62.51,1.71,High,At Risk of Dehydration
47,Male,93.41,3.61,High,At Risk of Dehydration
52,Male,48.33,1.74,High,At Risk of Dehydration
40,Female,51.96,2.7,High,At Risk of Dehydration
27,Female,53.7,1.35,Moderate,At Risk of Dehydration
41,Female,66.3,2.95,Moderate,At Risk of Dehydration
43,Female,45.66,2.23,Moderate,At Risk of Dehydration
24,Male,80.04,3.36,High,At Risk of Dehydration
35,Female,55.91,2.55,Moderate,At Risk of Dehydration
50,Female,51.82,3.33,Low,Hydrated
23,Male,48.46,1.76,High,At Risk of Dehydration
23,Female,53.98,2.77,High,At Risk of Dehydration
22,Male,81.32,1.72,Low,At Risk of Dehydration
57,Male,83.69,2.74,High,Hydrated
21,Female,82.6,3.99,High,Hydrated
22,Female,88.24,2.38,Moderate,At Risk of Dehydration
51,Female,87.93,1.47,Moderate,At Risk of Dehydration
19,Male,71.38,3.76,Low,Hydrated
24,Female,73.24,1.17,Low,At Risk of Dehydration
27,Male,73.43,1.22,Low,At Risk of Dehydration
54,Female,84.74,3.65,High,At Risk of Dehydration
42,Female,97.66,3.72,High,At Risk of Dehydration
53,Male,55.08,3.17,High,At Risk of Dehydration
31,Male,89.98,3.7,Low,Hydrated
48,Female,74.92,1.48,Low,At Risk of Dehydration
26,Male,60.8,3.54,Moderate,At Risk of Dehydration
38,Female,86.77,3.08,Moderate,Hydrated
46,Female,52.59,2.33,Low,At Risk of Dehydration
38,Male,94.23,3.45,High,At Risk of Dehydration
41,Male,92.0,3.38,Moderate,Hydrated
24,Female,82.58,3.12,Moderate,Hydrated
51,Male,99.61,2.42,High,Hydrated
51,Male,66.19,2.16,High,At Risk of Dehydration
41,Male,90.67,3.09,High,At Risk of Dehydration
36,Male,78.14,3.14,High,Hydrated
21,Male,59.36,3.77,Moderate,Hydrated
27,Female,61.23,3.09,Low,Hydrated
46,Male,49.34,2.87,Moderate,At Risk of Dehydration
53,Female,57.27,1.76,Low,At Risk of Dehydration
21,Male,54.19,3.63,Low,Hydrated
18,Female,52.98,3.97,Low,Hydrated
41,Female,88.6,1.71,Low,At Risk of Dehydration
52,Male,73.54,2.18,High,Hydrated
18,Female,53.28,3.02,Moderate,At Risk of Dehydration
41,Male,48.77,1.56,Moderate,At Risk of Dehydration
21,Female,59.48,2.11,Low,At Risk of Dehydration
22,Male,59.4,2.78,Moderate,Hydrated
26,Male,91.93,3.78,High,Hydrated
59,Male,89.17,3.81,High,Hydrated
20,Female,82.19,3.68,Low,Hydrated
22,Female,87.62,2.21,High,At Risk of Dehydration
30,Female,71.97,3.97,High,Hydrated
23,Female,67.45,2.32,High,At Risk of Dehydration
24,Male,52.08,3.13,Moderate,Hydrated
40,Female,49.27,3.9,Low,Hydrated
54,Female,71.27,3.59,Low,At Risk of Dehydration
38,Female,99.58,2.53,Moderate,Hydrated
21,Male,54.54,1.99,Low,At Risk of Dehydration
34,Male,64.59,2.64,High,At Risk of Dehydration
27,Male,48.43,3.23,Moderate,Hydrated
44,Male,95.39,3.04,Low,Hydrated
53,Male,91.63,3.53,Low,Hydrated
45,Female,80.56,3.8,Low,Hydrated
36,Male,82.38,2.11,Low,At Risk of Dehydration
31,Male,72.13,3.82,Low,Hydrated
51,Female,75.37,2.2,Low,At Risk of Dehydration
21,Male,75.98,2.87,Moderate,At Risk of Dehydration
40,Male,82.73,3.58,High,Hydrated
30,Female,74.11,3.94,Moderate,Hydrated
42,Female,66.38,3.08,Moderate,Hydrated
26,Female,49.77,3.08,High,Hydrated
49,Male,77.84,3.69,High,Hydrated
39,Female,97.43,3.28,Moderate,At Risk of Dehydration
56,Female,86.1,2.42,Moderate,At Risk of Dehydration
47,Female,84.99,2.99,Moderate,Hydrated
51,Male,66.05,3.57,High,At Risk of Dehydration
54,Male,48.0,1.65,Moderate,At Risk of Dehydration
45,Male,91.78,3.05,Low,Hydrated
59,Male,77.01,2.45,Moderate,Hydrated
20,Female,95.52,1.16,Low,At Risk of Dehydration
36,Female,79.12,1.27,Low,At Risk of Dehydration
52,Female,55.75,3.29,High,Hydrated
50,Female,91.26,3.66,High,Hydrated
45,Female,62.06,3.8,High,Hydrated
26,Male,93.73,3.12,Low,Hydrated
55,Male,96.39,1.55,High,At Risk of Dehydration
59,Female,77.95,1.29,High,At Risk of Dehydration
36,Male,69.75,2.45,High,At Risk of Dehydration
30,Female,70.16,1.96,High,At Risk of Dehydration
52,Male,80.04,2.72,Low,Hydrated
51,Male,85.15,3.3,Moderate,Hydrated
39,Male,46.87,3.61,High,Hydrated
46,Female,69.98,3.48,Low,Hydrated
55,Female,67.19,1.99,High,At Risk of Dehydration
58,Female,88.44,2.85,High,Hydrated
49,Male,72.83,3.29,High,At Risk of Dehydration
26,Female,82.28,1.3,Moderate,At Risk of Dehydration
33,Male,70.09,3.65,Low,At Risk of Dehydration
30,Female,65.85,3.0,High,At Risk of Dehydration
37,Male,60.26,3.58,Moderate,At Risk of Dehydration
35,Female,77.11,3.89,Moderate,At Risk of Dehydration
25,Male,46.72,2.93,Low,Hydrated
47,Male,54.93,1.98,High,At Risk of Dehydration
32,Male,62.34,2.36,Moderate,At Risk of Dehydration
19,Male,70.29,2.32,High,At Risk of Dehydration
47,Male,84.62,3.46,Low,At Risk of Dehydration
48,Female,54.22,1.29,Low,At Risk of Dehydration
48,Female,56.88,1.7,Low,At Risk of Dehydration
33,Female,73.18,2.99,Moderate,At Risk of Dehydration
43,Male,78.15,3.51,Low,Hydrated
57,Female,58.58,1.51,Moderate,At Risk of Dehydration
27,Female,53.03,2.21,Moderate,At Risk of Dehydration
31,Female,84.22,1.84,Moderate,At Risk of Dehydration
54,Male,79.31,1.96,Low,At Risk of Dehydration
57,Female,49.85,3.56,High,At Risk of Dehydration
45,Female,91.82,1.77,Moderate,At Risk of Dehydration
43,Female,52.36,1.24,High,At Risk of Dehydration
26,Female,75.42,1.76,Moderate,At Risk of Dehydration
33,Female,94.41,1.84,Moderate,Hydrated
43,Female,47.34,3.72,Low,Hydrated
40,Male,76.23,3.08,High,At Risk of Dehydration
38,Female,85.47,3.69,Moderate,At Risk of Dehydration
24,Male,99.69,1.9,Moderate,At Risk of Dehydration
32,Female,85.89,2.44,High,At Risk of Dehydration
41,Female,65.46,1.53,Low,Hydrated
28,Male,97.95,2.48,Moderate,Hydrated
56,Female,68.93,1.5,Low,At Risk of Dehydration
37,Male,62.28,1.53,Moderate,At Risk of Dehydration
41,Male,65.77,2.83,High,Hydrated
20,Male,76.53,3.8,High,At Risk of Dehydration
34,Male,80.94,1.43,Low,At Risk of Dehydration
56,Male,87.7,2.64,Low,Hydrated
55,Male,71.8,3.29,Low,At Risk of Dehydration
49,Male,53.74,3.11,Moderate,Hydrated
26,Male,93.11,3.33,Low,Hydrated
44,Male,48.53,2.36,Low,At Risk of Dehydration
26,Male,55.14,3.03,Moderate,At Risk of Dehydration
56,Male,62.68,3.4,High,Hydrated
54,Male,72.08,3.3,High,At Risk of Dehydration
34,Male,57.34,1.41,Low,At Risk of Dehydration
25,Male,63.77,3.05,Moderate,At Risk of Dehydration
50,Female,60.82,3.0,High,Hydrated
40,Female,79.78,1.38,High,At Risk of Dehydration
40,Female,48.24,3.29,Moderate,Hydrated
28,Male,51.46,3.44,Low,Hydrated
58,Male,54.94,3.18,High,Hydrated
41,Male,98.07,1.2,High,At Risk of Dehydration
20,Male,97.61,3.3,High,At Risk of Dehydration
28,Male,74.88,1.54,Low,At Risk of Dehydration
37,Male,73.3,2.17,High,At Risk of Dehydration
32,Male,87.23,1.5,Low,At Risk of Dehydration
44,Male,57.92,1.99,High,At Risk of Dehydration
34,Female,71.87,3.32,Moderate,At Risk of Dehydration
45,Male,96.91,3.8,Moderate,At Risk of Dehydration
43,Female,73.69,3.29,Low,Hydrated
38,Female,98.87,1.79,Low,At Risk of Dehydration
32,Female,95.47,2.72,Moderate,At Risk of Dehydration
37,Female,61.52,1.13,Low,At Risk of Dehydration
48,Female,84.55,3.47,Moderate,At Risk of Dehydration
50,Male,47.15,3.91,High,Hydrated
22,Male,94.02,3.05,High,Hydrated
42,Male,50.9,3.25,Moderate,Hydrated
28,Male,90.18,2.6,Low,At Risk of Dehydration
43,Female,52.1,1.5,Moderate,At Risk of Dehydration
29,Female,49.84,1.24,Low,At Risk of Dehydration
41,Male,61.7,2.13,Moderate,At Risk of Dehydration
35,Female,61.24,1.25,Low,At Risk of Dehydration
25,Male,98.44,1.31,Low,At Risk of Dehydration
48,Male,78.4,1.05,High,At Risk of Dehydration
50,Female,85.69,1.85,Low,At Risk of Dehydration
20,Female,47.47,2.01,Moderate,At Risk of Dehydration
27,Male,66.05,1.94,Moderate,At Risk of Dehydration
47,Male,77.98,2.89,Low,At Risk of Dehydration
50,Male,62.05,1.24,Moderate,At Risk of Dehydration
35,Female,45.55,2.2,Low,At Risk of Dehydration
48,Male,94.12,3.99,Moderate,Hydrated
56,Male,88.94,2.32,Moderate,At Risk of Dehydration
20,Male,89.48,3.08,Moderate,At Risk of Dehydration
34,Female,53.98,2.8,Moderate,At Risk of Dehydration
55,Male,50.2,2.52,Moderate,At Risk of Dehydration
26,Male,91.96,2.51,Low,Hydrated
29,Male,96.1,1.01,Moderate,At Risk of Dehydration
41,Male,74.42,3.02,Moderate,Hydrated
47,Male,51.32,1.08,High,At Risk of Dehydration
35,Male,48.35,2.73,Low,Hydrated
25,Male,72.05,3.32,High,At Risk of Dehydration
46,Female,81.87,3.36,High,Hydrated
53,Female,75.81,1.86,Moderate,At Risk of Dehydration
18,Female,86.17,2.94,Low,At Risk of Dehydration
59,Male,63.87,2.11,High,At Risk of Dehydration
36,Female,74.15,3.05,Moderate,At Risk of Dehydration
45,Male,90.44,1.22,Moderate,At Risk of Dehydration
53,Male,61.38,1.83,Low,Hydrated
49,Female,87.53,3.68,Low,Hydrated
24,Female,99.59,1.06,Low,At Risk of Dehydration
51,Female,91.72,3.5,Low,Hydrated
26,Female,68.78,1.07,Moderate,At Risk of Dehydration
36,Male,71.98,3.75,High,At Risk of Dehydration
59,Female,69.89,3.27,Low,At Risk of Dehydration
53,Male,98.38,1.18,Low,At Risk of Dehydration
37,Female,63.5,3.39,Moderate,Hydrated
26,Male,95.32,1.48,Low,At Risk of Dehydration
54,Male,94.33,1.84,Low,At Risk of Dehydration
49,Male,89.39,3.28,Moderate,At Risk of Dehydration
36,Female,82.72,3.14,High,At Risk of Dehydration
22,Female,85.33,1.46,Low,At Risk of Dehydration
36,Male,72.78,1.74,Low,At Risk of Dehydration
41,Female,53.26,3.36,Moderate,At Risk of Dehydration
41,Female,48.47,3.22,Moderate,Hydrated
47,Male,58.58,3.78,Moderate,At Risk of Dehydration
43,Male,57.37,1.65,High,At Risk of Dehydration
38,Male,97.04,1.69,Low,At Risk of Dehydration
48,Female,82.78,3.94,High,Hydrated
25,Female,96.48,1.42,High,At Risk of Dehydration
47,Male,88.55,3.98,High,At Risk of Dehydration
26,Male,49.76,3.16,Moderate,Hydrated
25,Male,46.34,2.45,Moderate,At Risk of Dehydration
53,Female,79.77,2.05,High,At Risk of Dehydration
49,Male,69.59,2.53,High,At Risk of Dehydration
29,Female,56.17,2.91,High,At Risk of Dehydration
25,Female,45.97,4.0,High,Hydrated
34,Female,81.1,1.35,High,At Risk of Dehydration
44,Female,89.81,3.68,High,Hydrated
56,Female,73.24,3.25,Low,At Risk of Dehydration
26,Female,88.71,2.83,High,At Risk of Dehydration
59,Male,81.72,3.33,Moderate,Hydrated
31,Female,73.22,2.99,Moderate,At Risk of Dehydration
41,Male,49.93,2.8,Low,At Risk of Dehydration
26,Female,63.59,2.7,High,At Risk of Dehydration
34,Male,95.51,2.06,Moderate,At Risk of Dehydration
35,Male,82.15,3.57,Low,Hydrated
21,Female,63.07,2.8,Moderate,Hydrated
30,Female,94.32,2.15,Low,At Risk of Dehydration
44,Female,53.83,2.91,High,At Risk of Dehydration
39,Male,52.34,3.96,High,Hydrated
27,Female,98.06,3.76,Low,Hydrated
35,Female,78.88,2.54,Moderate,At Risk of Dehydration
53,Female,82.76,3.78,High,Hydrated
24,Female,48.29,3.83,High,Hydrated
27,Male,62.79,1.29,Moderate,Hydrated
54,Male,48.95,3.41,Low,Hydrated
26,Male,93.93,1.28,Moderate,At Risk of Dehydration
46,Male,73.35,2.32,Low,At Risk of Dehydration
38,Female,52.1,2.19,High,At Risk of Dehydration
45,Female,48.57,2.56,Moderate,Hydrated
38,Male,73.99,1.77,High,At Risk of Dehydration
57,Male,85.57,3.27,Low,At Risk of Dehydration
59,Female,90.19,2.6,Low,At Risk of Dehydration
26,Female,46.65,1.63,Low,At Risk of Dehydration
43,Female,62.66,2.89,Low,Hydrated
54,Female,62.12,2.51,Moderate,At Risk of Dehydration
45,Male,61.06,1.92,High,At Risk of Dehydration
53,Male,52.39,3.12,High,Hydrated
20,Female,78.67,1.23,Moderate,At Risk of Dehydration
54,Male,71.45,3.82,Moderate,Hydrated
37,Female,77.67,3.76,Moderate,Hydrated
45,Female,79.35,1.01,Low,At Risk of Dehydration
31,Female,86.97,2.45,High,At Risk of Dehydration
27,Male,89.06,2.69,Moderate,At Risk of Dehydration
31,Male,94.9,2.44,High,At Risk of Dehydration
46,Male,48.97,3.65,Moderate,Hydrated
21,Male,79.06,1.4,Moderate,At Risk of Dehydration
54,Female,96.31,1.12,High,At Risk of Dehydration
44,Male,65.84,2.89,High,At Risk of Dehydration
40,Female,55.29,1.41,Low,At Risk of Dehydration
41,Female,65.46,1.53,Low,Hydrated
53,Female,95.67,3.05,Moderate,Hydrated
35,Female,85.07,3.19,Low,Hydrated
39,Female,45.33,3.34,Low,Hydrated
24,Male,51.53,1.73,High,At Risk of Dehydration
52,Male,58.57,1.84,Low,Hydrated
39,Male,68.52,3.87,Moderate,At Risk of Dehydration
35,Female,58.67,2.06,Low,At Risk of Dehydration
19,Male,51.9,1.9,Moderate,At Risk of Dehydration
56,Female,71.12,3.22,Low,At Risk of Dehydration
23,Male,78.14,3.83,Moderate,Hydrated
50,Male,64.07,3.79,Low,Hydrated
54,Male,68.43,2.99,High,At Risk of Dehydration
21,Female,48.11,1.35,Moderate,At Risk of Dehydration
36,Male,59.65,2.56,High,Hydrated
29,Female,96.86,1.16,High,At Risk of Dehydration
18,Female,89.91,1.57,High,At Risk of Dehydration
44,Female,59.99,3.22,Low,Hydrated
25,Male,77.36,2.21,Low,At Risk of Dehydration
49,Female,79.32,3.8,Low,At Risk of Dehydration
56,Female,45.38,3.56,Low,Hydrated
21,Male,79.75,2.15,Moderate,At Risk of Dehydration
47,Female,56.92,1.2,Low,At Risk of Dehydration
59,Male,92.32,3.6,High,Hydrated
31,Female,93.89,2.6,High,Hydrated
45,Female,50.62,1.53,High,At Risk of Dehydration
50,Female,90.28,1.35,Moderate,At Risk of Dehydration
58,Male,96.37,1.82,High,At Risk of Dehydration
57,Female,48.21,3.51,High,At Risk of Dehydration
48,Male,80.32,3.6,Moderate,Hydrated
21,Female,61.96,2.66,High,At Risk of Dehydration
27,Male,75.78,2.52,High,At Risk of Dehydration
57,Male,75.96,1.21,Moderate,At Risk of Dehydration
51,Male,64.13,3.88,Moderate,Hydrated
35,Female,82.96,3.56,High,Hydrated
27,Female,87.88,2.12,High,At Risk of Dehydration
29,Male,66.9,2.4,Low,Hydrated
47,Female,98.1,1.35,Low,Hydrated
35,Female,75.11,3.0,High,At Risk of Dehydration
55,Male,90.13,2.52,Low,Hydrated
40,Female,60.95,2.66,Moderate,At Risk of Dehydration
29,Female,57.94,3.41,High,Hydrated
57,Male,96.43,1.21,High,At Risk of Dehydration
46,Male,96.19,3.46,High,At Risk of Dehydration
36,Female,64.58,3.29,Low,Hydrated
55,Female,55.65,1.64,High,At Risk of Dehydration
46,Female,95.78,2.1,Low,Hydrated
20,Female,93.87,2.2,Low,At Risk of Dehydration
39,Female,54.79,3.57,Low,Hydrated
30,Female,95.47,1.93,High,At Risk of Dehydration
21,Female,49.43,2.39,High,At Risk of Dehydration
35,Male,69.05,3.72,Moderate,At Risk of Dehydration
31,Female,81.04,2.81,Moderate,Hydrated
51,Female,92.97,3.91,High,At Risk of Dehydration
49,Female,88.13,3.42,High,At Risk of Dehydration
26,Male,72.66,3.05,Moderate,At Risk of Dehydration
56,Female,65.92,1.88,Low,At Risk of Dehydration
48,Female,85.14,1.88,High,At Risk of Dehydration
24,Female,64.02,2.51,Moderate,At Risk of Dehydration
22,Male,90.51,2.82,Moderate,At Risk of Dehydration
22,Female,80.21,3.03,High,At Risk of Dehydration
59,Female,57.44,3.95,Moderate,Hydrated
58,Male,77.37,3.59,Moderate,Hydrated
37,Male,86.2,1.73,Low,At Risk of Dehydration
28,Male,47.38,2.02,Moderate,At Risk of Dehydration
54,Female,56.67,3.5,Moderate,Hydrated
42,Male,92.93,1.61,Low,Hydrated
46,Male,80.76,2.35,High,Hydrated
48,Female,81.27,2.73,Moderate,At Risk of Dehydration
27,Female,52.78,2.7,High,Hydrated
42,Female,45.74,3.52,High,At Risk of Dehydration
30,Female,80.19,2.32,Low,At Risk of Dehydration
46,Male,48.42,3.74,High,Hydrated
18,Female,68.19,2.28,High,At Risk of Dehydration
31,Male,77.91,3.68,High,At Risk of Dehydration
54,Female,78.15,1.66,Low,At Risk of Dehydration
19,Male,82.83,1.89,High,At Risk of Dehydration
51,Female,91.49,1.39,Low,At Risk of Dehydration
28,Male,71.45,1.98,Moderate,At Risk of Dehydration
35,Male,86.96,3.5,High,At Risk of Dehydration
51,Male,81.34,2.73,High,At Risk of Dehydration
19,Female,54.11,3.75,Moderate,Hydrated
32,Female,88.33,2.87,High,At Risk of Dehydration
48,Male,59.11,1.93,Moderate,At Risk of Dehydration
54,Female,99.59,2.43,Moderate,At Risk of Dehydration
44,Female,77.66,1.55,Moderate,At Risk of Dehydration
30,Male,99.65,3.14,Low,At Risk of Dehydration
51,Female,98.0,1.58,Moderate,At Risk of Dehydration
46,Male,75.99,2.08,High,Hydrated
29,Female,47.1,1.2,High,At Risk of Dehydration
56,Female,90.31,3.34,Moderate,Hydrated
57,Male,89.15,3.12,High,At Risk of Dehydration
52,Male,47.07,1.4,Moderate,At Risk of Dehydration
32,Male,66.32,1.14,Low,At Risk of Dehydration
20,Female,47.34,2.56,High,At Risk of Dehydration
31,Male,96.02,3.74,High,Hydrated
58,Male,85.86,1.03,High,At Risk of Dehydration
43,Male,56.75,2.8,Moderate,Hydrated
19,Female,75.54,1.57,Low,At Risk of Dehydration
54,Female,77.7,3.96,Moderate,Hydrated
30,Female,49.97,1.77,Moderate,At Risk of Dehydration
52,Female,67.79,2.19,Moderate,Hydrated
21,Female,60.25,1.87,Moderate,At Risk of Dehydration
20,Female,55.68,1.06,Moderate,At Risk of Dehydration
37,Male,47.75,3.92,High,At Risk of Dehydration
32,Female,65.04,1.26,Low,At Risk of Dehydration
56,Female,99.61,1.59,Moderate,At Risk of Dehydration
34,Male,75.22,2.36,Low,Hydrated
37,Female,91.68,3.39,Low,Hydrated
29,Male,49.5,3.18,Low,At Risk of Dehydration
47,Female,74.56,1.41,Low,At Risk of Dehydration
53,Male,76.98,3.79,Low,At Risk of Dehydration
31,Male,63.29,1.96,Moderate,At Risk of Dehydration
43,Male,54.55,1.01,Moderate,At Risk of Dehydration
38,Female,45.48,1.71,Low,At Risk of Dehydration
33,Male,88.15,1.6,High,At Risk of Dehydration
24,Male,80.96,3.98,Low,Hydrated
32,Female,71.04,3.02,High,At Risk of Dehydration
35,Female,45.52,3.01,High,At Risk of Dehydration
42,Male,63.63,3.93,Low,At Risk of Dehydration
58,Male,50.66,2.25,Moderate,At Risk of Dehydration
45,Female,67.78,1.33,High,At Risk of Dehydration
22,Female,75.07,2.75,Low,At Risk of Dehydration
45,Male,84.34,1.65,High,At Risk of Dehydration
47,Female,77.77,1.81,Low,At Risk of Dehydration
41,Female,83.97,2.55,Low,At Risk of Dehydration
24,Female,59.93,1.9,Moderate,At Risk of Dehydration
29,Male,62.04,2.43,High,At Risk of Dehydration
57,Male,90.77,1.98,Low,At Risk of Dehydration
46,Female,72.88,2.12,Low,Hydrated
25,Male,50.36,2.28,High,At Risk of Dehydration
42,Female,70.02,3.26,Low,Hydrated
30,Male,68.55,1.65,High,At Risk of Dehydration
18,Male,93.99,2.09,Low,At Risk of Dehydration
59,Male,51.9,2.69,Moderate,Hydrated
47,Male,88.66,1.16,Moderate,At Risk of Dehydration
21,Female,56.58,1.96,Low,At Risk of Dehydration
38,Female,98.71,2.37,Moderate,At Risk of Dehydration
24,Female,76.02,1.78,Low,At Risk of Dehydration
53,Male,91.86,2.98,Moderate,At Risk of Dehydration
42,Female,74.85,2.84,Low,Hydrated
31,Male,86.27,2.4,Moderate,Hydrated
32,Male,74.55,3.42,Low,At Risk of Dehydration
29,Female,59.17,2.61,High,At Risk of Dehydration
31,Female,72.87,3.39,Moderate,Hydrated
34,Female,58.6,2.77,Low,At Risk of Dehydration
58,Female,64.36,1.99,Moderate,At Risk of Dehydration
56,Female,65.24,1.07,High,At Risk of Dehydration
28,Male,75.47,2.95,Low,At Risk of Dehydration
41,Male,47.6,3.01,High,At Risk of Dehydration
42,Female,85.63,2.85,High,At Risk of Dehydration
21,Male,82.18,1.41,Low,At Risk of Dehydration
52,Male,73.76,3.57,High,Hydrated
35,Male,99.65,2.32,Low,At Risk of Dehydration
36,Female,99.27,1.11,Low,At Risk of Dehydration
33,Male,72.32,2.8,Low,At Risk of Dehydration
32,Female,88.14,2.16,Low,At Risk of Dehydration
39,Male,78.47,2.61,Moderate,At Risk of Dehydration
57,Female,92.54,2.14,Moderate,At Risk of Dehydration
18,Female,52.31,2.98,High,At Risk of Dehydration
26,Female,93.27,3.05,Moderate,At Risk of Dehydration
55,Male,73.75,3.11,Low,At Risk of Dehydration
42,Male,86.72,1.22,Low,At Risk of Dehydration
55,Male,77.95,2.96,High,At Risk of Dehydration
39,Female,47.28,1.25,High,At Risk of Dehydration
59,Female,54.73,1.09,Low,At Risk of Dehydration
55,Female,66.92,3.57,Moderate,At Risk of Dehydration
19,Male,53.84,1.32,High,At Risk of Dehydration
56,Female,67.11,1.8,Low,At Risk of Dehydration
19,Female,95.82,1.39,High,At Risk of Dehydration
40,Female,54.24,3.34,Moderate,Hydrated
52,Female,70.31,1.05,Low,Hydrated
40,Female,74.8,1.58,Low,At Risk of Dehydration
37,Male,52.1,3.57,High,Hydrated
30,Male,63.11,1.45,Moderate,At Risk of Dehydration
29,Male,59.63,2.79,Low,Hydrated
42,Male,92.75,1.66,Moderate,At Risk of Dehydration
58,Female,55.8,1.5,Low,At Risk of Dehydration
30,Female,62.76,1.18,Low,At Risk of Dehydration
43,Male,57.09,3.44,Low,Hydrated
47,Male,78.99,2.91,Moderate,Hydrated
50,Male,77.48,1.61,Low,At Risk of Dehydration
34,Female,45.49,3.41,Low,At Risk of Dehydration
55,Female,84.64,3.39,Low,Hydrated
38,Female,54.74,3.26,Moderate,At Risk of Dehydration
55,Female,58.78,3.56,Low,Hydrated
50,Male,84.74,2.23,High,Hydrated
22,Female,99.54,3.74,Low,Hydrated
35,Male,97.43,2.32,Moderate,At Risk of Dehydration
33,Male,49.72,2.55,Low,Hydrated
39,Male,60.25,2.92,Low,Hydrated
55,Male,80.12,3.12,Low,Hydrated
44,Female,71.25,2.78,Moderate,At Risk of Dehydration
46,Male,80.0,3.0,Low,At Risk of Dehydration
47,Male,74.03,3.16,High,At Risk of Dehydration
56,Male,51.83,1.85,High,At Risk of Dehydration
18,Male,48.05,2.11,Low,At Risk of Dehydration
49,Female,94.43,2.81,Moderate,At Risk of Dehydration
50,Female,76.7,2.59,High,At Risk of Dehydration
31,Female,98.75,3.84,High,At Risk of Dehydration
50,Female,98.55,1.07,Moderate,At Risk of Dehydration
38,Male,89.04,1.47,High,At Risk of Dehydration
44,Female,45.1,3.81,Low,At Risk of Dehydration
34,Female,92.81,3.91,High,Hydrated
59,Female,59.07,3.42,High,Hydrated
19,Male,91.14,2.5,High,At Risk of Dehydration
19,Female,45.77,1.91,High,At Risk of Dehydration
53,Male,70.33,3.59,High,At Risk of Dehydration
48,Female,98.35,3.39,Low,At Risk of Dehydration
48,Male,94.16,2.3,High,At Risk of Dehydration
25,Female,92.2,1.12,High,At Risk of Dehydration
58,Male,52.85,2.32,Moderate,At Risk of Dehydration
40,Male,75.68,1.55,Low,At Risk of Dehydration
50,Female,97.48,1.79,Low,At Risk of Dehydration
42,Male,64.46,3.75,Low,Hydrated
35,Female,60.55,3.47,Low,Hydrated
32,Female,97.07,1.19,High,At Risk of Dehydration
50,Female,55.57,3.07,Moderate,Hydrated
53,Male,98.92,3.94,High,Hydrated
58,Male,97.42,2.02,High,At Risk of Dehydration
55,Female,65.79,1.19,Moderate,At Risk of Dehydration
27,Male,89.89,1.86,High,At Risk of Dehydration
21,Female,58.79,1.38,Moderate,At Risk of Dehydration
39,Male,51.97,1.67,Moderate,At Risk of Dehydration
31,Female,94.34,3.34,Moderate,Hydrated
36,Female,61.33,4.0,Moderate,Hydrated
20,Male,82.73,2.13,Moderate,At Risk of Dehydration
28,Female,59.85,2.57,Moderate,At Risk of Dehydration
33,Male,48.7,1.62,Moderate,Hydrated
42,Female,67.37,2.63,Moderate,Hydrated
50,Male,71.82,3.63,Moderate,Hydrated
23,Male,60.69,2.41,High,At Risk of Dehydration
31,Male,63.14,3.7,High,At Risk of Dehydration
56,Female,78.42,3.47,Moderate,Hydrated
48,Male,88.64,2.57,Low,At Risk of Dehydration
29,Male,87.98,1.94,Moderate,At Risk of Dehydration
30,Male,74.79,2.64,Low,Hydrated
30,Female,56.76,2.21,Moderate,At Risk of Dehydration
40,Female,71.84,3.68,Moderate,Hydrated
40,Female,55.42,3.35,Moderate,At Risk of Dehydration
32,Male,66.02,2.16,High,At Risk of Dehydration
20,Female,56.29,2.49,Moderate,At Risk of Dehydration
31,Female,90.14,3.69,Low,Hydrated
37,Female,73.35,1.64,Low,At Risk of Dehydration
53,Male,57.14,3.99,High,Hydrated
31,Male,87.03,2.0,Moderate,At Risk of Dehydration
31,Male,55.53,3.04,Low,At Risk of Dehydration
36,Female,48.06,3.46,High,Hydrated
30,Male,53.59,3.2,Low,Hydrated
20,Male,49.06,1.62,Moderate,At Risk of Dehydration
45,Male,81.05,3.43,High,At Risk of Dehydration
24,Male,55.56,2.93,High,Hydrated
34,Male,62.04,2.0,Moderate,At Risk of Dehydration
18,Male,85.81,1.39,Low,At Risk of Dehydration
58,Male,60.0,3.87,High,Hydrated
45,Male,60.74,3.18,Low,At Risk of Dehydration
44,Female,65.07,1.6,Low,Hydrated
40,Male,78.21,1.05,Low,At Risk of Dehydration
24,Female,99.79,1.11,Moderate,At Risk of Dehydration
18,Male,49.28,3.51,Moderate,At Risk of Dehydration
58,Male,98.53,1.31,High,At Risk of Dehydration
50,Male,61.17,2.4,Low,At Risk of Dehydration
44,Male,89.11,1.04,High,At Risk of Dehydration
45,Female,92.61,2.17,High,At Risk of Dehydration
49,Female,92.96,2.03,Moderate,Hydrated
36,Female,51.73,2.16,Low,At Risk of Dehydration
43,Male,73.45,3.35,Low,Hydrated
31,Female,97.02,1.7,Moderate,At Risk of Dehydration
42,Male,87.1,1.15,Moderate,At Risk of Dehydration
27,Male,58.15,2.01,Low,At Risk of Dehydration
55,Male,82.75,1.79,High,At Risk of Dehydration
33,Male,97.28,1.85,High,At Risk of Dehydration
26,Female,87.4,3.68,Low,Hydrated
41,Female,58.09,2.99,Moderate,Hydrated
38,Male,54.05,3.75,Low,Hydrated
28,Male,58.12,1.75,High,At Risk of Dehydration
25,Female,59.03,1.71,High,At Risk of Dehydration
32,Male,61.27,3.0,Low,At Risk of Dehydration
44,Male,89.06,2.15,High,At Risk of Dehydration
20,Male,89.34,3.59,High,Hydrated
52,Female,62.57,3.63,Low,Hydrated
45,Female,50.96,1.19,Low,At Risk of Dehydration
38,Male,64.68,2.33,Low,At Risk of Dehydration
38,Female,81.93,3.3,Low,At Risk of Dehydration
55,Male,53.11,2.68,Low,At Risk of Dehydration
27,Male,91.58,1.09,High,At Risk of Dehydration
59,Female,80.29,1.23,Low,At Risk of Dehydration
21,Male,63.88,3.36,Low,Hydrated
52,Female,56.7,1.4,High,At Risk of Dehydration
42,Male,56.07,2.16,High,At Risk of Dehydration
42,Female,73.14,1.35,Moderate,At Risk of Dehydration
28,Male,80.94,1.02,Low,At Risk of Dehydration
31,Female,97.84,1.91,Low,At Risk of Dehydration
56,Male,52.27,1.49,Moderate,At Risk of Dehydration
59,Female,58.57,1.28,Low,At Risk of Dehydration
31,Male,90.35,2.76,Moderate,At Risk of Dehydration
43,Female,50.93,1.46,Moderate,At Risk of Dehydration
33,Female,56.91,3.26,High,Hydrated
31,Male,88.15,2.65,High,At Risk of Dehydration
49,Female,55.85,1.78,Moderate,At Risk of Dehydration
45,Female,57.47,3.04,High,Hydrated
46,Female,66.17,2.97,High,At Risk of Dehydration
50,Male,96.01,2.24,Low,At Risk of Dehydration
57,Male,91.38,1.93,High,At Risk of Dehydration
55,Female,79.63,3.06,Moderate,At Risk of Dehydration
46,Female,49.93,1.83,Low,At Risk of Dehydration
37,Female,54.61,1.57,Moderate,Hydrated
24,Male,68.7,2.82,High,At Risk of Dehydration
25,Female,51.95,2.64,Moderate,At Risk of Dehydration
30,Female,95.63,2.49,Moderate,Hydrated
49,Male,76.41,3.72,High,Hydrated
23,Male,83.92,1.18,Moderate,At Risk of Dehydration
35,Male,50.84,1.05,Low,At Risk of Dehydration
29,Female,74.93,2.3,Moderate,At Risk of Dehydration
28,Female,64.18,3.69,Low,At Risk of Dehydration
53,Female,83.12,1.66,Low,At Risk of Dehydration
35,Male,98.27,2.27,Low,At Risk of Dehydration
39,Male,86.11,2.55,Moderate,At Risk of Dehydration
58,Male,79.52,3.13,Low,Hydrated
56,Female,63.84,1.21,Moderate,At Risk of Dehydration
40,Female,72.37,3.62,High,Hydrated
32,Male,83.84,3.91,Moderate,Hydrated
42,Female,72.93,3.44,Moderate,At Risk of Dehydration
36,Male,51.45,1.26,Low,At Risk of Dehydration
21,Male,50.29,1.75,Low,At Risk of Dehydration
27,Female,70.48,3.65,Low,Hydrated
48,Male,50.28,3.85,Moderate,Hydrated
28,Male,91.41,1.21,High,At Risk of Dehydration
32,Female,67.53,1.98,Moderate,At Risk of Dehydration
25,Male,87.81,1.39,Moderate,At Risk of Dehydration
44,Male,61.17,3.07,Low,Hydrated
30,Male,46.58,1.06,Low,At Risk of Dehydration
34,Male,67.37,2.42,High,At Risk of Dehydration
32,Female,45.76,1.77,Low,At Risk of Dehydration
49,Male,81.62,2.78,Low,At Risk of Dehydration
45,Female,55.71,2.98,High,At Risk of Dehydration
28,Male,97.18,2.76,High,At Risk of Dehydration
48,Male,49.55,2.31,High,Hydrated
19,Male,99.39,1.12,Moderate,At Risk of Dehydration
57,Male,86.92,2.13,Moderate,At Risk of Dehydration
44,Male,60.12,1.83,Low,At Risk of Dehydration
50,Female,68.56,2.97,Moderate,Hydrated
36,Female,58.95,3.08,Low,At Risk of Dehydration
43,Female,79.04,3.74,High,Hydrated
35,Female,54.29,1.86,Moderate,Hydrated
36,Female,87.71,3.47,Low,Hydrated
35,Male,50.71,2.85,High,At Risk of Dehydration
56,Male,58.07,3.59,Low,Hydrated
54,Male,84.62,1.32,Moderate,At Risk of Dehydration
40,Female,75.07,3.22,Moderate,At Risk of Dehydration
49,Male,60.64,3.82,Low,Hydrated
37,Female,55.08,3.39,Low,Hydrated
26,Female,97.21,2.95,High,At Risk of Dehydration
18,Male,86.52,3.65,High,At Risk of Dehydration
40,Male,99.42,3.51,Low,At Risk of Dehydration
33,Male,93.72,2.6,High,At Risk of Dehydration
36,Male,95.46,1.45,High,At Risk of Dehydration
54,Male,52.6,3.82,Low,Hydrated
36,Male,58.9,2.3,Low,At Risk of Dehydration
32,Female,45.57,1.99,High,At Risk of Dehydration
25,Female,49.64,1.16,Moderate,At Risk of Dehydration
24,Female,70.36,1.44,Low,At Risk of Dehydration
55,Male,68.02,3.76,Moderate,Hydrated
49,Male,52.36,1.04,Moderate,At Risk of Dehydration
33,Female,61.46,1.85,High,At Risk of Dehydration
51,Female,80.2,1.4,Moderate,At Risk of Dehydration
22,Male,49.98,1.99,Low,At Risk of Dehydration
44,Female,79.89,1.9,Low,At Risk of Dehydration
24,Male,62.18,3.28,High,At Risk of Dehydration
35,Male,59.48,2.93,Low,Hydrated
43,Male,93.28,3.41,Moderate,Hydrated
27,Female,82.04,4.0,Low,Hydrated
51,Female,47.92,1.13,Low,At Risk of Dehydration
19,Female,45.74,3.66,Moderate,Hydrated
51,Male,77.4,3.52,Moderate,At Risk of Dehydration
55,Male,64.43,2.39,High,At Risk of Dehydration
46,Male,92.19,1.3,Low,At Risk of Dehydration
30,Male,52.24,1.79,High,At Risk of Dehydration
33,Male,50.74,2.53,High,At Risk of Dehydration
34,Female,95.77,3.53,High,Hydrated
35,Female,93.69,1.43,Moderate,At Risk of Dehydration
19,Female,54.21,2.48,High,At Risk of Dehydration
53,Male,92.31,2.47,High,At Risk of Dehydration
35,Female,64.34,1.54,Low,At Risk of Dehydration
52,Female,71.48,2.76,Low,At Risk of Dehydration
21,Female,93.08,2.89,Moderate,Hydrated
55,Male,88.2,1.11,High,At Risk of Dehydration
40,Male,63.85,3.85,High,Hydrated
33,Male,53.79,1.7,Low,At Risk of Dehydration
44,Female,93.58,2.56,Low,At Risk of Dehydration
46,Male,78.55,3.47,Low,Hydrated
56,Male,94.68,3.98,Low,Hydrated
34,Female,91.27,2.64,Moderate,At Risk of Dehydration
58,Male,71.46,2.49,Moderate,At Risk of Dehydration
47,Female,61.45,2.15,Moderate,At Risk of Dehydration
35,Male,75.0,3.47,Moderate,At Risk of Dehydration
31,Female,55.41,3.55,Moderate,Hydrated
31,Male,98.89,3.93,Low,Hydrated
43,Male,92.12,2.97,Moderate,Hydrated
38,Female,95.73,3.92,Moderate,At Risk of Dehydration
55,Male,81.9,2.82,Low,Hydrated
30,Male,57.08,1.79,High,Hydrated
34,Male,73.68,3.63,High,Hydrated
30,Male,67.91,3.15,Moderate,Hydrated
47,Male,57.56,1.11,Moderate,At Risk of Dehydration
32,Male,99.23,2.91,High,At Risk of Dehydration
32,Female,56.64,3.03,Moderate,Hydrated
50,Female,75.43,1.84,Low,At Risk of Dehydration
21,Male,59.36,3.77,Moderate,Hydrated
43,Female,97.29,1.6,Low,At Risk of Dehydration
19,Male,77.35,2.87,Moderate,At Risk of Dehydration
44,Female,52.7,1.62,Low,At Risk of Dehydration
49,Female,62.6,1.88,Moderate,Hydrated
30,Male,82.61,2.2,High,At Risk of Dehydration
30,Female,78.26,3.37,Moderate,Hydrated
33,Male,76.21,2.9,Moderate,At Risk of Dehydration
59,Female,97.15,3.27,Low,At Risk of Dehydration
39,Male,55.58,1.2,High,At Risk of Dehydration
22,Female,60.55,2.48,Low,At Risk of Dehydration
27,Female,86.97,2.17,Moderate,At Risk of Dehydration
42,Male,72.68,3.3,Moderate,Hydrated
19,Female,82.67,3.12,Low,Hydrated
51,Female,76.13,2.2,High,Hydrated
32,Female,87.65,2.51,Moderate,At Risk of Dehydration
31,Male,94.06,3.88,Low,Hydrated
49,Female,63.13,3.3,Low,Hydrated
38,Male,53.8,3.84,Moderate,At Risk of Dehydration
26,Male,72.45,1.28,Low,At Risk of Dehydration
56,Female,55.6,2.2,Moderate,At Risk of Dehydration
40,Male,89.5,3.83,Low,At Risk of Dehydration
59,Female,81.04,1.59,Low,At Risk of Dehydration
42,Male,86.79,3.98,Low,At Risk of Dehydration
48,Female,67.84,2.5,Low,At Risk of Dehydration
26,Male,66.53,1.6,Moderate,At Risk of Dehydration
35,Male,58.81,1.8,High,At Risk of Dehydration
36,Female,84.66,3.79,Low,Hydrated
39,Female,67.59,1.42,Moderate,At Risk of Dehydration
53,Male,82.04,1.43,High,At Risk of Dehydration
30,Female,66.26,3.1,Low,At Risk of Dehydration
44,Female,61.24,2.1,High,At Risk of Dehydration
45,Female,57.97,3.43,High,At Risk of Dehydration
41,Female,70.93,1.44,High,At Risk of Dehydration
25,Male,45.27,2.17,High,At Risk of Dehydration
26,Female,58.45,3.0,Moderate,At Risk of Dehydration
36,Female,82.26,2.04,High,At Risk of Dehydration
28,Female,54.39,1.55,High,At Risk of Dehydration
55,Female,76.55,2.02,High,At Risk of Dehydration
26,Male,55.56,1.89,Moderate,At Risk of Dehydration
52,Female,70.45,2.84,High,At Risk of Dehydration
30,Female,61.58,3.67,High,Hydrated
19,Female,78.9,1.65,Moderate,At Risk of Dehydration
22,Male,45.96,2.87,High,At Risk of Dehydration
55,Male,56.43,3.38,Moderate,At Risk of Dehydration
48,Male,77.47,1.07,Moderate,At Risk of Dehydration
49,Female,59.27,1.56,Moderate,At Risk of Dehydration
32,Male,65.25,1.9,Low,At Risk of Dehydration
32,Female,58.12,3.0,Moderate,Hydrated
44,Male,48.79,2.51,Low,At Risk of Dehydration
42,Female,92.81,2.86,Low,Hydrated
33,Female,71.55,1.59,High,At Risk of Dehydration
32,Male,81.62,1.31,High,At Risk of Dehydration
24,Female,86.93,1.17,Low,At Risk of Dehydration
23,Male,64.48,2.05,High,At Risk of Dehydration
56,Female,58.67,2.3,Low,At Risk of Dehydration
56,Male,74.22,1.94,High,At Risk of Dehydration
48,Female,87.87,2.92,High,At Risk of Dehydration
46,Male,83.24,1.36,High,At Risk of Dehydration
26,Female,89.57,1.85,Moderate,At Risk of Dehydration
38,Female,77.21,3.79,Moderate,Hydrated
53,Male,76.03,1.56,Moderate,At Risk of Dehydration
33,Male,56.42,2.07,Low,At Risk of Dehydration
19,Female,81.88,3.42,Moderate,Hydrated
25,Female,73.77,1.26,High,At Risk of Dehydration
48,Male,96.35,2.57,Moderate,At Risk of Dehydration
52,Female,77.88,1.22,Low,At Risk of Dehydration
59,Male,85.45,2.09,High,At Risk of Dehydration
34,Female,47.55,1.34,High,At Risk of Dehydration
19,Male,79.29,1.7,Low,At Risk of Dehydration
25,Female,88.06,1.03,High,At Risk of Dehydration
28,Male,78.71,3.24,Low,At Risk of Dehydration
43,Male,90.53,2.29,High,At Risk of Dehydration
41,Male,96.18,3.77,Moderate,At Risk of Dehydration
43,Male,75.96,3.69,High,Hydrated
38,Male,48.69,2.48,High,At Risk of Dehydration
42,Female,94.95,3.97,Moderate,Hydrated
23,Male,63.22,1.45,Low,At Risk of Dehydration
19,Male,57.61,1.62,Moderate,At Risk of Dehydration
31,Female,93.79,3.09,High,At Risk of Dehydration
19,Male,92.22,1.45,Moderate,At Risk of Dehydration
26,Male,88.46,3.97,Moderate,At Risk of Dehydration
30,Female,95.77,3.78,Low,At Risk of Dehydration
27,Female,47.38,2.26,High,Hydrated
49,Female,46.63,3.64,Low,Hydrated
20,Male,45.97,2.57,Moderate,Hydrated
31,Female,99.11,2.1,Moderate,At Risk of Dehydration
23,Female,49.05,1.18,Low,At Risk of Dehydration
50,Female,66.97,1.6,High,At Risk of Dehydration
22,Male,85.36,1.11,Moderate,At Risk of Dehydration
42,Female,96.45,2.99,High,At Risk of Dehydration
23,Male,70.75,3.03,Low,Hydrated
24,Female,87.79,1.52,High,At Risk of Dehydration
28,Male,85.04,2.01,Low,At Risk of Dehydration
27,Male,46.63,2.69,Low,Hydrated
20,Male,63.75,2.54,High,At Risk of Dehydration
50,Male,64.07,1.02,Low,At Risk of Dehydration
18,Female,50.36,3.09,Low,At Risk of Dehydration
49,Female,48.27,3.69,Moderate,Hydrated
49,Male,77.91,3.67,Low,Hydrated
53,Female,56.36,3.06,Moderate,Hydrated
33,Female,64.48,1.46,High,At Risk of Dehydration
55,Male,95.38,2.6,High,At Risk of Dehydration
39,Male,93.57,1.63,Low,At Risk of Dehydration
22,Male,93.87,2.3,Low,Hydrated
54,Male,67.56,2.38,High,At Risk of Dehydration
37,Female,73.29,3.58,Low,Hydrated
34,Male,60.4,3.78,High,At Risk of Dehydration
25,Male,48.65,3.87,High,At Risk of Dehydration
20,Female,84.27,2.21,Moderate,At Risk of Dehydration
48,Male,67.42,2.88,Low,Hydrated
39,Male,73.35,3.79,Low,Hydrated
43,Male,92.93,1.48,Moderate,At Risk of Dehydration
46,Female,70.05,3.35,High,Hydrated
54,Female,58.86,1.87,Moderate,At Risk of Dehydration
55,Female,79.59,3.95,High,Hydrated
29,Male,75.55,1.68,Low,At Risk of Dehydration
55,Female,46.56,3.37,Moderate,Hydrated
40,Male,49.06,1.81,Moderate,At Risk of Dehydration
57,Male,45.12,3.69,High,At Risk of Dehydration
18,Female,83.72,3.17,Low,At Risk of Dehydration
41,Female,65.86,2.2,High,At Risk of Dehydration
29,Female,57.32,1.55,Moderate,At Risk of Dehydration
38,Female,73.03,2.25,Low,Hydrated
31,Female,47.48,3.98,High,Hydrated
18,Female,84.4,2.52,Low,At Risk of Dehydration
43,Female,66.64,3.22,High,At Risk of Dehydration
55,Male,75.32,2.16,Moderate,At Risk of Dehydration
39,Male,73.79,1.98,High,At Risk of Dehydration
22,Male,60.7,1.45,High,At Risk of Dehydration
54,Female,80.99,2.27,High,At Risk of Dehydration
30,Male,79.5,2.54,Low,At Risk of Dehydration
55,Female,88.73,3.78,High,At Risk of Dehydration
21,Male,57.57,1.58,Moderate,At Risk of Dehydration
32,Male,59.44,3.65,Low,Hydrated
27,Male,94.64,3.25,Moderate,Hydrated
40,Male,94.72,3.36,Low,Hydrated
23,Female,81.12,1.68,Moderate,At Risk of Dehydration
27,Female,84.15,2.08,Low,At Risk of Dehydration
38,Male,76.34,3.77,Moderate,Hydrated
47,Male,53.46,2.8,High,At Risk of Dehydration
42,Female,94.66,2.74,Low,At Risk of Dehydration
49,Female,57.26,2.15,High,At Risk of Dehydration
19,Female,68.1,2.11,Moderate,At Risk of Dehydration
35,Female,83.15,1.37,Moderate,At Risk of Dehydration
23,Female,59.49,2.55,Moderate,At Risk of Dehydration
45,Female,62.76,2.07,Moderate,At Risk of Dehydration
23,Male,60.67,1.69,High,At Risk of Dehydration
48,Female,45.12,3.27,Low,At Risk of Dehydration
25,Male,52.99,2.05,High,Hydrated
27,Male,62.12,3.91,Moderate,Hydrated
23,Male,53.37,3.74,High,Hydrated
47,Female,73.56,3.8,Moderate,Hydrated
59,Male,45.64,3.52,Moderate,At Risk of Dehydration
37,Male,60.27,1.28,High,At Risk of Dehydration
35,Female,71.09,3.16,Moderate,At Risk of Dehydration
34,Female,45.67,2.78,High,Hydrated
40,Female,85.79,1.8,Low,At Risk of Dehydration
59,Male,57.66,1.26,Moderate,At Risk of Dehydration
52,Female,83.26,3.87,High,At Risk of Dehydration
19,Male,76.13,2.67,Low,Hydrated
55,Female,66.18,1.06,Low,At Risk of Dehydration
35,Male,49.55,2.88,Low,Hydrated
24,Female,74.84,2.13,Moderate,At Risk of Dehydration
45,Male,56.73,1.01,Moderate,At Risk of Dehydration
23,Female,45.02,3.93,High,Hydrated
25,Female,72.16,3.46,Low,Hydrated
28,Male,57.02,2.88,High,At Risk of Dehydration
19,Female,96.41,3.1,High,At Risk of Dehydration
59,Male,71.88,2.96,Moderate,At Risk of Dehydration
36,Female,79.63,1.34,Low,At Risk of Dehydration
31,Male,92.17,1.09,High,At Risk of Dehydration
50,Male,71.08,2.75,Low,Hydrated
42,Male,56.55,2.88,High,At Risk of Dehydration
36,Female,53.27,2.75,Moderate,Hydrated
31,Female,88.77,3.38,Moderate,Hydrated
22,Male,94.2,2.32,Moderate,At Risk of Dehydration
24,Male,47.72,1.49,Moderate,At Risk of Dehydration
47,Female,94.93,1.32,Moderate,At Risk of Dehydration
49,Male,70.91,2.96,Low,At Risk of Dehydration
36,Female,88.24,2.21,Moderate,At Risk of Dehydration
59,Male,78.91,4.0,High,Hydrated
44,Female,57.15,1.97,Moderate,At Risk of Dehydration
40,Male,57.2,1.88,High,At Risk of Dehydration
26,Female,57.78,1.1,Moderate,At Risk of Dehydration
24,Male,98.52,3.23,High,Hydrated
32,Female,90.24,1.24,Low,At Risk of Dehydration
46,Male,78.9,2.47,High,At Risk of Dehydration
58,Female,89.23,2.1,High,Hydrated
46,Male,72.31,3.85,Low,Hydrated
24,Female,54.04,3.24,Low,At Risk of Dehydration
49,Female,51.2,2.08,High,Hydrated
58,Female,55.27,1.11,High,At Risk of Dehydration
18,Male,74.11,3.12,Moderate,At Risk of Dehydration
37,Female,90.48,1.06,Low,At Risk of Dehydration
43,Male,59.47,3.81,Low,Hydrated
56,Female,48.49,2.83,Moderate,At Risk of Dehydration
45,Male,90.8,3.96,Low,Hydrated
35,Female,72.26,2.47,High,At Risk of Dehydration
52,Female,93.62,3.43,Low,At Risk of Dehydration
37,Female,76.05,2.53,Low,At Risk of Dehydration
50,Male,60.42,2.08,Moderate,At Risk of Dehydration
27,Female,87.83,3.91,Moderate,Hydrated
22,Female,62.81,2.33,Moderate,At Risk of Dehydration
54,Male,60.68,2.27,Low,At Risk of Dehydration
29,Female,57.1,3.8,High,Hydrated
28,Female,63.5,2.86,Low,At Risk of Dehydration
19,Female,50.16,3.87,High,Hydrated
43,Female,88.38,3.87,High,Hydrated
32,Female,84.77,2.74,Low,At Risk of Dehydration
52,Female,56.04,1.16,High,At Risk of Dehydration
46,Male,87.45,3.22,Moderate,At Risk of Dehydration
31,Female,60.15,2.19,Moderate,At Risk of Dehydration
53,Male,91.06,1.32,High,At Risk of Dehydration
44,Male,49.12,3.58,Moderate,Hydrated
33,Female,73.88,1.25,Low,At Risk of Dehydration
39,Female,99.97,2.02,Moderate,At Risk of Dehydration
27,Male,89.93,2.51,High,At Risk of Dehydration
32,Male,88.2,3.51,High,At Risk of Dehydration
59,Female,54.1,3.25,High,At Risk of Dehydration
50,Male,49.99,3.67,Low,Hydrated
58,Female,82.77,3.53,High,Hydrated
50,Female,67.02,1.19,Moderate,At Risk of Dehydration
54,Male,67.47,1.57,High,At Risk of Dehydration
31,Male,71.56,1.83,High,At Risk of Dehydration
18,Male,55.98,1.03,High,At Risk of Dehydration
47,Female,58.31,3.72,High,Hydrated
58,Female,80.56,3.99,Moderate,Hydrated
56,Male,79.69,1.69,High,At Risk of Dehydration
24,Female,63.44,3.63,High,At Risk of Dehydration
42,Male,65.48,1.92,Moderate,Hydrated
47,Female,86.12,2.03,Moderate,At Risk of Dehydration
50,Female,57.02,3.52,High,Hydrated
40,Male,82.93,3.72,Moderate,Hydrated
26,Male,68.0,2.92,Low,At Risk of Dehydration
23,Female,78.28,2.91,High,Hydrated
27,Female,95.22,3.28,High,At Risk of Dehydration
30,Female,51.93,3.51,Low,At Risk of Dehydration
27,Male,63.93,3.91,Low,Hydrated
25,Female,71.54,2.27,Moderate,At Risk of Dehydration
39,Female,57.48,2.65,Moderate,At Risk of Dehydration
27,Female,51.07,2.32,High,At Risk of Dehydration
36,Male,93.19,1.79,Low,At Risk of Dehydration
55,Male,46.14,1.5,Moderate,At Risk of Dehydration
55,Male,99.68,3.94,Moderate,At Risk of Dehydration
41,Female,54.31,1.3,Moderate,At Risk of Dehydration
40,Female,68.95,1.83,Moderate,At Risk of Dehydration
39,Female,71.28,3.58,High,Hydrated
52,Female,46.48,3.36,Moderate,At Risk of Dehydration
23,Male,84.24,3.11,High,At Risk of Dehydration
20,Male,74.77,2.07,High,At Risk of Dehydration
38,Male,55.71,2.54,Low,At Risk of Dehydration
23,Female,84.56,2.94,Low,At Risk of Dehydration
39,Female,57.34,1.51,Moderate,At Risk of Dehydration
32,Male,69.2,2.15,Moderate,At Risk of Dehydration
34,Female,77.01,1.71,Moderate,At Risk of Dehydration
29,Female,89.2,2.14,Low,At Risk of Dehydration
38,Female,71.16,1.03,Low,At Risk of Dehydration
30,Female,90.46,3.85,High,Hydrated
53,Male,57.04,2.1,Moderate,At Risk of Dehydration
20,Female,60.2,1.1,Moderate,At Risk of Dehydration
38,Female,89.42,2.14,Low,At Risk of Dehydration
36,Male,69.82,1.97,High,At Risk of Dehydration
26,Male,97.91,2.79,Moderate,At Risk of Dehydration
24,Male,94.28,1.19,High,At Risk of Dehydration
29,Female,57.94,3.41,High,Hydrated
57,Female,75.28,1.5,High,At Risk of Dehydration
43,Male,73.37,1.52,Low,At Risk of Dehydration
59,Male,98.19,2.33,Moderate,At Risk of Dehydration
56,Female,74.13,3.66,Low,Hydrated
52,Male,97.2,1.28,High,At Risk of Dehydration
34,Male,50.63,3.41,Low,Hydrated
44,Male,49.14,1.05,Moderate,At Risk of Dehydration
51,Male,52.97,1.04,Moderate,At Risk of Dehydration
40,Female,73.97,1.23,Moderate,At Risk of Dehydration
32,Female,74.75,3.54,Moderate,Hydrated
27,Male,97.49,3.94,High,Hydrated
39,Female,81.64,3.5,High,Hydrated
37,Female,86.87,1.57,Moderate,At Risk of Dehydration
37,Male,73.43,3.2,Low,At Risk of Dehydration
57,Female,76.7,1.2,Moderate,At Risk of Dehydration
54,Male,82.55,2.38,High,At Risk of Dehydration
30,Male,88.01,2.08,Low,At Risk of Dehydration
30,Female,56.19,2.02,High,At Risk of Dehydration
36,Male,86.55,1.03,Low,At Risk of Dehydration
41,Male,77.08,1.21,High,At Risk of Dehydration
38,Male,61.97,2.79,Low,Hydrated
31,Male,56.93,2.61,Moderate,At Risk of Dehydration
39,Male,96.36,2.13,Low,At Risk of Dehydration
37,Male,52.37,3.61,Low,Hydrated
32,Male,56.78,1.07,Low,At Risk of Dehydration
56,Male,50.37,3.38,High,At Risk of Dehydration
28,Male,51.44,1.95,Low,At Risk of Dehydration
39,Female,62.82,3.81,Low,Hydrated
32,Male,87.12,3.59,Low,Hydrated
37,Male,71.71,1.66,Moderate,At Risk of Dehydration
55,Male,46.2,3.66,Moderate,Hydrated
55,Male,71.59,1.39,High,At Risk of Dehydration
39,Female,82.93,1.8,High,At Risk of Dehydration
19,Male,61.36,2.46,High,At Risk of Dehydration
34,Female,73.73,2.93,Low,Hydrated
48,Male,90.43,3.1,Moderate,Hydrated
54,Female,55.82,2.19,High,At Risk of Dehydration
34,Male,62.51,1.34,High,At Risk of Dehydration
43,Female,96.12,1.88,High,At Risk of Dehydration
30,Male,65.86,3.03,Low,At Risk of Dehydration
26,Male,68.08,3.71,Low,At Risk of Dehydration
51,Male,90.66,2.46,High,At Risk of Dehydration
19,Male,86.41,1.11,Low,At Risk of Dehydration
39,Male,85.58,3.89,High,At Risk of Dehydration
26,Male,50.51,2.53,Low,At Risk of Dehydration
21,Male,88.41,1.39,Low,At Risk of Dehydration
49,Male,94.08,2.47,Low,At Risk of Dehydration
47,Male,78.09,2.03,Moderate,At Risk of Dehydration
46,Female,64.88,3.04,Low,At Risk of Dehydration
25,Female,51.26,3.29,Moderate,At Risk of Dehydration
33,Female,81.32,3.28,Moderate,At Risk of Dehydration
29,Male,59.18,3.46,Low,At Risk of Dehydration
48,Male,62.79,2.7,Moderate,At Risk of Dehydration
21,Male,54.51,1.48,High,At Risk of Dehydration
23,Male,51.13,3.96,Moderate,Hydrated
52,Female,90.2,3.44,High,Hydrated
45,Female,58.93,1.66,Low,At Risk of Dehydration
34,Male,69.45,2.09,Low,Hydrated
46,Female,61.16,1.26,Moderate,At Risk of Dehydration
27,Male,90.55,3.24,Low,At Risk of Dehydration
38,Female,64.67,1.84,High,Hydrated
37,Female,89.1,1.91,Moderate,At Risk of Dehydration
37,Male,81.2,1.93,Moderate,At Risk of Dehydration
35,Male,61.36,1.18,Low,At Risk of Dehydration
56,Male,79.18,1.03,High,At Risk of Dehydration
50,Male,53.03,1.87,Low,At Risk of Dehydration
39,Female,48.61,3.88,Moderate,Hydrated
50,Female,89.92,1.36,Low,At Risk of Dehydration
37,Male,87.29,3.18,Low,Hydrated
40,Female,86.54,3.54,Low,At Risk of Dehydration
49,Male,53.04,1.24,High,At Risk of Dehydration
57,Male,95.27,3.34,Low,Hydrated
46,Female,73.35,2.37,Low,Hydrated
45,Female,62.23,3.32,High,At Risk of Dehydration
41,Male,83.57,2.47,Low,At Risk of Dehydration
53,Male,54.2,1.22,Low,At Risk of Dehydration
52,Male,88.06,2.43,Low,At Risk of Dehydration
23,Female,78.02,1.0,Low,At Risk of Dehydration
47,Female,94.54,1.56,High,At Risk of Dehydration
56,Male,58.49,3.17,High,At Risk of Dehydration
50,Female,94.0,2.68,High,At Risk of Dehydration
23,Male,47.89,3.93,High,Hydrated
40,Male,48.41,1.79,High,At Risk of Dehydration
41,Female,59.68,1.57,Moderate,At Risk of Dehydration
42,Male,48.83,3.13,Low,At Risk of Dehydration
21,Female,60.8,2.16,Moderate,At Risk of Dehydration
33,Female,93.82,2.83,High,At Risk of Dehydration
37,Male,74.26,2.14,Moderate,At Risk of Dehydration
35,Male,45.29,1.93,High,At Risk of Dehydration
35,Female,69.14,3.18,High,At Risk of Dehydration
25,Male,94.12,1.6,High,At Risk of Dehydration
37,Male,50.6,1.13,High,At Risk of Dehydration
41,Male,84.1,3.86,High,At Risk of Dehydration
19,Male,48.76,3.69,Low,Hydrated
27,Female,98.54,1.28,Low,Hydrated
42,Male,97.98,3.93,High,Hydrated
20,Female,69.16,3.57,Low,Hydrated
47,Male,66.21,1.56,Low,At Risk of Dehydration
33,Female,56.69,1.14,Low,At Risk of Dehydration
39,Female,78.89,1.6,High,At Risk of Dehydration
35,Male,54.24,2.46,High,At Risk of Dehydration
23,Male,88.68,3.6,Low,Hydrated
50,Male,59.57,1.62,Low,At Risk of Dehydration
49,Female,49.69,2.72,Low,At Risk of Dehydration
51,Male,47.76,3.85,Moderate,Hydrated
49,Female,78.39,1.03,Moderate,At Risk of Dehydration
28,Male,74.37,3.1,High,Hydrated
20,Male,71.26,2.78,High,At Risk of Dehydration
20,Male,98.76,3.11,Low,Hydrated
41,Female,50.71,2.02,High,At Risk of Dehydration
50,Female,72.84,1.23,High,At Risk of Dehydration
23,Female,96.08,3.16,Moderate,At Risk of Dehydration
39,Female,68.59,1.93,Low,At Risk of Dehydration
31,Female,77.16,2.84,Moderate,Hydrated
55,Female,99.75,1.26,Low,At Risk of Dehydration
49,Female,66.21,2.12,Moderate,At Risk of Dehydration
38,Male,77.62,1.24,High,At Risk of Dehydration
46,Female,98.21,3.16,High,At Risk of Dehydration
22,Female,62.51,3.66,High,Hydrated
43,Female,52.9,3.06,High,Hydrated
45,Male,94.58,3.97,High,Hydrated
52,Female,71.71,2.43,Moderate,At Risk of Dehydration
48,Female,94.61,3.3,Moderate,At Risk of Dehydration
27,Female,81.73,2.58,Low,At Risk of Dehydration
52,Male,54.52,2.92,Moderate,At Risk of Dehydration
59,Male,58.63,3.89,Low,Hydrated
20,Female,60.03,3.32,Moderate,At Risk of Dehydration
33,Male,48.49,2.95,Low,Hydrated
53,Female,78.28,2.92,Moderate,At Risk of Dehydration
30,Male,61.69,3.45,Low,At Risk of Dehydration
48,Male,92.06,3.9,Low,At Risk of Dehydration
27,Male,58.87,3.23,Low,At Risk of Dehydration
28,Female,85.28,1.59,Moderate,At Risk of Dehydration
49,Female,63.42,2.7,Moderate,At Risk of Dehydration
22,Male,86.25,2.95,Low,Hydrated
25,Female,69.22,1.93,Low,At Risk of Dehydration
21,Male,62.62,3.01,High,Hydrated
19,Male,83.82,1.99,High,At Risk of Dehydration
38,Male,97.31,3.79,Moderate,At Risk of Dehydration
31,Male,46.08,1.86,Low,At Risk of Dehydration
37,Male,79.06,2.38,Low,At Risk of Dehydration
40,Male,45.85,1.25,Low,At Risk of Dehydration
38,Male,99.76,1.3,Moderate,At Risk of Dehydration
28,Male,67.92,1.82,Moderate,At Risk of Dehydration
34,Male,97.43,3.4,High,At Risk of Dehydration
37,Male,96.34,2.93,High,Hydrated
43,Male,93.0,3.2,High,Hydrated
31,Male,99.59,3.89,Low,Hydrated
21,Female,49.09,2.02,Low,Hydrated
44,Female,92.92,3.17,Moderate,At Risk of Dehydration
53,Female,49.28,1.71,Low,At Risk of Dehydration
19,Female,57.9,3.74,High,At Risk of Dehydration
43,Female,94.71,2.59,High,Hydrated
58,Female,90.3,1.31,Low,At Risk of Dehydration
55,Female,84.04,1.42,Low,At Risk of Dehydration
59,Male,93.51,3.72,High,Hydrated
19,Male,68.89,1.28,Moderate,At Risk of Dehydration
55,Female,45.33,1.02,Low,At Risk of Dehydration
55,Female,59.58,3.11,Moderate,At Risk of Dehydration
30,Male,63.11,2.28,High,At Risk of Dehydration
36,Male,99.08,1.29,High,At Risk of Dehydration
44,Female,80.9,3.46,Moderate,At Risk of Dehydration
33,Male,45.66,1.75,High,At Risk of Dehydration
47,Female,51.56,3.1,Moderate,At Risk of Dehydration
40,Female,76.82,1.64,Low,At Risk of Dehydration
29,Female,58.22,2.97,Moderate,At Risk of Dehydration
54,Female,56.05,1.64,Low,At Risk of Dehydration
33,Male,90.45,2.89,Moderate,At Risk of Dehydration
28,Female,56.28,3.89,Low,Hydrated
42,Male,56.06,1.82,Moderate,At Risk of Dehydration
19,Female,77.13,1.5,Moderate,Hydrated
56,Male,63.9,3.55,High,Hydrated
35,Male,70.0,3.02,Low,At Risk of Dehydration
38,Female,52.14,2.89,High,Hydrated
35,Male,94.43,2.94,Moderate,At Risk of Dehydration
56,Male,85.95,3.03,Low,At Risk of Dehydration
57,Male,72.43,3.86,High,Hydrated
59,Male,48.79,2.29,Moderate,At Risk of Dehydration
47,Male,47.15,3.46,Low,Hydrated
46,Female,90.18,1.7,High,At Risk of Dehydration
20,Male,88.8,1.41,Low,At Risk of Dehydration
49,Male,82.18,3.33,High,Hydrated
23,Male,50.6,2.42,High,At Risk of Dehydration
25,Male,85.78,1.63,Low,At Risk of Dehydration
32,Male,93.88,3.04,High,Hydrated
50,Female,95.14,3.28,Low,Hydrated
45,Female,98.0,3.57,Low,At Risk of Dehydration
45,Male,81.48,2.99,High,Hydrated
26,Male,91.08,3.56,Moderate,Hydrated
49,Female,96.17,3.33,High,Hydrated
27,Female,56.35,3.95,High,Hydrated
33,Female,80.65,2.47,Moderate,Hydrated
35,Female,86.86,2.35,Low,At Risk of Dehydration
59,Male,91.2,3.4,High,Hydrated
19,Male,60.44,2.24,Low,Hydrated
37,Male,85.61,3.28,Low,At Risk of Dehydration
56,Female,63.48,3.59,Moderate,At Risk of Dehydration
56,Male,80.93,2.1,Moderate,At Risk of Dehydration
46,Male,97.47,2.73,Low,At Risk of Dehydration
25,Male,91.93,2.11,High,At Risk of Dehydration
31,Female,54.93,3.71,Moderate,At Risk of Dehydration
26,Male,69.33,3.53,High,Hydrated
37,Female,79.77,2.71,High,At Risk of Dehydration
28,Female,69.29,2.71,High,At Risk of Dehydration
26,Male,60.78,3.67,Moderate,At Risk of Dehydration
57,Male,66.56,1.61,High,At Risk of Dehydration
43,Female,71.71,3.09,High,At Risk of Dehydration
24,Female,64.45,1.68,Moderate,At Risk of Dehydration
37,Male,81.28,2.44,Low,Hydrated
50,Male,60.53,3.86,Low,Hydrated
32,Female,95.93,1.53,High,At Risk of Dehydration
36,Male,54.83,1.84,Low,At Risk of Dehydration
27,Male,95.82,1.41,Moderate,At Risk of Dehydration
49,Female,85.94,3.74,Low,Hydrated
28,Female,61.49,2.01,Low,At Risk of Dehydration
48,Male,79.33,2.2,Low,At Risk of Dehydration
50,Male,99.68,1.75,Moderate,At Risk of Dehydration
33,Male,89.09,2.52,Low,Hydrated
43,Male,90.51,1.84,Low,At Risk of Dehydration
40,Female,55.69,1.26,High,At Risk of Dehydration
41,Male,81.97,2.87,High,At Risk of Dehydration
36,Male,52.95,2.5,Moderate,At Risk of Dehydration
47,Male,81.75,1.51,High,At Risk of Dehydration
39,Female,55.23,2.3,Low,At Risk of Dehydration
59,Female,61.75,3.49,High,Hydrated
18,Female,58.01,1.45,Moderate,At Risk of Dehydration
29,Female,76.23,3.71,Low,At Risk of Dehydration
57,Female,49.83,3.52,Moderate,Hydrated
56,Male,48.27,1.08,Moderate,At Risk of Dehydration
39,Male,62.34,1.22,Low,At Risk of Dehydration
27,Male,82.76,2.51,Moderate,At Risk of Dehydration
34,Male,52.4,1.18,Low,At Risk of Dehydration
28,Male,63.84,1.31,Moderate,At Risk of Dehydration
28,Female,53.77,2.46,Low,At Risk of Dehydration
57,Male,58.86,1.23,Low,Hydrated
30,Male,64.81,3.48,Moderate,Hydrated
24,Female,58.07,2.05,Moderate,At Risk of Dehydration
37,Female,73.11,1.62,Moderate,At Risk of Dehydration
59,Male,85.62,3.41,Moderate,At Risk of Dehydration
22,Female,61.19,2.33,High,At Risk of Dehydration
56,Female,95.82,1.48,Moderate,At Risk of Dehydration
37,Male,57.44,2.07,Low,At Risk of Dehydration
54,Male,77.27,2.73,Low,At Risk of Dehydration
53,Male,69.63,1.39,Moderate,At Risk of Dehydration
48,Female,64.85,3.23,High,Hydrated
59,Male,92.47,1.41,High,At Risk of Dehydration
26,Male,88.72,2.64,Low,Hydrated
58,Female,69.7,3.68,Low,Hydrated
39,Male,87.7,1.44,Moderate,At Risk of Dehydration
38,Female,68.56,3.61,Low,Hydrated
21,Male,96.08,2.62,Low,At Risk of Dehydration
24,Male,71.48,3.28,Moderate,At Risk of Dehydration
31,Female,58.65,3.37,Moderate,At Risk of Dehydration
53,Female,53.18,3.25,Low,At Risk of Dehydration
50,Male,46.99,2.34,High,Hydrated
49,Male,75.86,1.76,Moderate,At Risk of Dehydration
25,Female,55.72,1.97,High,At Risk of Dehydration
51,Male,90.34,1.9,Low,At Risk of Dehydration
49,Female,49.99,2.82,Moderate,At Risk of Dehydration
58,Male,67.75,2.83,Moderate,At Risk of Dehydration
51,Male,92.38,2.62,Low,At Risk of Dehydration
50,Female,84.52,2.47,High,At Risk of Dehydration
59,Male,46.13,1.39,Moderate,At Risk of Dehydration
50,Male,63.07,3.12,Moderate,Hydrated
39,Male,76.86,3.77,Moderate,Hydrated
57,Male,87.69,2.2,Low,At Risk of Dehydration
23,Female,68.89,3.81,High,At Risk of Dehydration
54,Male,69.62,2.72,High,At Risk of Dehydration
49,Male,47.95,2.61,Low,At Risk of Dehydration
58,Female,79.86,3.95,High,At Risk of Dehydration
20,Female,56.71,1.91,Moderate,At Risk of Dehydration
36,Female,86.48,3.32,Moderate,Hydrated
30,Female,81.06,3.72,Moderate,Hydrated
40,Female,81.39,1.33,Moderate,At Risk of Dehydration
21,Female,55.81,3.37,Low,At Risk of Dehydration
27,Male,62.79,1.05,High,At Risk of Dehydration
33,Female,79.43,3.26,High,Hydrated
22,Male,71.89,2.2,Low,At Risk of Dehydration
54,Male,53.98,3.27,Moderate,Hydrated
41,Female,61.19,1.56,High,At Risk of Dehydration
19,Female,73.72,1.44,Low,At Risk of Dehydration
37,Male,60.77,3.46,Moderate,At Risk of Dehydration
44,Female,75.59,1.63,Moderate,At Risk of Dehydration
54,Female,45.11,3.79,Low,Hydrated
46,Female,75.1,2.4,Moderate,At Risk of Dehydration
48,Male,81.98,3.32,Moderate,Hydrated
45,Male,83.17,1.99,Low,At Risk of Dehydration
43,Female,99.77,1.02,Moderate,At Risk of Dehydration
24,Female,53.35,1.25,Moderate,At Risk of Dehydration
26,Male,68.86,1.86,Low,At Risk of Dehydration
52,Female,56.72,3.08,Low,Hydrated
53,Male,73.66,2.54,Low,At Risk of Dehydration
44,Male,89.89,2.27,Low,At Risk of Dehydration
33,Male,75.2,3.87,Low,Hydrated
22,Male,83.35,3.16,High,At Risk of Dehydration
40,Male,46.73,1.34,Low,At Risk of Dehydration
55,Male,87.31,3.2,Moderate,At Risk of Dehydration
21,Female,52.83,3.11,Low,At Risk of Dehydration
37,Female,86.03,1.39,Low,At Risk of Dehydration
40,Male,77.59,3.27,Moderate,Hydrated
18,Male,49.46,3.11,High,At Risk of Dehydration
35,Male,65.25,3.55,Low,Hydrated
49,Female,97.12,1.34,Moderate,At Risk of Dehydration
22,Male,84.6,2.65,Low,At Risk of Dehydration
26,Male,84.32,1.62,High,At Risk of Dehydration
38,Female,80.72,1.62,Low,At Risk of Dehydration
31,Female,56.6,1.34,Low,At Risk of Dehydration
53,Male,48.83,3.48,Moderate,Hydrated
48,Male,60.95,2.18,Moderate,Hydrated
52,Male,81.66,3.97,Low,At Risk of Dehydration
40,Male,62.31,3.47,Moderate,Hydrated
45,Female,58.37,1.56,Moderate,At Risk of Dehydration
52,Male,86.73,1.58,Low,At Risk of Dehydration
46,Male,62.79,1.63,Moderate,At Risk of Dehydration
18,Female,78.21,1.88,Moderate,At Risk of Dehydration
59,Female,83.82,2.4,Moderate,At Risk of Dehydration
30,Female,59.42,1.44,High,At Risk of Dehydration
48,Male,78.99,2.59,High,At Risk of Dehydration
30,Male,82.36,2.46,Low,At Risk of Dehydration
45,Female,59.65,3.3,High,Hydrated
26,Female,52.19,2.67,Low,At Risk of Dehydration
29,Female,65.87,1.67,Moderate,At Risk of Dehydration
56,Male,51.78,2.71,Moderate,At Risk of Dehydration
48,Female,77.4,3.26,High,Hydrated
51,Male,98.66,2.84,Moderate,Hydrated
50,Male,52.58,3.86,Low,Hydrated
25,Male,45.27,2.17,High,At Risk of Dehydration
35,Male,52.61,1.1,High,At Risk of Dehydration
49,Female,89.0,3.13,High,At Risk of Dehydration
46,Female,66.34,2.73,Low,At Risk of Dehydration
27,Male,77.84,3.48,High,At Risk of Dehydration
23,Male,99.68,3.75,High,At Risk of Dehydration
56,Female,58.08,3.02,Low,At Risk of Dehydration
54,Female,89.18,3.92,Moderate,Hydrated
51,Male,79.84,2.97,Moderate,At Risk of Dehydration
50,Female,66.86,3.05,High,At Risk of Dehydration
51,Female,58.56,3.69,High,Hydrated
35,Female,88.06,3.61,Moderate,At Risk of Dehydration
20,Male,88.86,1.46,Moderate,At Risk of Dehydration
30,Male,99.94,1.28,High,At Risk of Dehydration
30,Female,95.85,3.64,Moderate,At Risk of Dehydration
52,Male,48.72,3.64,Moderate,At Risk of Dehydration
48,Female,71.57,1.89,Moderate,At Risk of Dehydration
56,Male,92.29,2.85,High,Hydrated
34,Male,67.91,1.99,Moderate,Hydrated
18,Male,46.51,2.14,Low,At Risk of Dehydration
24,Male,51.16,2.39,High,At Risk of Dehydration
46,Female,90.44,1.83,Moderate,At Risk of Dehydration
44,Male,67.95,2.75,Moderate,Hydrated
43,Female,81.29,2.23,Moderate,At Risk of Dehydration
37,Female,96.48,3.64,Low,At Risk of Dehydration
40,Female,63.38,3.13,Low,Hydrated
39,Male,53.64,2.6,Low,Hydrated
56,Male,96.9,1.79,High,At Risk of Dehydration
55,Male,50.15,1.62,Moderate,At Risk of Dehydration
48,Male,56.45,2.87,High,At Risk of Dehydration
36,Male,49.8,2.03,Low,At Risk of Dehydration
50,Female,95.18,1.38,Moderate,Hydrated
37,Male,66.95,3.59,Moderate,Hydrated
18,Male,66.69,2.38,High,At Risk of Dehydration
55,Male,61.87,2.38,Moderate,At Risk of Dehydration
31,Male,84.22,1.03,Moderate,At Risk of Dehydration
27,Female,62.5,3.58,Moderate,Hydrated
52,Male,83.3,2.06,Low,At Risk of Dehydration
47,Female,90.1,1.41,High,At Risk of Dehydration
33,Male,89.42,1.88,Low,At Risk of Dehydration
23,Male,85.45,3.51,High,Hydrated
43,Male,49.56,1.91,High,At Risk of Dehydration
57,Female,63.49,3.68,High,Hydrated
40,Female,93.11,3.92,Low,Hydrated
48,Male,90.66,1.22,Moderate,At Risk of Dehydration
34,Female,83.62,2.15,Low,At Risk of Dehydration
40,Female,85.87,3.62,Moderate,At Risk of Dehydration
47,Female,77.33,1.8,Low,At Risk of Dehydration
37,Female,64.3,2.91,Moderate,Hydrated
40,Female,73.64,2.81,High,Hydrated
58,Female,81.61,3.66,High,At Risk of Dehydration
23,Female,88.31,3.07,High,At Risk of Dehydration
40,Female,88.68,1.63,High,At Risk of Dehydration
23,Male,87.17,2.9,Low,At Risk of Dehydration
28,Male,88.25,1.47,High,At Risk of Dehydration
59,Female,52.01,1.93,High,At Risk of Dehydration
43,Male,67.73,2.51,Moderate,Hydrated
41,Male,83.86,1.12,High,At Risk of Dehydration
43,Male,54.64,2.92,Low,At Risk of Dehydration
58,Female,88.33,2.24,High,At Risk of Dehydration
44,Female,82.05,2.07,Low,At Risk of Dehydration
22,Male,96.39,3.2,High,At Risk of Dehydration
45,Female,63.32,3.74,Low,At Risk of Dehydration
30,Male,67.92,1.46,Moderate,At Risk of Dehydration
54,Female,85.59,3.96,Low,Hydrated
31,Male,64.62,1.48,Low,At Risk of Dehydration
41,Male,72.83,1.09,Low,At Risk of Dehydration
53,Male,81.96,2.55,Moderate,At Risk of Dehydration
28,Female,59.85,2.57,Moderate,At Risk of Dehydration
50,Female,82.6,3.23,High,Hydrated
49,Male,54.82,3.31,High,Hydrated
44,Female,91.96,2.84,High,At Risk of Dehydration
52,Male,93.64,3.96,High,Hydrated
55,Female,85.39,3.4,High,Hydrated
33,Male,50.74,1.43,High,At Risk of Dehydration
29,Female,87.86,1.17,High,At Risk of Dehydration
36,Female,61.83,3.11,Low,Hydrated
42,Female,98.7,1.14,Low,At Risk of Dehydration
24,Male,79.42,3.26,High,Hydrated
40,Male,68.55,1.39,High,At Risk of Dehydration
56,Female,96.59,3.89,Low,Hydrated
56,Male,51.99,2.23,Moderate,Hydrated
23,Male,64.55,3.9,High,Hydrated
38,Male,56.68,1.87,Moderate,At Risk of Dehydration
50,Female,65.52,3.69,Low,Hydrated
30,Female,77.08,2.05,Moderate,At Risk of Dehydration
37,Female,45.73,1.09,Low,At Risk of Dehydration
21,Female,85.47,3.46,Low,Hydrated
59,Female,62.9,3.71,Moderate,Hydrated
35,Female,78.65,2.99,Low,At Risk of Dehydration
51,Female,90.12,3.41,High,At Risk of Dehydration
58,Male,51.51,3.22,Moderate,At Risk of Dehydration
28,Female,83.18,3.49,Low,Hydrated
57,Female,85.55,3.78,Moderate,Hydrated
30,Male,60.36,3.09,Low,Hydrated
44,Female,92.44,3.13,Low,Hydrated
52,Male,59.51,1.35,High,At Risk of Dehydration
39,Female,72.27,1.74,Low,At Risk of Dehydration
35,Male,76.85,2.1,High,At Risk of Dehydration
22,Male,77.83,1.05,Moderate,At Risk of Dehydration
49,Male,82.03,3.29,High,Hydrated
20,Male,99.44,1.52,Low,At Risk of Dehydration
20,Male,57.91,3.27,Moderate,At Risk of Dehydration
40,Female,51.55,1.77,Low,At Risk of Dehydration
53,Female,57.85,1.97,Low,At Risk of Dehydration
44,Female,52.43,1.82,High,At Risk of Dehydration
32,Female,74.78,3.04,Moderate,At Risk of Dehydration
24,Female,64.56,2.72,Moderate,At Risk of Dehydration
32,Female,50.17,2.0,Low,At Risk of Dehydration
41,Female,91.86,3.29,High,Hydrated
45,Male,51.39,2.73,Moderate,At Risk of Dehydration
56,Female,94.32,1.74,High,At Risk of Dehydration
21,Male,89.52,2.42,Moderate,At Risk of Dehydration
33,Female,66.84,1.45,Moderate,At Risk of Dehydration
27,Female,96.96,3.87,Moderate,Hydrated
56,Male,54.13,2.83,Moderate,Hydrated
26,Female,70.85,3.96,Low,Hydrated
28,Male,72.73,1.63,Moderate,At Risk of Dehydration
44,Male,83.5,1.37,High,At Risk of Dehydration
58,Female,64.76,3.46,Moderate,Hydrated
43,Female,93.23,1.88,Low,At Risk of Dehydration
27,Female,75.01,2.55,High,At Risk of Dehydration
53,Male,82.37,3.89,High,At Risk of Dehydration
49,Male,45.84,1.36,Moderate,At Risk of Dehydration
47,Male,80.92,1.32,High,At Risk of Dehydration
46,Male,80.66,3.93,Low,Hydrated
18,Female,57.24,2.07,High,At Risk of Dehydration
51,Female,52.52,2.39,Moderate,Hydrated
34,Male,97.77,2.78,Low,At Risk of Dehydration
19,Female,94.77,1.56,Low,Hydrated
29,Female,69.2,1.34,High,At Risk of Dehydration
26,Female,97.45,2.58,High,At Risk of Dehydration
54,Female,96.57,2.89,Low,At Risk of Dehydration
51,Female,69.38,3.55,Low,At Risk of Dehydration
24,Female,56.59,3.62,Moderate,Hydrated
58,Male,91.31,3.42,High,At Risk of Dehydration
42,Female,99.04,3.22,Low,At Risk of Dehydration
23,Female,99.28,3.05,High,At Risk of Dehydration
39,Male,96.92,1.69,Moderate,At Risk of Dehydration
27,Male,79.04,1.9,Moderate,At Risk of Dehydration
23,Male,79.64,1.98,Low,At Risk of Dehydration
51,Male,86.73,3.27,High,At Risk of Dehydration
57,Female,78.2,2.22,Low,At Risk of Dehydration
26,Male,50.85,2.67,Moderate,Hydrated
20,Female,66.69,3.8,Moderate,Hydrated
26,Male,86.12,3.12,Low,At Risk of Dehydration
39,Male,62.52,1.05,High,At Risk of Dehydration
53,Female,63.35,1.25,High,At Risk of Dehydration
44,Male,59.33,2.83,High,At Risk of Dehydration
41,Male,71.61,3.11,Low,At Risk of Dehydration
19,Male,79.92,3.28,Moderate,Hydrated
31,Male,87.32,2.83,Moderate,At Risk of Dehydration
46,Male,45.43,1.17,High,At Risk of Dehydration
18,Male,91.53,1.99,High,At Risk of Dehydration
39,Male,79.01,2.58,High,At Risk of Dehydration
55,Female,51.92,1.79,Moderate,At Risk of Dehydration
39,Female,87.83,1.11,High,At Risk of Dehydration
37,Female,79.38,1.36,High,At Risk of Dehydration
20,Female,56.57,2.52,Low,At Risk of Dehydration
41,Female,86.03,3.53,Low,Hydrated
18,Male,79.75,3.48,Moderate,Hydrated
27,Female,70.61,2.75,Moderate,Hydrated
32,Female,55.3,3.03,High,Hydrated
53,Male,68.4,1.92,Moderate,At Risk of Dehydration
31,Male,71.55,3.41,Low,At Risk of Dehydration
36,Female,79.63,1.34,Low,At Risk of Dehydration
43,Female,63.98,3.07,Moderate,Hydrated
50,Female,63.4,2.77,Low,At Risk of Dehydration
43,Male,50.19,1.47,Moderate,At Risk of Dehydration
52,Female,81.28,2.86,Low,Hydrated
26,Male,49.63,2.69,Moderate,At Risk of Dehydration
48,Male,53.5,1.6,Low,At Risk of Dehydration
33,Female,68.67,2.5,Low,At Risk of Dehydration
59,Male,89.28,1.81,Moderate,Hydrated
25,Female,63.29,3.99,Moderate,Hydrated
40,Female,58.96,2.61,High,At Risk of Dehydration
39,Male,80.55,3.24,High,At Risk of Dehydration
38,Male,64.59,1.78,Moderate,At Risk of Dehydration
59,Male,51.05,3.23,Moderate,Hydrated
21,Male,66.26,1.93,High,At Risk of Dehydration
30,Female,47.93,2.65,Low,At Risk of Dehydration
24,Male,47.38,2.98,Moderate,Hydrated
48,Male,75.03,1.57,Moderate,At Risk of Dehydration
40,Female,79.36,2.16,High,At Risk of Dehydration
52,Male,90.28,1.51,Moderate,At Risk of Dehydration
26,Female,81.44,2.81,Moderate,Hydrated
48,Female,75.72,1.34,Moderate,At Risk of Dehydration
37,Male,77.9,3.96,High,Hydrated
46,Female,50.64,3.2,Moderate,Hydrated
24,Female,45.3,3.59,Moderate,At Risk of Dehydration
25,Male,49.86,2.45,High,Hydrated
51,Male,54.68,3.55,Low,Hydrated
40,Female,71.35,2.97,Low,Hydrated
31,Male,64.77,3.25,Low,Hydrated
22,Female,88.07,3.54,Moderate,Hydrated
40,Male,64.57,2.7,High,At Risk of Dehydration
27,Male,88.7,1.55,Moderate,At Risk of Dehydration
31,Female,84.92,1.11,Low,At Risk of Dehydration
25,Female,98.11,2.32,Low,At Risk of Dehydration
36,Male,92.97,3.69,High,At Risk of Dehydration
53,Male,85.07,3.03,High,At Risk of Dehydration
37,Female,72.04,3.93,Moderate,Hydrated
44,Female,57.95,3.32,Moderate,At Risk of Dehydration
55,Female,47.98,3.93,Moderate,Hydrated
35,Male,95.47,1.9,Moderate,At Risk of Dehydration
36,Male,52.06,3.24,Moderate,Hydrated
57,Female,73.77,1.23,High,At Risk of Dehydration
26,Female,72.44,3.02,Low,Hydrated
30,Male,72.51,1.37,High,At Risk of Dehydration
33,Male,66.78,1.23,Low,At Risk of Dehydration
57,Female,76.07,3.18,High,Hydrated
56,Male,46.48,3.98,Moderate,Hydrated
23,Male,76.47,2.94,High,At Risk of Dehydration
25,Female,56.72,2.18,Low,At Risk of Dehydration
36,Female,71.7,3.8,Moderate,Hydrated
54,Female,89.1,1.78,High,At Risk of Dehydration
32,Female,54.76,2.1,Moderate,Hydrated
48,Male,99.56,3.48,High,At Risk of Dehydration
42,Female,50.94,3.22,Moderate,At Risk of Dehydration
40,Female,63.83,2.31,Low,At Risk of Dehydration
44,Male,63.03,1.79,Low,At Risk of Dehydration
35,Male,62.23,1.06,Moderate,At Risk of Dehydration
23,Female,96.93,3.56,Low,At Risk of Dehydration
34,Male,89.62,3.49,Low,At Risk of Dehydration
25,Male,61.91,2.08,Low,At Risk of Dehydration
38,Male,50.89,1.57,Low,Hydrated
32,Female,76.5,3.71,High,Hydrated
19,Female,66.94,1.87,Low,At Risk of Dehydration
33,Male,69.8,2.09,Moderate,At Risk of Dehydration
32,Female,66.54,2.93,Moderate,At Risk of Dehydration
46,Female,90.2,2.76,High,At Risk of Dehydration
41,Female,71.0,3.09,Moderate,At Risk of Dehydration
19,Female,81.8,1.11,Low,At Risk of Dehydration
34,Male,72.26,2.23,Low,At Risk of Dehydration
48,Male,88.61,3.24,Low,Hydrated
50,Female,92.29,3.49,High,At Risk of Dehydration
43,Female,64.53,3.58,High,At Risk of Dehydration
47,Male,60.88,1.75,Low,At Risk of Dehydration
39,Male,51.84,2.41,Low,At Risk of Dehydration
57,Female,51.0,2.81,High,At Risk of Dehydration
54,Female,89.0,2.06,High,At Risk of Dehydration
24,Male,99.89,2.6,High,At Risk of Dehydration
53,Male,50.58,3.06,Low,At Risk of Dehydration
31,Female,68.31,1.08,Moderate,At Risk of Dehydration
25,Female,97.68,3.98,Moderate,Hydrated
38,Male,80.56,3.59,Moderate,Hydrated
51,Female,94.35,1.42,Moderate,At Risk of Dehydration
22,Male,77.57,2.77,High,At Risk of Dehydration
54,Male,85.29,3.54,High,Hydrated
48,Male,91.08,1.03,Low,At Risk of Dehydration
53,Male,98.28,3.62,High,At Risk of Dehydration
41,Female,59.23,1.69,Moderate,At Risk of Dehydration
43,Male,98.77,2.48,Low,At Risk of Dehydration
41,Female,74.34,2.75,Moderate,At Risk of Dehydration
38,Female,60.0,3.36,Low,Hydrated
42,Male,74.68,1.97,High,At Risk of Dehydration
30,Male,53.18,2.13,High,Hydrated
55,Male,73.3,1.47,Moderate,At Risk of Dehydration
59,Female,53.45,2.37,Moderate,Hydrated
42,Male,70.18,3.13,High,Hydrated
20,Male,96.27,1.1,High,At Risk of Dehydration
29,Female,92.88,1.43,Moderate,At Risk of Dehydration
22,Male,64.56,2.53,Moderate,At Risk of Dehydration
44,Female,67.52,2.45,Low,At Risk of Dehydration
34,Female,95.02,2.18,Moderate,At Risk of Dehydration
35,Female,47.77,2.5,High,Hydrated
58,Male,53.49,2.25,Low,At Risk of Dehydration
31,Female,89.25,3.95,Moderate,At Risk of Dehydration
40,Female,88.86,2.99,Low,At Risk of Dehydration
24,Male,90.39,3.12,Moderate,At Risk of Dehydration
52,Male,78.75,1.96,Moderate,At Risk of Dehydration
47,Female,86.04,2.03,Low,At Risk of Dehydration
27,Female,88.54,1.33,Low,At Risk of Dehydration
34,Female,87.19,3.17,High,At Risk of Dehydration
41,Female,85.85,3.8,Moderate,At Risk of Dehydration
25,Female,80.87,2.57,Low,At Risk of Dehydration
33,Female,89.51,2.06,High,At Risk of Dehydration
46,Female,49.96,3.86,Moderate,Hydrated
50,Male,46.9,2.19,Low,At Risk of Dehydration
42,Male,60.69,3.07,Low,Hydrated
35,Female,64.17,1.64,Moderate,At Risk of Dehydration
39,Female,60.81,3.75,Moderate,Hydrated
34,Male,62.79,1.37,Low,At Risk of Dehydration
45,Male,67.36,3.7,Low,Hydrated
26,Female,69.66,1.27,Moderate,At Risk of Dehydration
58,Female,87.46,3.39,Moderate,At Risk of Dehydration
40,Female,66.12,1.15,Low,At Risk of Dehydration
27,Male,49.38,2.03,Moderate,At Risk of Dehydration
35,Male,45.57,1.84,Moderate,At Risk of Dehydration
48,Female,69.99,3.24,Moderate,Hydrated
34,Female,62.11,3.85,Low,Hydrated
33,Female,73.21,3.66,High,At Risk of Dehydration
21,Male,78.88,3.76,Moderate,Hydrated
24,Female,60.93,3.47,High,At Risk of Dehydration
54,Male,93.23,3.44,Moderate,Hydrated
40,Male,96.9,2.95,Low,Hydrated
38,Male,87.29,1.14,High,At Risk of Dehydration
41,Male,74.34,3.41,Moderate,Hydrated
42,Female,55.22,2.46,Moderate,At Risk of Dehydration
56,Female,53.75,3.66,High,Hydrated
44,Male,61.59,3.05,Moderate,Hydrated
33,Male,54.19,1.18,Low,At Risk of Dehydration
35,Female,63.67,1.79,Low,At Risk of Dehydration
50,Male,89.61,3.68,High,At Risk of Dehydration
53,Female,51.58,3.76,Moderate,Hydrated
43,Male,97.44,3.82,Low,Hydrated
45,Male,98.43,2.22,High,At Risk of Dehydration
24,Male,91.13,2.63,Moderate,At Risk of Dehydration
40,Male,49.58,1.69,High,At Risk of Dehydration
27,Male,77.61,2.04,High,Hydrated
30,Female,82.93,1.41,High,At Risk of Dehydration
53,Male,53.2,2.86,Moderate,Hydrated
31,Male,60.25,3.38,Low,Hydrated
45,Male,55.85,1.93,Low,At Risk of Dehydration
25,Male,92.01,1.49,Low,At Risk of Dehydration
24,Female,89.21,1.55,Moderate,At Risk of Dehydration
43,Female,55.84,1.65,Moderate,At Risk of Dehydration
49,Female,60.5,3.19,Low,At Risk of Dehydration
19,Female,83.0,2.3,Low,At Risk of Dehydration
57,Male,98.87,1.86,Low,At Risk of Dehydration
18,Male,90.34,2.95,High,Hydrated
37,Female,66.12,3.84,High,At Risk of Dehydration
23,Male,68.03,2.44,Moderate,At Risk of Dehydration
44,Female,76.16,1.51,Low,At Risk of Dehydration
44,Female,80.12,3.1,High,At Risk of Dehydration
56,Male,66.05,3.54,Low,Hydrated
42,Male,58.96,1.43,High,At Risk of Dehydration
36,Male,70.43,3.16,Low,At Risk of Dehydration
53,Female,79.94,1.54,Moderate,At Risk of Dehydration
46,Male,46.58,1.43,High,At Risk of Dehydration
30,Male,67.62,3.37,Moderate,Hydrated
29,Female,62.21,2.24,High,At Risk of Dehydration
23,Male,99.62,1.42,High,Hydrated
49,Female,80.78,1.63,High,At Risk of Dehydration
31,Female,53.87,3.6,Moderate,Hydrated
21,Male,48.54,2.73,Low,Hydrated
40,Male,75.85,2.49,Moderate,At Risk of Dehydration
56,Female,46.42,2.74,Moderate,At Risk of Dehydration
51,Female,70.19,2.89,High,At Risk of Dehydration
46,Female,85.57,1.31,Moderate,At Risk of Dehydration
41,Male,63.09,3.09,Moderate,At Risk of Dehydration
23,Male,59.55,2.92,Moderate,Hydrated
24,Male,87.34,3.49,Low,Hydrated
24,Male,80.04,3.36,High,At Risk of Dehydration
57,Male,77.38,2.06,Low,At Risk of Dehydration
33,Male,69.03,1.06,Low,At Risk of Dehydration
37,Female,85.17,3.04,Low,Hydrated
47,Female,61.8,1.5,Low,At Risk of Dehydration
54,Female,98.81,1.62,Moderate,At Risk of Dehydration
44,Female,73.32,3.92,Moderate,Hydrated
34,Male,50.15,1.15,Moderate,At Risk of Dehydration
29,Male,50.54,3.92,High,Hydrated
40,Female,69.66,2.01,Low,At Risk of Dehydration
22,Female,56.76,1.74,High,At Risk of Dehydration
55,Male,68.34,3.76,Moderate,Hydrated
43,Male,99.35,3.99,Moderate,Hydrated
45,Female,84.81,3.02,High,At Risk of Dehydration
30,Male,65.72,2.83,Moderate,At Risk of Dehydration
44,Male,73.89,2.41,High,At Risk of Dehydration
38,Female,57.18,2.71,High,At Risk of Dehydration
53,Male,55.0,2.04,Low,Hydrated
40,Female,60.88,2.11,High,At Risk of Dehydration
27,Male,67.63,2.6,Moderate,At Risk of Dehydration
53,Male,87.48,2.39,High,At Risk of Dehydration
51,Male,60.58,2.2,Low,At Risk of Dehydration
40,Male,61.26,1.2,Moderate,At Risk of Dehydration
21,Male,74.45,3.94,Moderate,Hydrated
48,Female,71.79,2.4,Moderate,At Risk of Dehydration
50,Female,73.64,1.73,Moderate,At Risk of Dehydration
22,Male,72.8,1.11,Low,At Risk of Dehydration
59,Male,58.51,3.23,Low,Hydrated
52,Female,54.42,3.84,High,At Risk of Dehydration
36,Female,51.84,3.15,Low,Hydrated
18,Male,57.27,2.29,High,At Risk of Dehydration
45,Female,73.4,3.12,Moderate,At Risk of Dehydration
53,Female,48.12,3.04,Low,Hydrated
41,Female,90.9,3.94,Moderate,Hydrated
26,Male,75.98,1.94,Low,At Risk of Dehydration
42,Female,82.3,1.76,Low,At Risk of Dehydration
24,Male,76.85,2.22,Moderate,At Risk of Dehydration
21,Female,77.48,3.51,Moderate,Hydrated
38,Female,94.12,1.31,Low,At Risk of Dehydration
36,Female,95.15,2.43,Moderate,At Risk of Dehydration
29,Female,75.73,2.84,Moderate,At Risk of Dehydration
26,Male,51.95,2.27,Moderate,At Risk of Dehydration
19,Male,47.34,1.3,Moderate,At Risk of Dehydration
23,Male,62.95,1.79,Moderate,At Risk of Dehydration
45,Male,77.17,3.47,Moderate,Hydrated
43,Male,56.47,1.71,High,At Risk of Dehydration
38,Male,69.19,1.67,Moderate,Hydrated
32,Male,49.49,2.98,Low,At Risk of Dehydration
41,Female,79.97,1.95,Moderate,At Risk of Dehydration
46,Female,82.41,3.61,High,At Risk of Dehydration
51,Male,86.2,1.31,Low,At Risk of Dehydration
22,Male,90.05,2.77,Moderate,Hydrated
49,Female,96.94,1.97,Moderate,At Risk of Dehydration
42,Female,76.93,1.98,Low,At Risk of Dehydration
30,Male,97.85,3.07,Moderate,At Risk of Dehydration
55,Female,68.15,3.32,Moderate,At Risk of Dehydration
34,Female,55.94,3.91,High,Hydrated
40,Female,67.79,2.4,Moderate,At Risk of Dehydration
30,Male,45.37,3.11,Moderate,Hydrated
40,Male,55.7,1.73,Moderate,At Risk of Dehydration
55,Male,96.1,2.33,High,At Risk of Dehydration
49,Female,71.66,3.73,Moderate,Hydrated
38,Female,62.35,2.75,High,At Risk of Dehydration
44,Male,97.66,3.24,Low,Hydrated
44,Male,81.27,1.74,High,At Risk of Dehydration
59,Female,65.39,3.79,High,At Risk of Dehydration
59,Male,92.89,3.77,Low,Hydrated
47,Female,64.74,1.37,High,At Risk of Dehydration
22,Male,48.47,1.43,Low,At Risk of Dehydration
49,Female,86.33,3.34,High,At Risk of Dehydration
40,Female,63.63,2.44,Moderate,At Risk of Dehydration
50,Female,86.27,1.6,Low,At Risk of Dehydration
53,Female,96.87,1.99,High,At Risk of Dehydration
53,Female,73.75,3.12,Low,Hydrated
35,Male,94.99,2.54,Moderate,At Risk of Dehydration
50,Female,81.53,2.49,Low,At Risk of Dehydration
18,Female,71.25,3.13,High,At Risk of Dehydration
51,Male,58.43,2.26,Low,Hydrated
58,Male,58.19,1.16,Moderate,At Risk of Dehydration
50,Female,53.13,1.32,Low,At Risk of Dehydration
24,Male,91.26,2.38,High,At Risk of Dehydration
31,Male,99.55,1.61,Moderate,At Risk of Dehydration
34,Male,67.59,2.3,High,At Risk of Dehydration
34,Female,88.06,2.08,Low,At Risk of Dehydration
49,Female,81.03,1.36,Low,At Risk of Dehydration
22,Female,92.28,3.4,Moderate,Hydrated
19,Female,82.33,2.43,Moderate,At Risk of Dehydration
27,Male,52.24,2.49,Low,Hydrated
55,Male,83.78,2.5,Low,At Risk of Dehydration
26,Female,92.08,2.27,Moderate,Hydrated
47,Female,65.8,3.96,Moderate,Hydrated
28,Female,85.38,1.07,Moderate,At Risk of Dehydration
38,Female,55.58,1.53,Moderate,At Risk of Dehydration
44,Male,98.0,2.1,Moderate,At Risk of Dehydration
22,Male,71.77,1.96,Moderate,At Risk of Dehydration
31,Female,77.68,3.8,Low,Hydrated
39,Male,86.14,3.1,High,At Risk of Dehydration
48,Female,91.87,2.27,High,At Risk of Dehydration
43,Male,57.8,3.04,High,At Risk of Dehydration
22,Male,79.66,3.32,Moderate,At Risk of Dehydration
47,Female,57.26,1.78,Moderate,At Risk of Dehydration
55,Female,63.47,2.56,Moderate,At Risk of Dehydration
25,Female,82.19,2.09,Low,At Risk of Dehydration
23,Male,96.12,3.16,High,Hydrated
22,Female,69.12,2.7,Low,At Risk of Dehydration
18,Male,68.33,1.59,High,At Risk of Dehydration
29,Female,57.15,3.82,High,Hydrated
58,Male,50.9,1.59,Moderate,At Risk of Dehydration
43,Female,72.55,2.43,Low,At Risk of Dehydration
47,Female,49.29,3.48,High,Hydrated
55,Male,48.26,2.22,Low,At Risk of Dehydration
35,Female,84.83,2.81,Low,At Risk of Dehydration
53,Female,92.91,3.73,Low,At Risk of Dehydration
34,Male,81.76,1.33,Low,At Risk of Dehydration
43,Female,53.04,1.49,Low,At Risk of Dehydration
28,Male,70.67,3.81,Low,Hydrated
23,Male,77.76,2.66,Low,At Risk of Dehydration
29,Female,98.28,2.97,Moderate,Hydrated
29,Male,81.73,3.43,Low,Hydrated
52,Male,95.12,3.8,Moderate,At Risk of Dehydration
18,Male,71.24,2.75,High,Hydrated
59,Female,68.91,3.91,High,Hydrated
33,Male,88.99,2.48,Moderate,At Risk of Dehydration
30,Female,49.4,2.33,High,At Risk of Dehydration
34,Female,72.63,3.78,Low,Hydrated
21,Female,55.8,3.68,Low,Hydrated
54,Female,48.77,3.78,Low,At Risk of Dehydration
26,Male,93.63,1.57,Low,At Risk of Dehydration
32,Female,74.42,1.46,High,At Risk of Dehydration
42,Male,82.98,2.77,High,Hydrated
51,Female,52.3,2.32,Moderate,At Risk of Dehydration
54,Female,47.58,2.36,High,At Risk of Dehydration
35,Female,97.87,3.86,Low,Hydrated
21,Male,79.65,2.43,High,At Risk of Dehydration
57,Female,81.95,2.08,Moderate,Hydrated
58,Female,72.94,1.45,Low,At Risk of Dehydration
19,Male,87.41,2.39,Low,Hydrated
37,Female,65.74,1.8,Low,At Risk of Dehydration
44,Male,69.79,1.53,Low,At Risk of Dehydration
18,Male,94.62,1.03,Low,At Risk of Dehydration
29,Female,97.67,1.91,Moderate,At Risk of Dehydration
53,Male,72.31,1.36,Low,At Risk of Dehydration
49,Female,51.54,4.0,Moderate,Hydrated
18,Female,60.81,2.97,Low,Hydrated
36,Male,65.19,2.18,Low,At Risk of Dehydration
32,Female,63.74,3.09,Low,At Risk of Dehydration
35,Male,49.61,2.53,Low,Hydrated
53,Female,76.95,2.68,Low,At Risk of Dehydration
20,Male,57.44,3.98,High,Hydrated
42,Female,94.4,3.56,Moderate,At Risk of Dehydration
42,Male,50.59,1.16,Moderate,At Risk of Dehydration
49,Male,55.59,2.49,Moderate,At Risk of Dehydration
50,Male,64.27,2.7,Moderate,At Risk of Dehydration
31,Female,96.56,2.19,High,At Risk of Dehydration
27,Male,52.74,1.98,Moderate,At Risk of Dehydration
53,Female,85.51,1.01,High,At Risk of Dehydration
37,Female,87.69,3.96,Moderate,Hydrated
54,Female,70.9,3.25,High,At Risk of Dehydration
37,Female,94.38,3.45,High,At Risk of Dehydration
49,Female,74.19,1.97,High,At Risk of Dehydration
34,Male,82.44,1.79,High,At Risk of Dehydration
46,Male,87.98,1.24,Moderate,At Risk of Dehydration
29,Female,90.09,2.06,Moderate,At Risk of Dehydration
26,Male,62.07,3.68,Moderate,At Risk of Dehydration
39,Female,69.34,3.68,High,Hydrated
48,Male,54.44,2.62,High,At Risk of Dehydration
30,Female,47.16,2.17,Moderate,At Risk of Dehydration
45,Male,49.48,1.01,High,At Risk of Dehydration
53,Male,96.03,3.92,High,Hydrated
19,Male,80.94,2.77,High,At Risk of Dehydration
34,Female,73.28,3.23,Moderate,Hydrated
45,Female,88.11,1.05,Low,At Risk of Dehydration
50,Male,70.46,1.34,Low,At Risk of Dehydration
47,Male,70.97,3.16,High,Hydrated
48,Female,71.75,3.25,Low,Hydrated
39,Female,62.41,2.09,High,At Risk of Dehydration
59,Male,60.28,1.97,Moderate,At Risk of Dehydration
57,Male,47.19,2.05,High,At Risk of Dehydration
31,Male,61.24,3.77,High,At Risk of Dehydration
46,Female,85.68,1.0,Low,At Risk of Dehydration
56,Female,67.46,3.25,Moderate,Hydrated
28,Female,79.15,3.16,Moderate,At Risk of Dehydration
59,Male,71.47,1.02,High,At Risk of Dehydration
59,Male,93.98,3.27,High,Hydrated
39,Male,72.89,2.92,High,At Risk of Dehydration
25,Female,45.31,3.67,Moderate,Hydrated
59,Male,84.37,3.15,Moderate,Hydrated
33,Male,78.63,3.87,High,Hydrated
30,Female,80.74,1.86,Low,At Risk of Dehydration
35,Female,80.27,1.58,Low,At Risk of Dehydration
20,Male,76.81,2.39,Low,Hydrated
31,Female,95.77,3.65,Low,At Risk of Dehydration
57,Male,69.89,1.29,High,At Risk of Dehydration
24,Male,67.48,2.58,High,At Risk of Dehydration
43,Female,48.0,2.64,High,At Risk of Dehydration
55,Female,77.85,2.11,High,At Risk of Dehydration
39,Male,64.81,1.74,High,At Risk of Dehydration
45,Female,83.85,1.1,Low,At Risk of Dehydration
35,Female,65.91,3.05,Low,Hydrated
22,Male,99.74,3.83,Moderate,Hydrated
23,Female,66.39,2.25,Low,Hydrated
24,Female,69.75,2.15,High,At Risk of Dehydration
29,Male,82.28,2.84,Moderate,At Risk of Dehydration
28,Male,62.12,3.56,Moderate,Hydrated
46,Male,93.79,2.16,High,At Risk of Dehydration
31,Male,54.3,1.35,High,At Risk of Dehydration
52,Male,48.89,3.02,Moderate,Hydrated
55,Male,72.35,3.42,Low,Hydrated
50,Female,64.36,3.52,Low,Hydrated
41,Female,99.15,2.11,Low,At Risk of Dehydration
42,Female,60.5,3.13,Low,At Risk of Dehydration
58,Female,67.3,1.29,Low,At Risk of Dehydration
28,Male,95.0,2.31,Low,At Risk of Dehydration
50,Female,85.35,3.13,Low,At Risk of Dehydration
49,Female,69.39,1.58,Low,At Risk of Dehydration
55,Female,90.35,2.95,Low,Hydrated
46,Female,67.8,3.07,Low,Hydrated
24,Female,56.89,1.88,High,At Risk of Dehydration
51,Female,66.63,3.55,Low,Hydrated
39,Male,90.06,3.19,Moderate,At Risk of Dehydration
26,Male,46.86,3.93,Low,Hydrated
52,Male,94.09,3.55,Low,At Risk of Dehydration
46,Female,77.31,1.69,Low,At Risk of Dehydration
29,Female,61.09,2.77,High,At Risk of Dehydration
33,Male,51.28,2.84,Low,At Risk of Dehydration
30,Female,59.23,2.51,Moderate,At Risk of Dehydration
45,Male,49.07,2.76,High,Hydrated
22,Male,77.08,2.79,Low,Hydrated
40,Male,56.72,3.84,Low,At Risk of Dehydration
28,Female,57.65,1.78,Low,At Risk of Dehydration
33,Female,67.52,1.52,Low,At Risk of Dehydration
18,Male,52.78,1.81,High,At Risk of Dehydration
58,Male,56.03,2.36,Moderate,At Risk of Dehydration
55,Male,70.08,3.45,Moderate,At Risk of Dehydration
31,Female,90.82,3.91,Low,Hydrated
48,Female,87.52,2.69,High,At Risk of Dehydration
59,Female,96.0,3.08,Low,Hydrated
39,Female,66.32,1.57,High,At Risk of Dehydration
44,Male,57.53,3.96,Moderate,Hydrated
58,Female,53.01,3.65,Moderate,Hydrated
53,Male,72.58,1.29,Moderate,At Risk of Dehydration
27,Male,54.49,3.97,High,Hydrated
51,Male,50.45,2.37,Moderate,At Risk of Dehydration
41,Male,94.81,1.27,Low,At Risk of Dehydration
30,Male,68.47,2.7,Low,At Risk of Dehydration
46,Male,85.8,3.99,Moderate,At Risk of Dehydration
50,Female,60.66,3.87,High,At Risk of Dehydration
26,Female,77.1,3.94,High,At Risk of Dehydration
23,Female,99.54,2.03,High,At Risk of Dehydration
23,Male,70.53,3.97,Low,Hydrated
43,Female,54.9,1.11,Low,At Risk of Dehydration
22,Male,68.38,3.26,Low,Hydrated
55,Male,89.05,2.38,Low,At Risk of Dehydration
34,Male,45.88,2.08,High,At Risk of Dehydration
36,Male,77.11,1.79,Moderate,At Risk of Dehydration
52,Female,64.46,1.96,Moderate,Hydrated
52,Female,72.64,1.71,Low,At Risk of Dehydration
22,Male,49.96,1.58,High,At Risk of Dehydration
47,Male,72.6,3.34,Low,At Risk of Dehydration
30,Male,75.3,2.76,Moderate,At Risk of Dehydration
49,Female,87.53,3.68,Low,Hydrated
26,Female,92.35,2.22,Low,At Risk of Dehydration
32,Female,58.73,1.94,High,At Risk of Dehydration
23,Female,51.84,1.22,High,At Risk of Dehydration
31,Male,82.43,1.84,High,At Risk of Dehydration
45,Female,53.1,1.36,High,At Risk of Dehydration
35,Male,55.28,3.0,High,At Risk of Dehydration
48,Female,48.52,2.83,High,Hydrated
30,Female,78.84,3.85,Low,Hydrated
30,Female,97.68,2.45,Moderate,Hydrated
40,Female,91.93,1.09,High,At Risk of Dehydration
40,Male,58.26,1.0,Low,At Risk of Dehydration
25,Male,66.66,1.4,Low,At Risk of Dehydration
22,Female,90.57,2.06,High,At Risk of Dehydration
49,Male,78.67,2.33,Moderate,At Risk of Dehydration
22,Female,60.11,3.35,Moderate,At Risk of Dehydration
20,Female,95.39,3.02,Moderate,Hydrated
57,Female,96.56,2.7,Low,At Risk of Dehydration
27,Male,78.26,3.26,Low,Hydrated
42,Female,82.34,2.91,Low,At Risk of Dehydration
41,Female,91.99,1.68,High,At Risk of Dehydration
33,Female,50.55,1.4,Low,At Risk of Dehydration
53,Male,96.12,1.3,Low,At Risk of Dehydration
34,Female,82.24,2.84,Moderate,Hydrated
53,Male,48.03,3.72,Moderate,Hydrated
28,Male,68.63,3.33,High,At Risk of Dehydration
28,Male,83.59,1.02,Low,At Risk of Dehydration
21,Male,52.41,1.16,Moderate,At Risk of Dehydration
38,Female,62.56,1.98,Moderate,At Risk of Dehydration
20,Male,86.79,2.42,High,At Risk of Dehydration
55,Female,99.33,1.88,High,At Risk of Dehydration
38,Male,85.82,1.45,Moderate,At Risk of Dehydration
50,Male,50.02,3.27,Moderate,At Risk of Dehydration
50,Female,59.35,2.65,Low,At Risk of Dehydration
34,Female,95.83,1.86,Low,At Risk of Dehydration
46,Male,56.9,3.69,High,Hydrated
29,Male,65.92,3.58,Low,Hydrated
57,Female,78.84,2.24,Moderate,Hydrated
50,Female,83.78,1.61,High,At Risk of Dehydration
21,Male,57.0,2.42,Moderate,Hydrated
53,Female,93.61,3.64,Low,At Risk of Dehydration
20,Female,62.94,3.54,Low,At Risk of Dehydration
42,Male,78.4,2.94,High,At Risk of Dehydration
35,Male,54.97,3.9,Moderate,At Risk of Dehydration
48,Male,66.25,1.97,High,At Risk of Dehydration
35,Female,76.01,1.72,Moderate,At Risk of Dehydration
44,Female,75.72,2.98,Low,At Risk of Dehydration
28,Female,87.55,3.16,Moderate,At Risk of Dehydration
56,Female,51.69,1.26,High,At Risk of Dehydration
26,Female,88.45,1.16,Moderate,At Risk of Dehydration
33,Female,94.92,3.05,High,At Risk of Dehydration
23,Male,76.61,2.11,High,At Risk of Dehydration
18,Female,58.55,2.62,Low,Hydrated
54,Male,67.23,3.36,High,At Risk of Dehydration
31,Female,92.04,1.97,Low,At Risk of Dehydration
48,Female,45.35,2.81,Moderate,Hydrated
49,Male,91.75,3.86,Moderate,Hydrated
24,Female,96.73,3.66,Low,Hydrated
50,Female,57.78,1.2,High,At Risk of Dehydration
38,Female,94.28,1.12,High,At Risk of Dehydration
47,Female,76.8,2.18,High,Hydrated
26,Female,87.56,1.64,Low,At Risk of Dehydration
27,Male,83.93,1.95,High,At Risk of Dehydration
52,Male,86.43,3.4,Low,Hydrated
41,Male,99.25,1.7,High,At Risk of Dehydration
59,Male,53.42,2.92,Low,Hydrated
32,Male,71.16,3.79,High,Hydrated
55,Female,61.0,3.35,Moderate,Hydrated
38,Female,90.83,1.6,High,At Risk of Dehydration
39,Female,71.39,2.72,Moderate,At Risk of Dehydration
46,Female,58.54,3.94,Low,At Risk of Dehydration
57,Male,50.21,3.0,Low,Hydrated
52,Female,83.14,2.69,Moderate,At Risk of Dehydration
39,Female,99.54,2.8,High,Hydrated
58,Female,95.65,1.64,High,At Risk of Dehydration
56,Male,46.95,1.97,Low,At Risk of Dehydration
20,Male,54.74,3.25,Low,Hydrated
41,Female,92.75,2.46,Moderate,At Risk of Dehydration
28,Female,90.23,2.35,High,At Risk of Dehydration
33,Male,69.19,1.25,High,At Risk of Dehydration
58,Female,54.32,3.16,Low,Hydrated
43,Male,83.07,1.64,Moderate,At Risk of Dehydration
52,Female,99.59,2.46,Moderate,Hydrated
33,Male,79.49,3.05,High,Hydrated
40,Male,64.38,1.58,Low,At Risk of Dehydration
54,Male,90.69,1.91,High,At Risk of Dehydration
53,Male,81.32,2.04,High,At Risk of Dehydration
41,Male,86.11,1.65,Low,At Risk of Dehydration
57,Female,59.62,2.84,High,At Risk of Dehydration
45,Male,64.67,1.28,Low,At Risk of Dehydration
52,Male,45.04,3.58,Moderate,Hydrated
49,Female,65.48,1.35,Low,At Risk of Dehydration
38,Female,72.64,1.44,Low,At Risk of Dehydration
25,Male,59.5,3.42,Moderate,At Risk of Dehydration
36,Male,76.81,3.7,Low,Hydrated
56,Male,99.54,2.79,High,At Risk of Dehydration
39,Male,77.2,2.39,Moderate,At Risk of Dehydration
50,Male,77.36,3.06,Low,Hydrated
54,Female,88.82,3.06,High,Hydrated
31,Male,66.73,3.86,Moderate,Hydrated
52,Female,57.74,3.0,High,At Risk of Dehydration
28,Male,75.49,3.21,Low,At Risk of Dehydration
52,Male,88.31,1.17,High,At Risk of Dehydration
30,Male,56.21,1.54,Moderate,At Risk of Dehydration
23,Female,94.9,1.15,Low,At Risk of Dehydration
22,Female,60.86,1.95,High,At Risk of Dehydration
25,Female,92.64,1.2,Moderate,At Risk of Dehydration
58,Female,84.46,2.56,Low,At Risk of Dehydration
25,Female,51.26,3.29,Moderate,At Risk of Dehydration
32,Male,60.06,1.58,Moderate,At Risk of Dehydration
51,Female,98.09,2.79,Low,At Risk of Dehydration
39,Female,94.74,1.55,Low,At Risk of Dehydration
45,Female,51.95,3.17,Moderate,At Risk of Dehydration
20,Female,60.32,3.72,Moderate,Hydrated
33,Male,50.77,3.22,Low,Hydrated
20,Male,71.7,2.27,High,At Risk of Dehydration
24,Male,85.34,3.28,Moderate,At Risk of Dehydration
57,Male,55.66,2.45,High,At Risk of Dehydration
32,Female,68.59,2.44,Moderate,At Risk of Dehydration
18,Male,91.64,1.89,Moderate,Hydrated
51,Male,50.3,1.64,High,At Risk of Dehydration
49,Female,70.03,3.51,Low,Hydrated
43,Female,59.34,1.5,High,At Risk of Dehydration
39,Male,64.94,3.79,High,Hydrated
30,Male,72.42,3.51,Low,Hydrated
26,Female,53.63,2.66,Moderate,At Risk of Dehydration
40,Female,57.67,3.6,High,Hydrated
30,Female,50.2,1.05,Low,At Risk of Dehydration
41,Male,58.24,3.99,Low,Hydrated
31,Female,65.68,3.89,Low,Hydrated
43,Female,68.3,1.37,Low,At Risk of Dehydration
45,Female,56.47,1.88,Low,At Risk of Dehydration
42,Male,65.31,3.68,Moderate,Hydrated
49,Male,91.91,3.95,Low,Hydrated
24,Female,86.31,1.9,Low,At Risk of Dehydration
33,Male,80.44,1.9,High,At Risk of Dehydration
18,Male,56.1,3.31,High,Hydrated
53,Female,64.82,2.35,Moderate,At Risk of Dehydration
24,Male,92.08,2.21,High,At Risk of Dehydration
45,Female,51.72,1.28,Moderate,At Risk of Dehydration
34,Male,74.85,3.56,High,Hydrated
33,Female,92.73,3.32,Low,Hydrated
52,Female,83.4,3.21,High,Hydrated
36,Female,82.08,1.85,Low,At Risk of Dehydration
39,Female,85.13,1.75,Moderate,At Risk of Dehydration
52,Male,48.88,3.71,Moderate,Hydrated
50,Male,49.13,1.87,High,At Risk of Dehydration
33,Female,57.98,1.22,High,At Risk of Dehydration
41,Male,53.9,3.99,Moderate,Hydrated
29,Female,62.56,3.79,High,At Risk of Dehydration
27,Male,48.7,2.18,Low,Hydrated
22,Female,68.94,2.63,Low,At Risk of Dehydration
59,Female,55.79,4.0,Low,Hydrated
39,Male,63.56,3.41,Moderate,At Risk of Dehydration
58,Male,70.97,3.66,Moderate,Hydrated
43,Female,51.05,2.28,High,At Risk of Dehydration
49,Male,93.33,2.31,High,At Risk of Dehydration
56,Male,68.14,3.97,Moderate,Hydrated
29,Male,87.42,3.6,Low,At Risk of Dehydration
50,Female,58.61,1.28,High,At Risk of Dehydration
21,Female,86.74,2.25,High,At Risk of Dehydration
33,Male,88.0,3.05,Low,At Risk of Dehydration
20,Female,52.5,1.68,High,At Risk of Dehydration
48,Male,79.92,3.17,Low,At Risk of Dehydration
21,Female,62.83,2.74,High,At Risk of Dehydration
48,Female,96.48,2.73,Low,At Risk of Dehydration
37,Female,74.18,1.96,Low,At Risk of Dehydration
59,Female,45.81,2.45,Low,At Risk of Dehydration
52,Male,72.4,1.78,Moderate,At Risk of Dehydration
18,Female,93.69,2.16,Moderate,At Risk of Dehydration
22,Female,83.14,3.57,Low,Hydrated
29,Male,97.41,2.51,Low,At Risk of Dehydration
51,Female,57.79,1.59,Low,At Risk of Dehydration
53,Female,71.22,3.84,Moderate,Hydrated
47,Male,81.72,1.69,High,At Risk of Dehydration
31,Male,99.72,2.63,High,At Risk of Dehydration
45,Male,86.31,2.74,High,Hydrated
26,Female,93.57,1.12,Low,At Risk of Dehydration
21,Female,65.5,1.0,High,At Risk of Dehydration
22,Male,94.01,1.63,Low,At Risk of Dehydration
32,Male,74.24,3.46,Low,At Risk of Dehydration
34,Female,74.59,1.23,Moderate,At Risk of Dehydration
52,Female,88.39,2.68,Moderate,At Risk of Dehydration
52,Female,76.6,3.13,High,At Risk of Dehydration
40,Male,75.94,1.36,High,At Risk of Dehydration
32,Female,65.02,3.2,High,At Risk of Dehydration
42,Male,90.18,1.18,Low,At Risk of Dehydration
57,Female,61.48,3.1,Low,At Risk of Dehydration
28,Male,78.64,1.84,High,At Risk of Dehydration
26,Female,93.41,3.6,Moderate,Hydrated
21,Male,76.88,1.89,High,At Risk of Dehydration
18,Male,63.76,2.74,Moderate,Hydrated
37,Female,74.52,1.14,High,At Risk of Dehydration
44,Female,76.15,1.94,High,At Risk of Dehydration
57,Female,63.57,2.72,High,At Risk of Dehydration
55,Female,77.39,2.68,High,At Risk of Dehydration
32,Male,93.63,2.1,High,At Risk of Dehydration
53,Female,81.43,1.63,Low,At Risk of Dehydration
50,Female,98.34,1.17,Low,At Risk of Dehydration
31,Male,97.11,3.1,Moderate,At Risk of Dehydration
29,Male,94.17,1.9,High,At Risk of Dehydration
43,Female,65.03,3.93,High,Hydrated
38,Male,74.04,1.74,Low,At Risk of Dehydration
49,Male,46.55,2.37,High,At Risk of Dehydration
24,Female,46.67,2.43,Low,At Risk of Dehydration
45,Female,50.7,1.15,High,At Risk of Dehydration
25,Male,75.78,3.17,High,At Risk of Dehydration
41,Female,45.69,3.68,Moderate,Hydrated
25,Female,50.82,3.42,High,At Risk of Dehydration
47,Male,80.54,1.33,Low,At Risk of Dehydration
38,Male,56.41,2.07,Low,At Risk of Dehydration
32,Male,67.63,2.91,Moderate,At Risk of Dehydration
43,Male,77.53,1.1,Moderate,At Risk of Dehydration
43,Female,62.81,2.6,Moderate,Hydrated
59,Male,98.54,3.85,Moderate,Hydrated
51,Male,79.65,3.64,High,Hydrated
51,Male,55.96,3.63,Moderate,Hydrated
35,Male,98.41,1.7,High,At Risk of Dehydration
53,Male,57.45,1.67,High,At Risk of Dehydration
57,Male,56.72,3.97,High,Hydrated
25,Female,56.31,2.3,Low,At Risk of Dehydration
18,Male,94.45,1.21,Moderate,At Risk of Dehydration
31,Female,61.03,3.41,High,At Risk of Dehydration
19,Female,47.9,1.74,Moderate,At Risk of Dehydration
42,Female,86.36,1.5,High,At Risk of Dehydration
49,Female,52.74,3.95,Moderate,Hydrated
19,Female,62.11,3.36,Low,At Risk of Dehydration
50,Male,88.21,3.72,Low,Hydrated
37,Male,83.4,1.38,Low,At Risk of Dehydration
58,Female,68.4,2.63,Moderate,Hydrated
51,Female,53.43,1.74,Moderate,At Risk of Dehydration
19,Male,84.96,3.53,Low,Hydrated
24,Male,84.27,3.49,High,Hydrated
55,Female,80.27,3.52,High,Hydrated
51,Male,78.62,1.5,Low,At Risk of Dehydration
31,Male,54.31,1.33,Moderate,At Risk of Dehydration
29,Male,46.9,1.38,Low,At Risk of Dehydration
31,Male,66.88,1.0,Low,At Risk of Dehydration
40,Female,84.59,2.74,High,Hydrated
44,Female,85.84,2.07,Moderate,At Risk of Dehydration
55,Female,73.01,1.74,High,At Risk of Dehydration
45,Male,58.41,4.0,Moderate,Hydrated
52,Male,97.74,1.54,Low,At Risk of Dehydration
43,Male,78.94,2.75,Low,At Risk of Dehydration
47,Female,54.85,1.41,Moderate,At Risk of Dehydration
53,Male,83.2,4.0,Low,Hydrated
19,Male,60.92,3.64,High,At Risk of Dehydration
20,Male,46.42,1.47,High,At Risk of Dehydration
30,Male,50.76,3.47,High,Hydrated
59,Male,52.13,2.39,Low,At Risk of Dehydration
34,Male,78.37,2.88,High,At Risk of Dehydration
49,Male,84.21,1.74,Moderate,At Risk of Dehydration
20,Male,75.61,3.78,Moderate,Hydrated
43,Male,65.42,1.19,Moderate,At Risk of Dehydration
50,Male,56.72,3.45,Low,Hydrated
24,Male,69.11,1.56,Moderate,At Risk of Dehydration
21,Male,72.9,3.71,Moderate,Hydrated
42,Male,68.15,2.5,Low,Hydrated
43,Female,67.55,3.41,High,At Risk of Dehydration
21,Female,90.56,1.31,Moderate,At Risk of Dehydration
42,Female,72.12,2.77,Low,At Risk of Dehydration
30,Male,46.05,3.46,Moderate,Hydrated
26,Female,60.88,1.32,High,At Risk of Dehydration
20,Male,65.58,3.77,Moderate,Hydrated
58,Male,99.81,1.31,High,At Risk of Dehydration
39,Female,78.12,1.31,Moderate,At Risk of Dehydration
57,Male,51.22,1.9,Moderate,At Risk of Dehydration
45,Female,91.54,1.03,High,At Risk of Dehydration
29,Female,97.56,1.53,Moderate,At Risk of Dehydration
39,Male,53.16,1.52,High,At Risk of Dehydration
33,Female,49.49,3.06,High,Hydrated
52,Female,46.25,2.23,Moderate,Hydrated
41,Male,80.67,3.43,High,Hydrated
21,Female,71.67,1.98,Moderate,At Risk of Dehydration
46,Female,97.73,3.34,Moderate,At Risk of Dehydration
42,Male,78.45,1.02,Moderate,At Risk of Dehydration
41,Female,62.97,3.38,High,Hydrated
48,Female,97.76,1.57,Moderate,At Risk of Dehydration
26,Female,82.11,1.3,High,At Risk of Dehydration
29,Male,70.24,2.65,Moderate,At Risk of Dehydration
20,Female,72.77,3.27,High,At Risk of Dehydration
50,Male,77.48,3.2,Moderate,At Risk of Dehydration
21,Male,66.38,1.56,Moderate,Hydrated
30,Male,97.41,2.87,Low,At Risk of Dehydration
56,Male,64.91,3.74,Moderate,Hydrated
27,Male,57.06,1.24,Moderate,At Risk of Dehydration
39,Male,46.51,1.12,Moderate,At Risk of Dehydration
52,Female,58.85,1.74,High,At Risk of Dehydration
28,Male,96.33,1.94,Low,At Risk of Dehydration
35,Male,89.62,3.42,High,Hydrated
52,Female,47.15,1.4,Moderate,At Risk of Dehydration
45,Female,77.87,2.48,Moderate,At Risk of Dehydration
32,Male,90.48,2.13,Low,At Risk of Dehydration
50,Female,60.61,3.97,High,At Risk of Dehydration
49,Female,72.81,2.9,High,At Risk of Dehydration
49,Female,95.08,3.83,Moderate,Hydrated
40,Male,48.32,2.23,High,At Risk of Dehydration
36,Male,93.47,3.79,High,At Risk of Dehydration
47,Male,81.2,2.69,Low,At Risk of Dehydration
59,Male,50.73,1.76,Moderate,At Risk of Dehydration
48,Male,74.48,1.32,Low,At Risk of Dehydration
35,Female,65.77,2.5,Low,Hydrated
51,Female,62.32,3.68,Low,Hydrated
48,Female,67.86,3.68,High,Hydrated
47,Female,61.3,3.13,Moderate,Hydrated
44,Female,97.09,1.96,Low,At Risk of Dehydration
55,Female,50.93,2.13,Low,Hydrated
22,Male,53.99,2.23,Low,At Risk of Dehydration
49,Male,80.62,3.2,Low,At Risk of Dehydration
30,Female,74.7,2.57,Low,At Risk of Dehydration
40,Female,84.85,3.16,High,At Risk of Dehydration
55,Female,53.46,2.42,Low,Hydrated
50,Male,66.68,3.1,High,At Risk of Dehydration
41,Male,97.34,1.04,Low,At Risk of Dehydration
43,Male,85.14,1.2,Low,At Risk of Dehydration
42,Female,52.33,1.86,Moderate,At Risk of Dehydration
54,Female,55.31,2.8,Low,Hydrated
50,Male,48.39,1.79,High,At Risk of Dehydration
28,Female,65.62,1.04,High,Hydrated
19,Female,72.49,2.57,Low,At Risk of Dehydration
26,Female,99.95,2.5,High,Hydrated
49,Male,60.47,2.33,Low,At Risk of Dehydration
29,Male,58.83,2.63,Moderate,Hydrated
35,Male,45.51,2.17,Low,At Risk of Dehydration
55,Male,97.8,2.76,High,At Risk of Dehydration
20,Female,49.78,3.17,High,At Risk of Dehydration
21,Male,54.97,1.8,Moderate,At Risk of Dehydration
19,Male,50.21,1.31,High,At Risk of Dehydration
36,Female,72.83,1.36,High,At Risk of Dehydration
42,Male,53.57,1.2,Moderate,At Risk of Dehydration
20,Female,99.51,1.9,Low,At Risk of Dehydration
59,Male,48.26,2.14,Low,At Risk of Dehydration
56,Male,95.73,2.15,High,At Risk of Dehydration
34,Male,96.53,3.07,Low,Hydrated
23,Female,49.92,3.83,High,Hydrated
18,Male,54.71,3.87,Low,Hydrated
33,Female,76.66,1.28,Low,At Risk of Dehydration
55,Male,63.29,3.94,Low,At Risk of Dehydration
55,Female,99.92,1.59,High,At Risk of Dehydration
30,Female,65.18,3.14,Low,Hydrated
41,Male,80.73,3.22,Low,Hydrated
48,Male,88.18,2.02,High,At Risk of Dehydration
41,Female,89.25,3.12,Moderate,At Risk of Dehydration
53,Female,71.03,1.47,Low,At Risk of Dehydration
47,Female,64.73,2.28,High,Hydrated
43,Male,72.62,2.6,Moderate,Hydrated
21,Female,88.86,1.34,Low,At Risk of Dehydration
20,Female,64.06,2.25,Moderate,At Risk of Dehydration
43,Female,93.89,2.91,Low,Hydrated
54,Female,86.53,2.47,Moderate,At Risk of Dehydration
35,Male,62.32,1.53,Moderate,At Risk of Dehydration
52,Female,47.83,2.05,Moderate,Hydrated
59,Female,91.29,3.44,High,Hydrated
35,Male,80.6,2.66,Low,At Risk of Dehydration
37,Male,92.06,3.83,Moderate,Hydrated
36,Male,78.01,3.81,High,Hydrated
57,Male,71.45,1.99,Moderate,At Risk of Dehydration
38,Female,63.73,1.88,High,At Risk of Dehydration
43,Female,85.67,1.81,High,At Risk of Dehydration
48,Female,69.33,1.36,High,At Risk of Dehydration
28,Male,51.73,1.68,High,At Risk of Dehydration
51,Male,75.45,1.83,Low,At Risk of Dehydration
44,Female,88.92,2.36,Moderate,Hydrated
56,Female,91.83,1.82,Low,Hydrated
57,Female,77.13,1.62,Moderate,At Risk of Dehydration
22,Female,67.52,2.18,High,At Risk of Dehydration
31,Female,91.36,2.83,High,At Risk of Dehydration
36,Male,65.51,1.53,Moderate,At Risk of Dehydration
23,Male,83.97,1.91,Low,At Risk of Dehydration
59,Male,86.04,1.68,Moderate,At Risk of Dehydration
28,Female,98.67,2.32,Low,At Risk of Dehydration
36,Female,47.88,3.99,High,Hydrated
59,Female,77.49,2.75,Low,At Risk of Dehydration
51,Female,83.54,3.06,Moderate,Hydrated
38,Female,47.73,2.81,Low,At Risk of Dehydration
40,Male,62.47,3.65,Moderate,Hydrated
33,Female,54.22,2.44,Moderate,Hydrated
41,Female,84.52,1.26,High,At Risk of Dehydration
59,Male,78.25,2.31,Low,At Risk of Dehydration
24,Male,62.86,1.63,Moderate,At Risk of Dehydration
59,Male,54.51,2.03,Moderate,At Risk of Dehydration
34,Male,61.27,1.98,Low,At Risk of Dehydration
34,Male,68.24,2.44,High,At Risk of Dehydration
25,Male,67.43,2.39,Low,At Risk of Dehydration
26,Male,50.34,1.25,High,At Risk of Dehydration
34,Female,66.76,3.92,Low,Hydrated
42,Female,70.02,3.02,Low,Hydrated
57,Female,97.23,1.98,Moderate,Hydrated
45,Male,94.11,3.38,High,At Risk of Dehydration
43,Male,56.74,3.03,Low,Hydrated
40,Female,98.59,2.24,Moderate,At Risk of Dehydration
40,Male,63.79,1.33,High,At Risk of Dehydration
31,Female,80.95,3.98,High,Hydrated
29,Female,69.44,2.4,Moderate,Hydrated
25,Female,86.9,1.48,Moderate,At Risk of Dehydration
18,Male,67.65,3.41,High,At Risk of Dehydration
33,Female,70.18,3.59,High,Hydrated
31,Female,60.95,2.75,Low,Hydrated
27,Male,68.56,2.22,Moderate,At Risk of Dehydration
40,Female,78.24,2.17,Moderate,At Risk of Dehydration
30,Male,57.81,1.43,Low,At Risk of Dehydration
52,Female,87.81,1.52,Low,At Risk of Dehydration
40,Male,53.33,1.46,High,At Risk of Dehydration
37,Female,57.86,3.13,Moderate,At Risk of Dehydration
50,Male,70.7,2.11,High,At Risk of Dehydration
30,Male,59.12,3.72,High,Hydrated
56,Female,59.76,2.54,Low,Hydrated
29,Male,89.72,2.01,High,At Risk of Dehydration
43,Female,86.85,2.68,High,At Risk of Dehydration
47,Female,67.98,1.28,Moderate,At Risk of Dehydration
38,Female,62.19,3.6,High,Hydrated
22,Female,50.21,1.52,Low,At Risk of Dehydration
39,Male,90.5,2.43,Low,At Risk of Dehydration
58,Female,98.31,1.43,Low,At Risk of Dehydration
35,Female,46.4,2.49,Moderate,At Risk of Dehydration
29,Female,94.12,2.34,High,At Risk of Dehydration
55,Male,69.21,2.17,High,At Risk of Dehydration
20,Male,77.24,3.54,High,Hydrated
47,Female,84.37,2.13,Moderate,At Risk of Dehydration
36,Female,71.76,3.09,Low,Hydrated
23,Female,82.64,1.54,Low,At Risk of Dehydration
59,Female,65.8,1.89,Moderate,At Risk of Dehydration
44,Female,58.32,1.54,Moderate,At Risk of Dehydration
29,Female,98.98,3.3,High,At Risk of Dehydration
40,Male,47.94,3.32,High,At Risk of Dehydration
25,Male,78.37,2.73,Moderate,Hydrated
26,Female,94.22,1.58,Low,Hydrated
46,Male,95.63,1.67,High,At Risk of Dehydration
27,Female,98.78,2.91,Moderate,At Risk of Dehydration
33,Male,53.23,1.53,Low,At Risk of Dehydration
47,Male,48.09,3.36,Low,Hydrated
39,Male,67.41,1.11,Low,At Risk of Dehydration
42,Female,93.67,1.63,Low,At Risk of Dehydration
24,Male,48.51,3.32,Moderate,At Risk of Dehydration
42,Male,76.05,3.14,Moderate,At Risk of Dehydration
59,Male,95.52,3.08,Moderate,Hydrated
22,Female,99.95,3.46,Moderate,Hydrated
37,Male,51.59,3.45,Moderate,Hydrated
25,Female,80.96,3.24,Moderate,At Risk of Dehydration
55,Female,76.32,2.98,Moderate,Hydrated
46,Female,83.61,3.67,Moderate,At Risk of Dehydration
50,Male,70.75,3.11,High,Hydrated
40,Female,91.47,3.41,High,Hydrated
20,Male,70.96,1.08,Low,At Risk of Dehydration
45,Male,74.23,2.41,Moderate,At Risk of Dehydration
28,Female,96.48,2.0,High,At Risk of Dehydration
59,Male,64.16,2.22,Moderate,Hydrated
49,Male,54.31,1.24,Low,At Risk of Dehydration
20,Female,49.93,2.74,Moderate,Hydrated
39,Male,80.56,1.13,Moderate,At Risk of Dehydration
36,Female,64.69,3.62,Moderate,Hydrated
37,Female,62.98,1.47,Moderate,At Risk of Dehydration
31,Female,63.23,2.93,High,At Risk of Dehydration
32,Female,60.58,3.56,Low,At Risk of Dehydration
46,Female,96.91,3.26,Low,At Risk of Dehydration
21,Female,89.64,2.47,Low,At Risk of Dehydration
35,Male,55.73,1.33,Moderate,At Risk of Dehydration
26,Male,50.51,2.53,Low,At Risk of Dehydration
54,Female,90.11,3.66,High,At Risk of Dehydration
56,Male,98.79,1.87,Low,At Risk of Dehydration
46,Male,82.07,3.01,Low,At Risk of Dehydration
53,Male,46.69,3.71,Moderate,Hydrated
21,Female,86.91,1.98,Moderate,At Risk of Dehydration
25,Female,89.73,3.95,Moderate,Hydrated
55,Female,59.81,2.9,High,At Risk of Dehydration
46,Male,90.38,2.97,Moderate,At Risk of Dehydration
20,Male,53.73,1.81,Moderate,At Risk of Dehydration
38,Female,91.59,1.83,Moderate,At Risk of Dehydration
36,Male,81.73,1.22,Moderate,At Risk of Dehydration
51,Male,48.46,3.18,Low,At Risk of Dehydration
32,Male,65.22,3.53,Moderate,Hydrated
23,Male,93.17,3.23,Moderate,At Risk of Dehydration
30,Male,87.74,1.53,Moderate,At Risk of Dehydration
47,Male,89.41,2.47,High,At Risk of Dehydration
30,Female,91.68,2.03,Moderate,At Risk of Dehydration
25,Male,80.92,1.01,Low,At Risk of Dehydration
43,Male,73.65,1.56,High,At Risk of Dehydration
59,Female,71.94,2.22,Moderate,At Risk of Dehydration
45,Female,46.13,2.41,Moderate,At Risk of Dehydration
29,Female,45.56,1.91,Low,At Risk of Dehydration
28,Female,68.68,1.81,Moderate,At Risk of Dehydration
23,Male,53.18,3.59,Moderate,Hydrated
25,Male,76.68,1.67,Low,At Risk of Dehydration
30,Male,45.76,3.12,Low,At Risk of Dehydration
27,Male,92.76,1.26,Low,At Risk of Dehydration
24,Female,62.9,2.76,Moderate,Hydrated
52,Male,53.24,2.53,Low,Hydrated
40,Female,67.78,3.74,High,Hydrated
47,Female,56.62,1.53,Moderate,At Risk of Dehydration
42,Female,47.09,2.46,High,At Risk of Dehydration
20,Male,92.96,2.04,Low,At Risk of Dehydration
43,Female,51.48,3.1,High,At Risk of Dehydration
26,Female,78.16,3.47,Low,Hydrated
19,Male,56.92,3.86,High,Hydrated
42,Female,89.59,3.65,Low,Hydrated
20,Female,56.57,2.19,Moderate,At Risk of Dehydration
45,Male,85.15,1.98,Low,At Risk of Dehydration
35,Male,49.44,2.14,Moderate,At Risk of Dehydration
56,Male,68.53,1.06,Moderate,At Risk of Dehydration
21,Female,78.09,1.9,High,At Risk of Dehydration
25,Male,66.96,3.95,Moderate,Hydrated
27,Female,48.3,1.67,Low,At Risk of Dehydration
39,Male,83.17,3.62,Low,Hydrated
43,Female,59.75,3.16,Moderate,At Risk of Dehydration
49,Female,98.6,2.56,Moderate,Hydrated
29,Male,49.28,3.21,Low,At Risk of Dehydration
49,Male,57.67,2.55,Low,Hydrated
22,Female,75.88,2.93,Low,Hydrated
20,Male,65.24,3.99,High,Hydrated
39,Male,79.58,2.09,Moderate,At Risk of Dehydration
30,Male,88.65,2.04,Low,At Risk of Dehydration
44,Male,51.5,1.33,Moderate,At Risk of Dehydration
32,Male,82.28,1.37,Low,At Risk of Dehydration
50,Female,56.93,2.24,Moderate,At Risk of Dehydration
50,Male,51.45,3.95,Low,Hydrated
23,Female,52.78,1.83,Low,At Risk of Dehydration
35,Female,45.0,3.56,High,Hydrated
33,Male,88.81,2.29,High,At Risk of Dehydration
56,Male,56.09,2.27,High,At Risk of Dehydration
47,Male,97.2,3.88,High,At Risk of Dehydration
31,Female,89.29,2.42,High,At Risk of Dehydration
41,Female,52.88,1.75,High,At Risk of Dehydration
54,Female,52.88,1.04,Low,At Risk of Dehydration
49,Male,57.12,3.11,Low,Hydrated
37,Male,56.37,1.49,High,At Risk of Dehydration
28,Male,99.78,3.52,Low,At Risk of Dehydration
59,Male,85.58,2.97,High,At Risk of Dehydration
50,Female,77.63,2.22,High,At Risk of Dehydration
57,Female,47.34,2.09,Low,At Risk of Dehydration
19,Female,74.41,1.85,Moderate,Hydrated
19,Female,72.35,2.14,High,At Risk of Dehydration
54,Male,77.97,1.9,High,At Risk of Dehydration
36,Male,92.69,2.93,Moderate,At Risk of Dehydration
59,Male,48.64,2.21,Moderate,At Risk of Dehydration
30,Male,54.18,3.19,Low,Hydrated
57,Female,80.43,2.18,High,At Risk of Dehydration
31,Female,97.23,1.07,Low,At Risk of Dehydration
19,Male,61.67,3.84,High,Hydrated
48,Female,99.96,2.24,Low,At Risk of Dehydration
53,Female,45.01,1.83,Moderate,Hydrated
54,Male,77.08,3.15,High,At Risk of Dehydration
30,Male,57.9,1.1,High,At Risk of Dehydration
56,Female,83.93,1.79,High,At Risk of Dehydration
54,Male,68.2,1.95,Moderate,At Risk of Dehydration
45,Male,64.03,1.93,High,Hydrated
44,Male,73.07,3.2,Low,Hydrated
57,Male,77.42,2.45,Low,Hydrated
38,Female,63.69,2.77,Low,Hydrated
55,Male,73.72,2.16,High,At Risk of Dehydration
57,Male,67.22,1.04,Moderate,At Risk of Dehydration
50,Male,99.49,3.09,Low,At Risk of Dehydration
51,Male,94.75,3.27,Moderate,Hydrated
24,Male,46.08,3.53,High,At Risk of Dehydration
20,Female,76.77,2.43,Moderate,At Risk of Dehydration
34,Female,58.81,1.41,High,At Risk of Dehydration
52,Male,57.68,1.57,High,Hydrated
53,Male,88.84,3.14,Moderate,At Risk of Dehydration
18,Female,54.39,2.37,Low,At Risk of Dehydration
51,Male,58.03,3.79,High,Hydrated
47,Female,55.48,3.09,Moderate,At Risk of Dehydration
56,Male,71.38,3.87,Low,Hydrated
57,Male,94.56,2.83,High,At Risk of Dehydration
23,Female,65.41,2.18,Low,At Risk of Dehydration
55,Male,76.08,1.29,High,At Risk of Dehydration
46,Male,96.92,1.72,High,At Risk of Dehydration
33,Female,79.28,3.33,Low,At Risk of Dehydration
19,Female,86.08,2.91,High,Hydrated
31,Male,51.52,1.64,Low,At Risk of Dehydration
24,Female,57.0,2.25,High,At Risk of Dehydration
42,Female,54.12,2.06,Low,At Risk of Dehydration
34,Female,47.32,2.21,High,At Risk of Dehydration
20,Male,70.35,2.23,Moderate,Hydrated
28,Female,90.68,1.35,Low,At Risk of Dehydration
24,Male,52.57,3.27,Moderate,Hydrated
35,Female,88.82,1.04,High,At Risk of Dehydration
43,Male,92.25,2.06,Low,Hydrated
49,Male,79.08,2.17,High,At Risk of Dehydration
22,Male,56.59,3.14,Moderate,At Risk of Dehydration
30,Male,63.46,2.54,Low,At Risk of Dehydration
47,Male,62.3,3.41,High,Hydrated
28,Male,50.27,3.25,Low,Hydrated
37,Female,61.51,2.62,Low,Hydrated
46,Female,71.76,3.83,High,Hydrated
26,Female,89.66,3.35,Low,Hydrated
29,Female,98.44,1.34,Moderate,At Risk of Dehydration
58,Female,46.97,3.88,Moderate,Hydrated
29,Female,83.71,2.54,Low,At Risk of Dehydration
54,Female,87.12,1.67,Low,At Risk of Dehydration
46,Female,61.58,3.75,Moderate,Hydrated
28,Female,73.78,1.91,Low,At Risk of Dehydration
49,Female,68.1,1.62,Low,At Risk of Dehydration
18,Female,96.11,3.2,Low,At Risk of Dehydration
52,Male,90.94,3.15,Moderate,At Risk of Dehydration
58,Male,61.52,2.0,Low,At Risk of Dehydration
21,Female,80.38,2.23,Moderate,At Risk of Dehydration
55,Male,66.59,1.07,Low,At Risk of Dehydration
50,Female,47.03,1.67,Moderate,At Risk of Dehydration
30,Male,78.77,2.18,Low,At Risk of Dehydration
49,Male,46.78,1.38,Moderate,At Risk of Dehydration
25,Female,95.6,2.47,Low,At Risk of Dehydration
56,Male,69.82,3.11,High,Hydrated
26,Male,99.53,3.17,High,At Risk of Dehydration
41,Male,97.61,2.18,Low,At Risk of Dehydration
32,Female,63.46,3.32,High,At Risk of Dehydration
52,Female,92.51,1.82,Moderate,At Risk of Dehydration
24,Male,91.75,2.99,High,Hydrated
25,Female,62.04,3.58,Low,Hydrated
26,Female,75.49,2.45,High,At Risk of Dehydration
24,Female,88.47,3.55,Low,Hydrated
44,Male,70.98,3.38,Moderate,Hydrated
22,Female,77.12,1.47,High,At Risk of Dehydration
27,Female,82.28,2.84,Low,At Risk of Dehydration
49,Male,71.58,2.73,Moderate,Hydrated
51,Female,57.09,3.28,High,At Risk of Dehydration
50,Female,67.34,1.36,High,At Risk of Dehydration
54,Female,69.77,2.65,High,At Risk of Dehydration
21,Female,55.04,2.61,Moderate,At Risk of Dehydration
52,Male,94.4,3.71,Moderate,Hydrated
59,Male,82.14,2.88,High,At Risk of Dehydration
57,Female,56.95,2.15,Moderate,At Risk of Dehydration
49,Male,50.78,3.79,High,At Risk of Dehydration
52,Female,95.59,2.4,Moderate,At Risk of Dehydration
22,Male,97.13,3.23,Moderate,Hydrated
54,Male,63.34,2.48,Moderate,Hydrated
32,Female,70.72,3.29,Moderate,At Risk of Dehydration
35,Male,74.32,3.32,Moderate,Hydrated
27,Female,66.92,3.46,High,Hydrated
54,Male,52.64,3.11,High,Hydrated
37,Male,67.52,3.13,Moderate,Hydrated
48,Female,52.66,2.81,Moderate,Hydrated
56,Male,78.83,2.83,High,At Risk of Dehydration
57,Female,56.99,1.57,Low,At Risk of Dehydration
56,Male,85.42,3.39,Low,Hydrated
54,Female,50.48,1.19,Moderate,At Risk of Dehydration
54,Male,46.67,3.87,High,Hydrated
55,Female,90.74,1.81,Low,At Risk of Dehydration
21,Female,73.11,1.97,Low,At Risk of Dehydration
50,Male,62.87,2.9,High,At Risk of Dehydration
33,Male,64.94,3.98,Moderate,Hydrated
58,Male,68.46,1.77,Moderate,At Risk of Dehydration
42,Male,57.83,3.84,Low,Hydrated
31,Female,74.57,1.47,Low,At Risk of Dehydration
23,Male,78.77,3.87,Moderate,At Risk of Dehydration
26,Male,75.55,3.56,Low,Hydrated
57,Female,80.65,2.15,Low,At Risk of Dehydration
33,Male,57.68,1.6,Low,At Risk of Dehydration
32,Male,49.32,2.27,Moderate,At Risk of Dehydration
57,Female,96.41,3.57,High,Hydrated
35,Male,69.79,1.2,Moderate,At Risk of Dehydration
52,Female,61.76,2.83,Low,At Risk of Dehydration
18,Female,81.85,3.15,High,At Risk of Dehydration
18,Male,76.38,1.93,Low,At Risk of Dehydration
37,Male,96.25,3.13,Low,At Risk of Dehydration
44,Male,80.97,3.48,Low,Hydrated
38,Male,59.27,3.39,High,At Risk of Dehydration
42,Female,98.28,3.98,Low,Hydrated
50,Male,95.38,2.53,High,Hydrated
21,Female,62.65,3.31,High,At Risk of Dehydration
19,Female,54.03,3.17,Moderate,At Risk of Dehydration
45,Female,47.12,2.07,Moderate,Hydrated
27,Male,76.12,3.04,Moderate,Hydrated
24,Male,62.6,3.4,High,Hydrated
27,Female,50.34,2.4,Low,At Risk of Dehydration
46,Female,62.17,1.38,High,At Risk of Dehydration
46,Male,69.6,1.91,Moderate,At Risk of Dehydration
35,Male,97.26,3.37,High,Hydrated
43,Female,62.19,3.11,Low,At Risk of Dehydration
41,Male,73.84,2.92,Moderate,At Risk of Dehydration
41,Female,90.26,1.49,High,At Risk of Dehydration
24,Female,94.41,3.45,High,Hydrated
22,Male,92.05,1.16,High,At Risk of Dehydration
19,Male,62.78,3.9,Moderate,Hydrated
26,Male,87.26,2.09,Moderate,At Risk of Dehydration
49,Male,87.82,2.76,Moderate,Hydrated
49,Male,78.86,3.03,Low,At Risk of Dehydration
31,Male,47.85,3.63,Moderate,Hydrated
34,Female,85.22,2.45,High,At Risk of Dehydration
34,Male,59.27,3.91,Moderate,Hydrated
48,Male,88.26,1.1,High,At Risk of Dehydration
56,Male,82.99,3.04,High,Hydrated
32,Male,86.63,1.77,Moderate,At Risk of Dehydration
59,Male,63.67,1.52,Moderate,At Risk of Dehydration
28,Female,76.36,2.79,Low,Hydrated
56,Female,55.0,3.37,Low,At Risk of Dehydration
50,Female,47.36,3.86,Low,Hydrated
25,Male,74.49,3.21,Low,Hydrated
40,Female,64.89,1.39,Low,At Risk of Dehydration
46,Male,63.29,1.47,High,At Risk of Dehydration
44,Female,81.01,1.35,Moderate,At Risk of Dehydration
49,Male,73.71,3.65,Moderate,Hydrated
21,Female,94.17,1.74,Low,At Risk of Dehydration
45,Male,46.11,3.03,High,Hydrated
19,Male,63.1,2.06,High,At Risk of Dehydration
36,Female,78.03,3.36,Moderate,Hydrated
48,Male,69.29,3.44,Moderate,At Risk of Dehydration
43,Male,64.22,2.7,High,At Risk of Dehydration
36,Male,67.56,1.22,Low,At Risk of Dehydration
23,Male,68.11,3.51,Moderate,Hydrated
46,Female,63.04,3.05,High,At Risk of Dehydration
24,Female,82.81,3.14,High,Hydrated
30,Female,62.14,3.42,Moderate,Hydrated
42,Male,77.32,3.84,High,Hydrated
52,Female,48.49,1.19,Moderate,Hydrated
50,Female,91.59,1.55,High,At Risk of Dehydration
22,Male,82.61,3.98,High,At Risk of Dehydration
38,Female,64.19,1.33,High,At Risk of Dehydration
38,Male,88.77,3.68,High,Hydrated
19,Male,83.34,2.49,Low,At Risk of Dehydration
27,Female,65.57,1.05,Moderate,At Risk of Dehydration
23,Male,84.66,2.14,Low,At Risk of Dehydration
34,Female,86.27,3.87,Moderate,Hydrated
55,Female,85.54,2.84,Low,At Risk of Dehydration
47,Male,82.4,2.01,Moderate,At Risk of Dehydration
52,Male,90.87,3.04,Low,Hydrated
36,Male,59.45,3.53,Moderate,At Risk of Dehydration
47,Male,63.91,1.32,Low,At Risk of Dehydration
19,Female,98.67,1.33,High,At Risk of Dehydration
39,Female,55.21,3.49,Moderate,At Risk of Dehydration
31,Female,70.52,3.22,High,Hydrated
54,Female,85.37,1.3,Moderate,At Risk of Dehydration
55,Male,77.85,2.63,Low,At Risk of Dehydration
47,Male,60.58,3.38,Low,Hydrated
37,Male,56.45,1.05,Moderate,At Risk of Dehydration
41,Female,84.9,2.33,High,At Risk of Dehydration
29,Male,84.49,2.74,High,Hydrated
52,Male,79.5,3.39,Low,Hydrated
49,Female,50.01,3.5,Low,Hydrated
36,Female,89.1,2.14,Low,At Risk of Dehydration
46,Male,63.55,3.85,Low,Hydrated
55,Male,79.71,2.07,High,At Risk of Dehydration
26,Male,88.52,3.61,High,Hydrated
46,Male,46.5,3.9,Moderate,Hydrated
43,Female,46.96,1.63,Moderate,At Risk of Dehydration
26,Female,80.44,3.11,High,At Risk of Dehydration
36,Female,65.55,2.37,Moderate,At Risk of Dehydration
33,Male,65.33,3.38,Low,At Risk of Dehydration
22,Male,60.0,3.1,Low,At Risk of Dehydration
52,Female,85.34,3.66,Low,At Risk of Dehydration
26,Male,96.1,3.42,Low,Hydrated
32,Female,81.9,2.37,Moderate,At Risk of Dehydration
32,Female,67.09,2.51,Moderate,At Risk of Dehydration
41,Male,81.43,2.66,High,At Risk of Dehydration
33,Male,49.1,3.68,High,At Risk of Dehydration
43,Female,91.22,2.65,Low,At Risk of Dehydration
34,Male,94.84,3.89,High,Hydrated
58,Male,92.71,1.57,High,At Risk of Dehydration
39,Female,50.04,2.42,Moderate,At Risk of Dehydration
44,Male,86.6,3.54,Moderate,At Risk of Dehydration
19,Male,68.24,2.88,Moderate,Hydrated
37,Male,97.39,2.8,Moderate,Hydrated
41,Male,66.25,3.28,High,Hydrated
59,Male,56.94,1.51,High,At Risk of Dehydration
48,Male,50.23,2.86,High,At Risk of Dehydration
52,Male,92.29,1.77,Moderate,At Risk of Dehydration
48,Male,68.87,2.49,Low,At Risk of Dehydration
20,Male,82.18,3.38,Moderate,Hydrated
46,Male,74.7,1.76,Low,At Risk of Dehydration
19,Male,93.66,3.74,Moderate,At Risk of Dehydration
56,Male,67.56,3.79,High,Hydrated
29,Male,82.53,3.1,Low,At Risk of Dehydration
19,Female,96.87,1.1,Moderate,At Risk of Dehydration
41,Male,86.1,1.24,High,At Risk of Dehydration
42,Female,54.27,3.82,High,Hydrated
42,Male,87.73,3.74,Low,Hydrated
58,Male,48.07,3.71,Moderate,Hydrated
27,Male,68.51,1.58,High,At Risk of Dehydration
56,Male,74.06,1.81,Moderate,At Risk of Dehydration
32,Male,63.54,3.74,Moderate,Hydrated
55,Female,64.39,3.89,High,At Risk of Dehydration
26,Male,61.06,1.24,High,At Risk of Dehydration
54,Female,50.84,3.1,High,At Risk of Dehydration
45,Male,83.82,3.21,Moderate,At Risk of Dehydration
48,Male,71.39,2.71,Low,At Risk of Dehydration
34,Male,54.62,3.14,Low,At Risk of Dehydration
24,Male,72.93,1.61,Low,At Risk of Dehydration
54,Male,46.77,3.62,Low,Hydrated
47,Male,75.69,1.15,Moderate,At Risk of Dehydration
38,Male,89.16,3.3,High,At Risk of Dehydration
48,Male,96.65,2.55,High,At Risk of Dehydration
27,Male,92.55,3.83,Low,Hydrated
44,Female,72.22,2.12,Low,Hydrated
26,Female,69.05,1.27,Moderate,At Risk of Dehydration
43,Male,53.13,3.93,Low,Hydrated
54,Female,54.11,2.26,Moderate,At Risk of Dehydration
40,Female,87.83,2.06,High,At Risk of Dehydration
42,Female,89.53,3.22,High,At Risk of Dehydration
30,Male,84.77,2.88,High,At Risk of Dehydration
27,Female,60.29,1.95,Low,At Risk of Dehydration
40,Male,73.58,1.97,High,At Risk of Dehydration
28,Male,99.21,1.54,Low,At Risk of Dehydration
57,Female,96.24,2.95,Low,Hydrated
54,Male,80.4,3.28,High,Hydrated
22,Female,82.8,3.28,Low,At Risk of Dehydration
35,Male,52.86,3.45,Low,At Risk of Dehydration
25,Female,75.26,3.18,Low,At Risk of Dehydration
25,Female,98.09,2.34,High,At Risk of Dehydration
28,Female,51.57,2.08,Moderate,At Risk of Dehydration
22,Female,96.02,2.1,Moderate,Hydrated
42,Female,86.55,2.08,Moderate,At Risk of Dehydration
20,Male,45.35,1.41,Moderate,At Risk of Dehydration
18,Female,81.53,3.12,High,At Risk of Dehydration
59,Male,50.06,1.81,Moderate,At Risk of Dehydration
41,Female,70.24,2.48,Low,At Risk of Dehydration
57,Female,91.94,2.74,Low,Hydrated
43,Male,51.01,2.31,Low,At Risk of Dehydration
50,Female,70.19,2.42,High,At Risk of Dehydration
31,Female,82.74,3.88,High,Hydrated
23,Female,50.44,1.66,Moderate,At Risk of Dehydration
19,Female,93.46,3.05,High,At Risk of Dehydration
44,Male,69.01,1.05,Low,At Risk of Dehydration
47,Female,92.92,1.07,High,At Risk of Dehydration
43,Male,92.99,1.85,Moderate,At Risk of Dehydration
38,Female,70.7,1.78,Low,At Risk of Dehydration
31,Male,58.78,3.85,Moderate,Hydrated
36,Female,47.23,3.7,Low,Hydrated
55,Female,95.58,2.52,Moderate,At Risk of Dehydration
56,Male,62.94,3.2,Moderate,At Risk of Dehydration
37,Male,67.54,1.58,Low,At Risk of Dehydration
39,Female,77.58,3.26,Moderate,Hydrated
59,Male,83.21,3.62,Low,At Risk of Dehydration
33,Female,79.62,2.81,Moderate,At Risk of Dehydration
43,Female,91.34,1.54,High,At Risk of Dehydration
48,Male,69.88,1.66,Low,At Risk of Dehydration
48,Male,60.17,2.04,Low,Hydrated
58,Female,80.0,1.03,Low,At Risk of Dehydration
45,Male,81.74,1.28,High,At Risk of Dehydration
21,Female,46.9,1.95,Moderate,At Risk of Dehydration
56,Female,66.0,3.35,Moderate,Hydrated
58,Female,47.18,1.47,Low,At Risk of Dehydration
26,Female,71.81,2.05,Low,At Risk of Dehydration
36,Female,75.2,2.55,Moderate,At Risk of Dehydration
35,Female,79.61,1.97,Moderate,At Risk of Dehydration
43,Female,89.54,1.57,High,At Risk of Dehydration
29,Female,73.4,3.21,Moderate,Hydrated
58,Male,85.69,3.06,Moderate,Hydrated
41,Male,53.96,2.79,Moderate,At Risk of Dehydration
45,Male,89.24,3.21,High,At Risk of Dehydration
24,Female,88.06,3.86,Low,Hydrated
40,Male,56.77,3.82,Low,Hydrated
21,Female,95.67,3.22,High,At Risk of Dehydration
26,Female,70.08,3.87,Moderate,Hydrated
52,Female,79.67,1.43,High,At Risk of Dehydration
37,Female,90.53,1.96,Moderate,At Risk of Dehydration
25,Male,47.56,2.93,High,At Risk of Dehydration
25,Male,64.44,2.48,High,At Risk of Dehydration
22,Male,95.23,2.27,High,At Risk of Dehydration
30,Male,80.61,1.86,Low,At Risk of Dehydration
26,Female,48.5,1.81,Low,Hydrated
21,Female,87.58,3.41,High,Hydrated
54,Male,95.41,1.03,Low,At Risk of Dehydration
57,Male,70.11,2.57,Moderate,At Risk of Dehydration
54,Female,64.16,3.6,Moderate,At Risk of Dehydration
44,Male,84.39,1.3,Low,At Risk of Dehydration
48,Female,69.09,1.54,High,At Risk of Dehydration
23,Male,66.94,3.54,Moderate,Hydrated
54,Female,99.87,3.05,Low,At Risk of Dehydration
33,Female,49.75,3.47,Moderate,At Risk of Dehydration
40,Female,72.68,3.49,High,Hydrated
25,Male,64.45,3.28,High,Hydrated
47,Male,73.39,2.28,Moderate,At Risk of Dehydration
58,Female,91.53,3.19,Moderate,Hydrated
39,Female,50.65,3.53,Low,Hydrated
37,Male,45.54,2.1,Low,At Risk of Dehydration
19,Male,67.69,2.13,High,At Risk of Dehydration
27,Male,57.9,2.26,Low,At Risk of Dehydration
36,Female,45.44,3.84,Low,Hydrated
42,Female,71.63,2.36,Low,Hydrated
22,Female,55.87,1.23,Low,At Risk of Dehydration
51,Female,65.26,2.74,High,At Risk of Dehydration
31,Female,74.5,1.97,High,At Risk of Dehydration
41,Female,87.22,1.64,Moderate,At Risk of Dehydration
21,Male,75.82,2.2,High,At Risk of Dehydration
46,Female,47.31,2.91,Moderate,At Risk of Dehydration
27,Male,80.94,1.52,High,At Risk of Dehydration
37,Male,90.92,2.68,Low,At Risk of Dehydration
18,Male,74.62,1.63,Low,At Risk of Dehydration
20,Male,90.57,3.77,High,Hydrated
30,Male,45.31,1.58,Low,At Risk of Dehydration
57,Male,72.47,1.14,Moderate,At Risk of Dehydration
28,Female,98.21,3.25,Moderate,Hydrated
57,Male,91.72,1.64,Moderate,At Risk of Dehydration
41,Female,96.97,2.06,High,At Risk of Dehydration
35,Female,84.84,1.48,Low,At Risk of Dehydration
35,Male,79.7,3.35,High,At Risk of Dehydration
25,Female,99.41,3.33,High,At Risk of Dehydration
26,Male,78.14,3.28,Low,Hydrated
53,Male,49.93,3.59,Low,Hydrated
27,Female,78.73,2.53,Low,Hydrated
41,Male,75.81,2.72,Moderate,At Risk of Dehydration
40,Male,77.67,1.08,High,At Risk of Dehydration
44,Male,68.32,3.4,Low,Hydrated
26,Female,82.5,3.97,Moderate,Hydrated
25,Female,75.75,1.71,Low,At Risk of Dehydration
25,Female,68.94,2.76,High,At Risk of Dehydration
28,Female,91.1,1.8,Low,At Risk of Dehydration
34,Male,66.81,3.95,Moderate,Hydrated
57,Female,84.36,3.39,High,Hydrated
21,Male,72.93,3.0,Moderate,Hydrated
32,Male,67.84,1.17,Low,At Risk of Dehydration
54,Male,84.14,2.08,Moderate,Hydrated
36,Male,96.04,1.74,High,At Risk of Dehydration
50,Male,63.39,2.67,Moderate,At Risk of Dehydration
53,Male,79.77,3.9,High,At Risk of Dehydration
25,Male,72.98,1.64,Low,At Risk of Dehydration
50,Female,92.29,1.33,Low,At Risk of Dehydration
53,Male,72.03,1.18,Low,At Risk of Dehydration
42,Female,89.59,3.98,Moderate,Hydrated
51,Male,54.54,3.56,Moderate,At Risk of Dehydration
33,Female,81.93,1.6,Low,At Risk of Dehydration
27,Female,76.4,2.24,High,At Risk of Dehydration
21,Female,86.2,2.64,Moderate,Hydrated
35,Male,70.48,2.49,Low,Hydrated
51,Female,81.79,1.19,Low,At Risk of Dehydration
37,Male,60.77,3.46,Moderate,At Risk of Dehydration
32,Male,84.41,3.7,Low,Hydrated
30,Female,59.88,1.71,Low,Hydrated
23,Male,81.33,2.66,Low,At Risk of Dehydration
36,Male,86.35,1.77,High,At Risk of Dehydration
56,Female,61.42,1.54,Low,At Risk of Dehydration
50,Male,69.3,3.15,Low,At Risk of Dehydration
20,Female,95.47,1.93,Low,At Risk of Dehydration
26,Male,45.17,1.43,High,At Risk of Dehydration
39,Male,72.47,3.85,Low,Hydrated
33,Female,53.04,3.96,Low,Hydrated
56,Male,68.39,1.49,Moderate,At Risk of Dehydration
41,Female,76.62,1.33,Moderate,At Risk of Dehydration
54,Male,78.12,2.96,Moderate,Hydrated
36,Male,52.41,1.45,Moderate,At Risk of Dehydration
36,Male,58.25,2.67,Moderate,At Risk of Dehydration
46,Female,70.87,2.24,Low,At Risk of Dehydration
44,Female,59.31,2.38,Low,At Risk of Dehydration
42,Male,67.8,3.9,Low,Hydrated
47,Male,94.91,3.94,Low,Hydrated
32,Female,65.49,3.74,Low,Hydrated
32,Female,90.34,1.24,Moderate,At Risk of Dehydration
30,Female,53.85,1.38,Moderate,At Risk of Dehydration
22,Male,47.09,3.92,Moderate,At Risk of Dehydration
19,Female,45.46,1.35,High,At Risk of Dehydration
54,Male,75.55,1.6,High,At Risk of Dehydration
23,Male,87.72,3.6,Low,Hydrated
25,Female,45.11,2.43,Moderate,At Risk of Dehydration
38,Female,68.22,3.18,Low,At Risk of Dehydration
53,Female,94.86,1.96,Moderate,At Risk of Dehydration
28,Male,87.67,2.46,High,At Risk of Dehydration
42,Female,75.94,3.2,Low,Hydrated
50,Male,59.23,3.46,Moderate,Hydrated
41,Female,45.06,2.98,High,At Risk of Dehydration
55,Male,63.26,2.69,Moderate,Hydrated
40,Female,98.3,3.91,Low,Hydrated
30,Female,45.95,2.7,High,At Risk of Dehydration
31,Female,76.65,1.84,High,At Risk of Dehydration
23,Female,87.41,1.88,Low,Hydrated
47,Female,64.45,2.92,Low,At Risk of Dehydration
38,Female,55.88,1.77,Low,At Risk of Dehydration
57,Male,75.63,2.98,High,Hydrated
44,Female,83.26,2.33,High,At Risk of Dehydration
55,Male,53.11,2.81,High,At Risk of Dehydration
33,Male,98.3,3.8,High,Hydrated
42,Female,90.04,2.69,Moderate,At Risk of Dehydration
43,Female,75.12,1.86,High,At Risk of Dehydration
39,Female,73.66,3.8,High,At Risk of Dehydration
23,Female,59.41,3.26,Low,Hydrated
18,Female,61.79,2.69,High,Hydrated
59,Male,88.13,2.43,High,At Risk of Dehydration
30,Male,45.8,1.86,Moderate,Hydrated
39,Female,65.58,3.94,High,At Risk of Dehydration
42,Male,50.82,3.69,High,Hydrated
45,Male,69.89,1.68,Low,At Risk of Dehydration
28,Female,99.63,3.87,Moderate,At Risk of Dehydration
29,Female,55.4,1.45,High,At Risk of Dehydration
30,Male,46.39,2.78,High,At Risk of Dehydration
40,Male,59.08,3.26,Moderate,At Risk of Dehydration
40,Male,50.43,3.28,High,Hydrated
26,Female,52.12,3.4,Low,Hydrated
19,Female,80.76,1.66,Low,At Risk of Dehydration
36,Male,62.73,2.28,Moderate,At Risk of Dehydration
37,Female,94.8,2.77,Low,At Risk of Dehydration
19,Male,84.85,2.6,Moderate,At Risk of Dehydration
44,Female,64.27,2.84,Moderate,At Risk of Dehydration
35,Male,51.59,3.3,High,Hydrated
47,Male,76.5,1.51,Low,At Risk of Dehydration
44,Female,62.7,3.89,Moderate,Hydrated
54,Female,84.09,1.88,High,At Risk of Dehydration
21,Male,87.46,2.44,High,At Risk of Dehydration
31,Female,96.29,2.14,Moderate,At Risk of Dehydration
37,Female,91.21,3.91,Low,Hydrated
56,Male,61.63,3.06,High,At Risk of Dehydration
21,Female,81.96,3.84,Moderate,Hydrated
22,Female,57.56,1.13,High,At Risk of Dehydration
44,Female,78.98,2.79,Low,Hydrated
31,Female,65.15,1.97,High,At Risk of Dehydration
21,Female,51.22,3.67,High,Hydrated
44,Male,61.78,3.44,High,At Risk of Dehydration
57,Male,50.07,2.44,Low,Hydrated
25,Female,64.81,3.3,Moderate,At Risk of Dehydration
49,Male,63.53,1.95,Low,At Risk of Dehydration
32,Female,90.57,3.88,Moderate,At Risk of Dehydration
22,Male,91.25,3.75,Moderate,Hydrated
19,Male,66.33,2.13,High,At Risk of Dehydration
52,Male,47.31,3.83,High,Hydrated
57,Male,83.49,2.19,Moderate,At Risk of Dehydration
50,Female,80.94,2.26,High,At Risk of Dehydration
18,Male,93.52,3.22,Moderate,At Risk of Dehydration
37,Female,59.62,3.32,High,Hydrated
24,Male,58.95,2.46,High,At Risk of Dehydration
44,Female,49.62,3.65,Moderate,Hydrated
21,Female,59.4,3.81,High,Hydrated
40,Female,60.28,3.74,Low,Hydrated
36,Female,60.76,1.41,High,At Risk of Dehydration
45,Female,50.28,2.5,High,Hydrated
51,Female,73.93,1.91,High,At Risk of Dehydration
26,Female,52.22,1.65,Moderate,At Risk of Dehydration
28,Female,58.75,1.48,High,At Risk of Dehydration
25,Male,76.29,2.71,Low,Hydrated
56,Female,59.11,3.48,Low,Hydrated
44,Female,53.33,2.07,Low,At Risk of Dehydration
59,Male,82.59,1.02,Moderate,At Risk of Dehydration
46,Female,64.09,2.49,Moderate,At Risk of Dehydration
55,Male,73.61,3.45,High,At Risk of Dehydration
26,Female,98.66,1.82,Moderate,At Risk of Dehydration
45,Female,76.7,1.25,High,At Risk of Dehydration
25,Male,53.73,2.3,High,At Risk of Dehydration
44,Female,67.59,1.86,Low,At Risk of Dehydration
53,Male,69.26,1.91,Low,At Risk of Dehydration
33,Female,56.53,2.21,High,At Risk of Dehydration
59,Male,82.43,1.53,High,At Risk of Dehydration
38,Female,70.36,2.88,Moderate,At Risk of Dehydration
47,Male,97.68,2.46,High,At Risk of Dehydration
27,Female,61.95,1.8,High,At Risk of Dehydration
29,Male,59.32,3.06,Moderate,Hydrated
57,Male,57.48,1.05,Moderate,At Risk of Dehydration
34,Male,47.84,2.53,High,At Risk of Dehydration
50,Male,56.13,3.23,Low,Hydrated
40,Female,84.12,1.15,High,At Risk of Dehydration
38,Male,52.2,3.23,Moderate,At Risk of Dehydration
52,Female,81.7,3.47,High,At Risk of Dehydration
57,Female,99.78,3.5,Low,At Risk of Dehydration
46,Female,56.89,2.9,Low,Hydrated
28,Female,57.6,3.08,Moderate,At Risk of Dehydration
55,Female,95.34,2.76,Moderate,Hydrated
50,Male,73.27,1.56,Moderate,At Risk of Dehydration
58,Female,71.39,1.01,Low,At Risk of Dehydration
47,Female,49.27,1.4,Moderate,Hydrated
22,Male,55.11,3.85,High,At Risk of Dehydration
49,Male,96.16,1.63,Low,At Risk of Dehydration
32,Female,92.41,3.34,Moderate,At Risk of Dehydration
43,Male,99.8,2.84,Low,At Risk of Dehydration
30,Female,93.47,1.76,High,At Risk of Dehydration
29,Male,50.8,3.53,Moderate,Hydrated
41,Female,68.14,3.52,Low,Hydrated
20,Male,48.21,3.14,Low,Hydrated
52,Female,47.19,2.14,Low,At Risk of Dehydration
27,Female,47.38,3.88,Low,At Risk of Dehydration
54,Male,57.02,2.33,Low,At Risk of Dehydration
35,Male,98.47,1.98,Low,At Risk of Dehydration
31,Male,60.12,3.14,Low,Hydrated
52,Female,81.86,3.83,Moderate,Hydrated
44,Male,63.02,3.2,High,Hydrated
24,Female,46.74,2.8,High,At Risk of Dehydration
35,Female,78.87,1.24,Low,At Risk of Dehydration
26,Male,76.16,1.24,Low,At Risk of Dehydration
21,Male,77.85,3.9,Moderate,Hydrated
39,Male,72.41,1.4,High,At Risk of Dehydration
20,Male,84.38,2.57,High,Hydrated
19,Male,53.87,3.21,Moderate,At Risk of Dehydration
28,Male,55.56,1.33,Low,At Risk of Dehydration
54,Female,61.69,2.17,High,At Risk of Dehydration
46,Male,74.91,3.66,Moderate,Hydrated
51,Male,77.48,3.1,Low,At Risk of Dehydration
19,Female,95.14,3.28,High,At Risk of Dehydration
37,Male,72.32,1.1,Low,At Risk of Dehydration
58,Female,71.71,3.89,Low,Hydrated
24,Female,81.75,3.48,Low,Hydrated
55,Female,67.69,1.55,Low,At Risk of Dehydration
47,Female,99.4,1.06,High,At Risk of Dehydration
43,Female,83.82,1.36,Low,At Risk of Dehydration
31,Male,67.94,1.33,Low,At Risk of Dehydration
45,Male,49.26,1.94,Low,At Risk of Dehydration
24,Female,60.82,3.07,Moderate,Hydrated
40,Female,46.26,3.4,High,Hydrated
35,Male,72.91,4.0,Moderate,Hydrated
48,Male,97.36,2.05,Low,At Risk of Dehydration
50,Male,70.5,3.92,High,Hydrated
41,Male,78.54,1.28,Moderate,At Risk of Dehydration
35,Female,87.87,1.21,High,At Risk of Dehydration
50,Female,59.04,2.11,Moderate,At Risk of Dehydration
39,Female,76.79,2.62,High,At Risk of Dehydration
48,Female,74.9,2.36,High,At Risk of Dehydration
51,Male,83.37,1.72,High,At Risk of Dehydration
27,Female,82.75,1.31,Low,At Risk of Dehydration
49,Female,47.83,2.03,Low,Hydrated
55,Male,81.9,2.82,Low,Hydrated
23,Male,80.05,3.45,Low,Hydrated
49,Male,92.34,3.23,High,At Risk of Dehydration
53,Female,56.52,2.99,High,At Risk of Dehydration
51,Female,62.73,1.56,Moderate,At Risk of Dehydration
21,Female,76.48,2.99,Moderate,Hydrated
59,Female,99.56,3.13,Low,At Risk of Dehydration
25,Male,50.19,3.29,High,Hydrated
29,Female,82.52,3.77,Moderate,At Risk of Dehydration
40,Female,55.91,1.81,Low,At Risk of Dehydration
24,Male,50.98,3.11,Low,At Risk of Dehydration
23,Male,58.07,3.62,Low,At Risk of Dehydration
45,Male,45.74,1.95,Low,Hydrated
21,Male,51.59,1.24,Moderate,At Risk of Dehydration
37,Male,49.28,3.5,Moderate,Hydrated
29,Male,55.16,1.59,High,Hydrated
34,Male,91.66,3.36,High,Hydrated
57,Male,70.57,3.35,Low,At Risk of Dehydration
18,Male,61.88,2.15,High,At Risk of Dehydration
28,Female,76.67,2.13,High,At Risk of Dehydration
34,Male,49.32,1.25,Moderate,At Risk of Dehydration
48,Male,46.1,2.06,High,At Risk of Dehydration
26,Male,53.56,2.91,High,At Risk of Dehydration
54,Female,46.37,3.85,Moderate,Hydrated
58,Female,81.59,3.32,High,Hydrated
21,Female,55.72,1.84,High,At Risk of Dehydration
46,Female,86.1,3.23,Low,Hydrated
34,Male,54.7,2.26,Low,At Risk of Dehydration
37,Female,83.89,2.35,Low,At Risk of Dehydration
45,Male,56.23,2.74,High,Hydrated
22,Male,67.86,3.81,Low,Hydrated
18,Male,93.69,3.1,High,Hydrated
46,Male,96.1,2.08,Moderate,At Risk of Dehydration
19,Male,47.47,1.9,High,Hydrated
26,Male,88.01,1.73,Moderate,At Risk of Dehydration
28,Male,88.39,1.98,Moderate,At Risk of Dehydration
54,Female,56.86,3.05,High,Hydrated
46,Female,93.99,1.14,Low,At Risk of Dehydration
32,Female,56.32,1.88,Moderate,Hydrated
19,Female,64.54,3.04,High,At Risk of Dehydration
28,Male,47.56,2.67,Moderate,At Risk of Dehydration
31,Female,91.77,1.12,Low,At Risk of Dehydration
48,Female,62.15,1.59,Low,At Risk of Dehydration
58,Male,55.22,2.07,High,At Risk of Dehydration
57,Male,54.17,3.4,High,At Risk of Dehydration
30,Female,62.15,1.49,Moderate,At Risk of Dehydration
22,Male,93.11,2.17,High,At Risk of Dehydration
47,Female,72.81,2.03,Low,At Risk of Dehydration
51,Male,63.14,2.61,Low,At Risk of Dehydration
47,Female,68.37,1.36,High,At Risk of Dehydration
31,Male,86.17,2.1,High,At Risk of Dehydration
49,Female,80.19,1.83,Low,At Risk of Dehydration
32,Female,79.44,2.51,Moderate,At Risk of Dehydration
43,Male,81.81,2.38,Moderate,At Risk of Dehydration
52,Male,65.05,3.07,High,Hydrated
22,Female,81.21,1.81,High,At Risk of Dehydration
21,Male,74.01,1.74,High,At Risk of Dehydration
59,Male,95.06,3.05,High,Hydrated
58,Male,85.42,2.14,Low,Hydrated
27,Male,70.06,3.18,High,Hydrated
44,Male,62.96,1.31,Moderate,At Risk of Dehydration
49,Male,86.95,3.74,Moderate,Hydrated
35,Female,88.6,3.0,Low,At Risk of Dehydration
46,Female,50.12,3.11,Moderate,Hydrated
56,Male,95.12,2.69,Low,At Risk of Dehydration
18,Female,49.22,3.79,Moderate,Hydrated
28,Male,92.16,1.61,High,At Risk of Dehydration
39,Male,87.86,2.72,Moderate,At Risk of Dehydration
45,Male,90.51,1.04,Low,At Risk of Dehydration
26,Female,56.14,1.16,Moderate,At Risk of Dehydration
33,Male,53.16,3.86,Moderate,Hydrated
38,Male,75.56,3.86,Low,Hydrated
51,Male,76.41,2.35,Low,At Risk of Dehydration
25,Male,53.82,1.36,High,At Risk of Dehydration
37,Male,81.81,1.36,Low,At Risk of Dehydration
34,Female,93.88,3.23,Low,Hydrated
28,Female,53.94,2.1,Moderate,At Risk of Dehydration
40,Female,51.53,2.45,High,At Risk of Dehydration
21,Female,84.4,3.05,High,Hydrated
40,Female,57.81,1.17,Moderate,At Risk of Dehydration
49,Male,53.74,3.82,High,Hydrated
40,Female,86.75,3.0,Moderate,Hydrated
57,Male,98.15,2.15,Low,At Risk of Dehydration
22,Female,66.3,3.31,High,Hydrated
52,Female,65.29,3.96,High,At Risk of Dehydration
45,Female,92.27,3.55,Low,Hydrated
33,Female,83.75,2.68,Moderate,At Risk of Dehydration
35,Female,51.35,3.13,High,Hydrated
35,Male,76.85,2.1,High,At Risk of Dehydration
40,Female,49.94,3.8,High,Hydrated
49,Male,56.99,3.29,Moderate,At Risk of Dehydration
33,Female,98.73,2.52,Low,At Risk of Dehydration
35,Female,53.0,2.41,Moderate,Hydrated
50,Male,98.34,1.84,Moderate,At Risk of Dehydration
55,Male,85.52,2.24,High,At Risk of Dehydration
30,Female,86.77,3.71,Moderate,At Risk of Dehydration
47,Male,63.54,1.38,Moderate,At Risk of Dehydration
27,Female,86.96,3.54,High,Hydrated
29,Male,91.02,3.34,Low,At Risk of Dehydration
22,Male,91.39,1.52,Moderate,At Risk of Dehydration
28,Male,54.59,2.14,High,At Risk of Dehydration
19,Male,72.81,1.81,High,At Risk of Dehydration
28,Female,86.07,3.67,Low,Hydrated
38,Female,76.11,3.97,High,Hydrated
30,Female,94.19,1.71,Low,At Risk of Dehydration
38,Male,46.19,3.48,Low,At Risk of Dehydration
57,Female,93.6,3.99,High,Hydrated
24,Female,79.04,2.95,High,At Risk of Dehydration
40,Male,78.9,1.55,High,At Risk of Dehydration
21,Female,80.38,2.23,Moderate,At Risk of Dehydration
20,Female,58.4,1.01,Moderate,At Risk of Dehydration
26,Male,93.1,1.15,High,At Risk of Dehydration
39,Male,47.16,3.48,High,Hydrated
50,Female,55.56,2.18,Moderate,At Risk of Dehydration
41,Male,47.76,3.8,Moderate,Hydrated
40,Female,79.02,2.7,Low,At Risk of Dehydration
30,Female,94.24,3.58,Moderate,Hydrated
36,Male,98.76,1.41,High,At Risk of Dehydration
44,Female,62.19,2.21,Low,At Risk of Dehydration
21,Female,51.35,3.77,High,At Risk of Dehydration
59,Male,70.12,2.31,Low,At Risk of Dehydration
28,Female,69.58,2.8,High,Hydrated
48,Male,63.23,2.63,Moderate,Hydrated
27,Female,49.03,2.38,Low,At Risk of Dehydration
29,Male,78.41,2.58,Low,Hydrated
35,Female,74.4,2.42,Moderate,At Risk of Dehydration
20,Male,58.35,2.06,High,At Risk of Dehydration
26,Female,47.77,2.53,Low,At Risk of Dehydration
55,Male,57.98,1.67,Moderate,At Risk of Dehydration
58,Male,66.7,3.78,Low,At Risk of Dehydration
21,Male,60.0,1.95,Low,At Risk of Dehydration
19,Female,48.79,1.63,Low,At Risk of Dehydration
21,Female,90.15,1.1,High,At Risk of Dehydration
21,Female,50.79,1.36,Low,At Risk of Dehydration
52,Female,81.18,1.22,Low,At Risk of Dehydration
20,Female,71.75,1.46,High,At Risk of Dehydration
31,Male,89.88,2.97,High,At Risk of Dehydration
46,Male,62.61,2.59,Moderate,At Risk of Dehydration
24,Female,59.97,1.71,High,At Risk of Dehydration
20,Male,54.38,3.6,High,Hydrated
25,Female,70.62,1.2,High,At Risk of Dehydration
33,Female,65.71,3.75,High,At Risk of Dehydration
27,Female,79.39,2.15,Moderate,At Risk of Dehydration
31,Female,88.51,2.88,Low,At Risk of Dehydration
23,Male,91.15,2.49,High,At Risk of Dehydration
19,Male,45.31,1.86,Moderate,At Risk of Dehydration
20,Female,90.75,1.53,High,At Risk of Dehydration
21,Male,73.03,3.17,High,At Risk of Dehydration
30,Female,97.41,3.86,Moderate,Hydrated
33,Male,72.0,3.66,Moderate,Hydrated
38,Male,83.14,1.55,High,At Risk of Dehydration
58,Female,70.37,2.07,High,At Risk of Dehydration
25,Male,89.46,1.62,Moderate,At Risk of Dehydration
35,Male,62.66,3.6,High,Hydrated
57,Female,75.83,2.44,High,At Risk of Dehydration
57,Male,70.45,2.85,Moderate,At Risk of Dehydration
36,Male,66.01,3.33,High,At Risk of Dehydration
35,Female,75.82,3.04,Low,Hydrated
58,Female,69.11,2.76,Low,At Risk of Dehydration
40,Male,54.49,3.3,Low,At Risk of Dehydration
32,Female,45.49,2.95,High,At Risk of Dehydration
37,Male,75.98,2.61,Moderate,At Risk of Dehydration
52,Female,59.26,3.29,Low,Hydrated
34,Female,81.74,2.76,Moderate,At Risk of Dehydration
52,Female,63.38,2.93,Moderate,At Risk of Dehydration
21,Female,71.27,1.56,High,At Risk of Dehydration
29,Female,73.67,2.33,Low,At Risk of Dehydration
58,Female,79.52,1.48,Moderate,At Risk of Dehydration
55,Female,66.48,1.29,Moderate,At Risk of Dehydration
59,Female,46.19,3.37,Low,Hydrated
34,Male,46.62,1.02,High,At Risk of Dehydration
28,Female,52.79,3.51,Moderate,Hydrated
32,Male,91.09,3.1,Low,Hydrated
43,Male,91.25,2.72,High,Hydrated
59,Male,51.24,1.25,High,At Risk of Dehydration
26,Male,80.98,3.13,Low,At Risk of Dehydration
23,Male,49.99,3.01,Low,At Risk of Dehydration
52,Male,92.78,3.47,Low,Hydrated
33,Male,57.66,2.33,High,At Risk of Dehydration
42,Male,51.14,1.15,Low,At Risk of Dehydration
20,Female,74.9,2.42,High,At Risk of Dehydration
40,Male,78.02,3.7,High,Hydrated
24,Female,98.9,3.27,Low,At Risk of Dehydration
29,Male,57.45,3.18,Low,Hydrated
31,Male,84.9,1.76,High,At Risk of Dehydration
19,Female,84.41,3.05,Moderate,At Risk of Dehydration
21,Male,90.2,1.25,Moderate,At Risk of Dehydration
51,Male,93.35,3.31,Moderate,At Risk of Dehydration
33,Female,74.84,1.83,High,At Risk of Dehydration
34,Female,94.29,3.41,High,At Risk of Dehydration
49,Male,99.28,3.0,Low,At Risk of Dehydration
51,Female,86.93,3.58,Moderate,Hydrated
47,Female,95.58,2.34,Low,At Risk of Dehydration
54,Male,75.19,2.25,High,At Risk of Dehydration
57,Female,61.04,1.33,High,At Risk of Dehydration
19,Male,58.15,1.35,Moderate,Hydrated
40,Male,63.56,2.18,Moderate,Hydrated
35,Female,86.15,1.16,Moderate,At Risk of Dehydration
49,Male,61.52,2.96,High,At Risk of Dehydration
20,Male,46.57,1.5,High,At Risk of Dehydration
25,Male,84.58,2.55,Moderate,At Risk of Dehydration
39,Male,70.2,1.48,Moderate,At Risk of Dehydration
54,Male,83.02,2.96,Moderate,At Risk of Dehydration
31,Female,76.3,1.41,High,At Risk of Dehydration
21,Male,97.1,2.98,Moderate,At Risk of Dehydration
46,Female,57.13,1.82,Moderate,At Risk of Dehydration
49,Female,98.16,2.62,High,At Risk of Dehydration
50,Female,47.09,2.74,Moderate,At Risk of Dehydration
35,Female,94.27,1.93,Low,At Risk of Dehydration
32,Female,51.73,1.57,High,At Risk of Dehydration
29,Male,93.65,3.6,Moderate,Hydrated
29,Female,75.08,1.06,Low,At Risk of Dehydration
50,Male,79.74,2.67,Moderate,At Risk of Dehydration
29,Male,66.85,3.83,Low,At Risk of Dehydration
51,Female,93.8,1.53,High,At Risk of Dehydration
39,Female,62.8,2.95,Low,At Risk of Dehydration
50,Male,93.99,1.79,High,At Risk of Dehydration
20,Female,71.75,1.46,High,At Risk of Dehydration
47,Male,55.55,2.13,High,At Risk of Dehydration
47,Male,51.18,1.81,Moderate,At Risk of Dehydration
47,Female,71.19,2.98,Moderate,At Risk of Dehydration
52,Male,50.51,1.47,Moderate,At Risk of Dehydration
35,Male,85.06,1.01,High,At Risk of Dehydration
35,Female,86.67,1.76,Low,At Risk of Dehydration
52,Female,53.58,3.55,Low,At Risk of Dehydration
21,Female,66.01,3.38,High,At Risk of Dehydration
32,Female,84.03,2.17,Moderate,At Risk of Dehydration
41,Male,72.98,3.84,High,Hydrated
59,Female,70.36,2.42,Moderate,At Risk of Dehydration
26,Male,94.89,1.84,Moderate,At Risk of Dehydration
43,Male,78.89,1.43,Low,At Risk of Dehydration
42,Male,50.61,3.91,High,Hydrated
45,Male,46.67,1.11,Low,At Risk of Dehydration
53,Female,68.11,3.56,Moderate,Hydrated
35,Male,75.67,1.73,High,At Risk of Dehydration
22,Male,94.11,2.22,High,At Risk of Dehydration
36,Female,69.15,1.75,Moderate,At Risk of Dehydration
20,Female,54.16,2.54,High,At Risk of Dehydration
33,Male,75.37,2.93,High,At Risk of Dehydration
28,Male,61.53,1.26,High,At Risk of Dehydration
51,Male,97.02,1.67,Moderate,At Risk of Dehydration
30,Female,76.91,2.71,Low,At Risk of Dehydration
45,Female,63.29,2.25,Moderate,At Risk of Dehydration
29,Male,84.49,2.59,Low,At Risk of Dehydration
34,Male,47.53,1.49,Moderate,At Risk of Dehydration
21,Female,76.09,1.21,High,At Risk of Dehydration
45,Male,62.6,2.51,High,Hydrated
54,Male,59.48,2.75,Low,At Risk of Dehydration
28,Female,75.96,1.88,Moderate,At Risk of Dehydration
18,Female,55.84,3.04,Moderate,At Risk of Dehydration
32,Male,56.09,1.2,Moderate,At Risk of Dehydration
49,Male,63.64,2.17,Moderate,Hydrated
48,Female,53.85,2.82,Low,At Risk of Dehydration
19,Male,88.51,1.56,Moderate,At Risk of Dehydration
53,Male,91.56,2.56,High,At Risk of Dehydration
25,Female,93.88,3.16,Moderate,At Risk of Dehydration
54,Female,84.38,1.31,High,At Risk of Dehydration
56,Female,86.92,1.32,Low,At Risk of Dehydration
59,Female,57.93,3.33,Moderate,Hydrated
57,Female,81.82,2.47,Low,At Risk of Dehydration
32,Female,73.89,3.79,High,At Risk of Dehydration
59,Female,84.24,1.43,Moderate,At Risk of Dehydration
19,Female,59.2,1.16,Moderate,At Risk of Dehydration
29,Male,54.16,2.46,High,At Risk of Dehydration
34,Female,87.02,3.69,Moderate,At Risk of Dehydration
52,Male,91.37,1.42,High,At Risk of Dehydration
19,Male,80.98,1.07,High,At Risk of Dehydration
41,Female,48.38,3.72,High,At Risk of Dehydration
36,Male,45.98,2.32,Low,At Risk of Dehydration
30,Male,90.35,1.32,High,At Risk of Dehydration
52,Male,56.1,1.73,Low,At Risk of Dehydration
40,Male,80.89,1.2,Low,Hydrated
31,Male,54.68,3.68,Moderate,Hydrated
50,Male,48.42,1.45,High,At Risk of Dehydration
48,Female,56.81,2.96,High,At Risk of Dehydration
21,Male,77.89,1.16,Low,At Risk of Dehydration
47,Male,65.55,2.88,Moderate,Hydrated
56,Female,64.07,2.02,Moderate,At Risk of Dehydration
36,Female,83.86,1.18,Low,At Risk of Dehydration
27,Male,85.08,1.51,Low,At Risk of Dehydration
29,Male,45.7,2.23,Moderate,At Risk of Dehydration
38,Male,74.77,2.09,Moderate,At Risk of Dehydration
52,Male,96.46,1.77,Low,At Risk of Dehydration
46,Female,52.37,1.28,Low,At Risk of Dehydration
46,Male,91.95,2.19,Low,At Risk of Dehydration
22,Female,85.65,3.69,Low,Hydrated
43,Female,85.23,3.19,Moderate,At Risk of Dehydration
31,Male,69.09,2.0,Low,At Risk of Dehydration
28,Female,45.94,1.94,Low,At Risk of Dehydration
29,Female,95.7,2.14,High,At Risk of Dehydration
21,Male,77.72,2.36,Low,At Risk of Dehydration
29,Female,82.38,2.78,Moderate,Hydrated
25,Female,70.56,2.23,Moderate,At Risk of Dehydration
19,Female,68.25,2.09,Low,At Risk of Dehydration
57,Female,63.49,3.68,High,Hydrated
42,Female,82.3,2.4,Moderate,At Risk of Dehydration
38,Female,96.3,1.41,High,At Risk of Dehydration
23,Female,88.88,2.71,Moderate,At Risk of Dehydration
46,Male,50.24,3.01,High,At Risk of Dehydration
22,Male,49.4,3.54,Moderate,At Risk of Dehydration
48,Female,99.27,1.06,Moderate,At Risk of Dehydration
41,Male,76.83,2.1,Moderate,At Risk of Dehydration
18,Female,93.99,1.64,Moderate,At Risk of Dehydration
21,Female,60.15,1.67,Low,At Risk of Dehydration
24,Male,46.03,3.53,High,At Risk of Dehydration
54,Female,61.8,1.3,Low,At Risk of Dehydration
57,Male,72.57,3.27,High,At Risk of Dehydration
33,Male,54.81,2.32,High,At Risk of Dehydration
37,Male,51.44,2.76,Low,At Risk of Dehydration
36,Female,62.62,2.9,Low,Hydrated
29,Female,98.19,1.84,Moderate,At Risk of Dehydration
34,Male,52.04,3.21,Moderate,Hydrated
23,Female,57.48,1.52,High,At Risk of Dehydration
41,Male,89.33,2.15,Low,At Risk of Dehydration
42,Male,67.69,1.78,Low,At Risk of Dehydration
23,Male,66.02,3.75,Low,Hydrated
50,Female,95.03,3.25,Low,At Risk of Dehydration
39,Male,80.58,1.92,High,At Risk of Dehydration
31,Female,80.77,3.66,Moderate,At Risk of Dehydration
49,Female,80.87,3.63,High,Hydrated
55,Female,94.51,2.37,Low,At Risk of Dehydration
43,Female,60.9,1.2,Low,At Risk of Dehydration
37,Female,47.92,3.07,Low,At Risk of Dehydration
33,Female,88.73,3.48,Moderate,Hydrated
41,Male,90.48,3.3,Moderate,At Risk of Dehydration
47,Female,49.0,2.01,Low,Hydrated
38,Male,60.14,1.77,Moderate,At Risk of Dehydration
33,Male,93.17,1.24,High,At Risk of Dehydration
48,Male,80.18,1.2,Moderate,At Risk of Dehydration
53,Female,75.51,3.49,Low,Hydrated
53,Male,82.84,3.0,Moderate,At Risk of Dehydration
29,Male,86.74,1.94,Low,At Risk of Dehydration
45,Female,47.2,3.05,High,At Risk of Dehydration
28,Male,81.71,1.48,Moderate,At Risk of Dehydration
34,Male,50.7,3.34,Low,Hydrated
40,Male,56.44,4.0,Moderate,Hydrated
53,Male,77.77,3.09,Moderate,At Risk of Dehydration
38,Female,99.94,3.63,High,At Risk of Dehydration
53,Female,94.55,3.82,Low,Hydrated
44,Female,82.11,1.81,High,At Risk of Dehydration
53,Female,60.92,3.91,High,Hydrated
51,Female,88.68,2.77,Moderate,At Risk of Dehydration
19,Male,74.26,2.95,Moderate,At Risk of Dehydration
52,Male,67.44,3.45,Moderate,Hydrated
48,Male,55.98,3.99,High,Hydrated
19,Female,76.88,1.7,Moderate,At Risk of Dehydration
53,Female,53.88,1.33,Low,Hydrated
50,Female,65.68,4.0,High,Hydrated
33,Male,67.23,1.3,High,At Risk of Dehydration
45,Male,52.32,3.9,High,Hydrated
25,Female,83.22,2.78,Moderate,At Risk of Dehydration
58,Male,51.11,2.01,Low,At Risk of Dehydration
38,Female,70.57,3.67,Moderate,Hydrated
34,Female,86.66,3.38,Moderate,Hydrated
53,Male,61.24,3.88,High,Hydrated
22,Male,68.33,2.01,Low,At Risk of Dehydration
45,Female,59.31,2.65,High,Hydrated
54,Male,60.62,3.54,Moderate,Hydrated
47,Female,76.33,3.41,Low,At Risk of Dehydration
42,Female,53.11,1.07,High,At Risk of Dehydration
59,Male,49.86,1.12,Moderate,At Risk of Dehydration
39,Female,80.99,2.7,High,At Risk of Dehydration
54,Female,53.94,1.87,Moderate,At Risk of Dehydration
29,Male,86.39,1.23,Low,At Risk of Dehydration
37,Male,62.26,3.5,High,At Risk of Dehydration
56,Male,63.41,2.8,Low,Hydrated
32,Male,99.05,1.12,High,At Risk of Dehydration
25,Male,81.39,1.22,High,At Risk of Dehydration
25,Male,55.34,1.88,Moderate,At Risk of Dehydration
58,Female,72.94,1.45,Low,At Risk of Dehydration
22,Male,64.8,3.31,Low,Hydrated
39,Male,88.88,1.97,Moderate,At Risk of Dehydration
46,Male,45.89,1.28,Low,At Risk of Dehydration
41,Female,49.78,1.14,Moderate,At Risk of Dehydration
24,Female,69.87,3.42,High,Hydrated
55,Male,73.17,1.9,High,At Risk of Dehydration
33,Female,74.58,2.42,Low,At Risk of Dehydration
54,Male,70.35,3.92,Low,Hydrated
54,Female,87.95,2.06,Moderate,At Risk of Dehydration
51,Female,54.04,1.53,Low,Hydrated
31,Female,86.43,3.49,Moderate,At Risk of Dehydration
55,Male,69.54,3.95,High,Hydrated
50,Female,50.26,3.97,High,Hydrated
24,Female,93.41,3.79,Moderate,At Risk of Dehydration
33,Male,77.02,2.74,High,At Risk of Dehydration
58,Female,61.48,1.77,High,At Risk of Dehydration
25,Female,79.73,1.36,High,Hydrated
31,Female,54.93,1.09,High,At Risk of Dehydration
56,Male,47.53,2.72,Low,At Risk of Dehydration
23,Female,89.76,3.12,Low,Hydrated
32,Female,60.66,1.39,Moderate,At Risk of Dehydration
33,Female,99.64,2.04,Low,At Risk of Dehydration
27,Male,93.14,1.88,Moderate,At Risk of Dehydration
28,Female,82.32,3.32,Moderate,Hydrated
51,Male,56.39,2.42,High,Hydrated
56,Female,79.01,2.31,High,At Risk of Dehydration
49,Male,77.22,3.93,Low,At Risk of Dehydration
56,Male,45.0,1.54,Low,At Risk of Dehydration
55,Female,95.34,1.87,High,Hydrated
28,Female,76.88,1.13,Moderate,At Risk of Dehydration
23,Female,68.34,1.04,High,At Risk of Dehydration
33,Female,57.67,3.91,Moderate,Hydrated
46,Female,83.8,2.77,Low,At Risk of Dehydration
24,Male,56.03,3.02,Low,At Risk of Dehydration
51,Male,56.93,2.43,Low,At Risk of Dehydration
54,Male,87.78,1.41,Low,At Risk of Dehydration
23,Female,48.28,1.75,Moderate,At Risk of Dehydration
26,Female,48.93,2.62,Low,At Risk of Dehydration
32,Male,50.35,1.65,Moderate,At Risk of Dehydration
18,Female,90.31,3.12,High,At Risk of Dehydration
45,Female,96.33,3.2,Low,Hydrated
43,Female,56.21,1.04,High,At Risk of Dehydration
30,Male,74.17,3.49,Low,Hydrated
22,Male,72.17,1.84,High,At Risk of Dehydration
57,Male,52.1,1.37,Moderate,At Risk of Dehydration
42,Male,94.21,2.63,Moderate,At Risk of Dehydration
19,Female,65.79,2.26,Moderate,At Risk of Dehydration
32,Female,71.63,2.4,Low,Hydrated
45,Female,88.42,1.38,Moderate,At Risk of Dehydration
56,Male,76.06,1.62,High,At Risk of Dehydration
36,Male,64.37,3.63,Moderate,Hydrated
46,Male,72.31,3.85,Low,Hydrated
54,Male,79.61,3.44,Moderate,At Risk of Dehydration
28,Female,82.0,3.62,High,At Risk of Dehydration
33,Male,63.21,3.72,Low,Hydrated
25,Male,79.57,3.67,Low,Hydrated
43,Male,47.83,1.2,Moderate,At Risk of Dehydration
46,Male,47.42,2.6,Low,At Risk of Dehydration
51,Male,97.04,3.81,High,Hydrated
33,Female,55.13,1.05,Moderate,Hydrated
19,Male,53.05,3.54,High,Hydrated
37,Male,50.6,1.13,High,At Risk of Dehydration
22,Male,81.48,3.19,Low,At Risk of Dehydration
25,Male,52.28,2.47,Moderate,Hydrated
34,Female,92.66,2.42,High,Hydrated
46,Male,60.71,2.3,Moderate,Hydrated
57,Female,57.58,1.02,High,At Risk of Dehydration
58,Female,56.46,3.79,Low,Hydrated
24,Male,77.19,3.49,Moderate,At Risk of Dehydration
44,Female,66.45,2.97,Low,Hydrated
23,Male,87.28,1.14,High,At Risk of Dehydration
47,Male,48.38,3.19,High,At Risk of Dehydration
18,Female,81.72,3.97,High,Hydrated
53,Female,74.04,2.29,Moderate,At Risk of Dehydration
46,Male,54.54,1.44,Moderate,At Risk of Dehydration
26,Female,86.04,3.07,High,At Risk of Dehydration
42,Male,61.67,3.38,Moderate,Hydrated
59,Female,99.46,2.71,Low,Hydrated
31,Male,60.85,2.27,Low,At Risk of Dehydration
49,Male,83.87,3.17,Moderate,Hydrated
42,Male,70.03,2.13,Moderate,At Risk of Dehydration
19,Male,58.02,1.61,High,At Risk of Dehydration
20,Male,96.27,1.1,High,At Risk of Dehydration
25,Female,53.25,1.14,Moderate,At Risk of Dehydration
31,Male,83.76,2.25,Low,At Risk of Dehydration
43,Female,49.21,3.4,Low,Hydrated
44,Female,68.47,2.19,Moderate,Hydrated
51,Male,84.77,2.24,Moderate,At Risk of Dehydration
57,Male,89.42,2.83,High,At Risk of Dehydration
49,Male,57.44,3.39,High,At Risk of Dehydration
44,Female,58.26,3.3,Moderate,Hydrated
18,Male,65.57,1.21,Moderate,At Risk of Dehydration
38,Male,69.74,2.66,High,At Risk of Dehydration
42,Female,60.91,3.5,High,Hydrated
27,Female,81.11,1.49,Low,At Risk of Dehydration
27,Female,52.99,3.68,High,Hydrated
55,Female,54.75,1.26,Low,At Risk of Dehydration
56,Male,74.47,1.18,Moderate,At Risk of Dehydration
29,Male,97.16,1.87,Moderate,At Risk of Dehydration
29,Male,47.61,3.47,Low,Hydrated
18,Female,50.43,3.56,Low,Hydrated
43,Male,78.71,3.43,Low,Hydrated
44,Female,92.23,3.38,Low,Hydrated
56,Female,86.57,1.26,Moderate,At Risk of Dehydration
33,Female,46.57,2.22,High,At Risk of Dehydration
50,Female,66.17,1.05,High,At Risk of Dehydration
29,Female,93.99,2.28,Moderate,At Risk of Dehydration
35,Male,54.42,1.8,High,At Risk of Dehydration
52,Female,86.02,1.64,Low,At Risk of Dehydration
40,Female,50.29,3.21,Low,At Risk of Dehydration
24,Female,61.77,2.51,Low,At Risk of Dehydration
18,Male,55.78,1.07,Low,At Risk of Dehydration
36,Male,75.35,3.66,Moderate,Hydrated
56,Female,63.29,2.92,Low,At Risk of Dehydration
21,Female,86.18,1.39,Low,At Risk of Dehydration
22,Female,70.21,1.59,Low,At Risk of Dehydration
38,Male,69.19,1.67,Moderate,Hydrated
27,Female,83.25,2.35,Low,At Risk of Dehydration
49,Female,54.11,1.76,Moderate,At Risk of Dehydration
51,Female,90.42,2.56,Moderate,At Risk of Dehydration
25,Male,99.72,3.35,High,At Risk of Dehydration
58,Female,81.03,1.25,High,At Risk of Dehydration
50,Female,66.76,2.73,High,At Risk of Dehydration
44,Female,95.95,1.81,Moderate,At Risk of Dehydration
50,Male,98.33,1.42,Moderate,At Risk of Dehydration
25,Male,63.79,2.95,Moderate,At Risk of Dehydration
57,Female,52.6,2.91,Low,Hydrated
41,Male,61.15,3.22,Moderate,Hydrated
26,Male,59.3,2.73,Low,Hydrated
32,Female,69.25,3.95,Low,Hydrated
39,Male,57.92,2.36,High,At Risk of Dehydration
18,Male,72.22,2.8,Moderate,At Risk of Dehydration
33,Male,64.41,2.48,Low,At Risk of Dehydration
38,Male,61.13,3.16,Moderate,Hydrated
31,Male,79.21,1.2,Moderate,At Risk of Dehydration
31,Female,95.15,3.72,High,At Risk of Dehydration
39,Female,83.82,1.84,High,At Risk of Dehydration
44,Female,91.38,3.53,Low,Hydrated
24,Female,57.83,2.73,High,Hydrated
30,Male,49.91,1.51,High,At Risk of Dehydration
23,Male,97.2,1.99,Low,At Risk of Dehydration
22,Female,54.89,1.94,Moderate,Hydrated
38,Male,79.06,2.72,Low,At Risk of Dehydration
30,Female,87.91,1.87,Low,At Risk of Dehydration
40,Female,79.36,1.51,High,At Risk of Dehydration
57,Male,96.89,3.93,Low,At Risk of Dehydration
57,Male,66.02,2.91,Low,Hydrated
36,Male,71.28,1.15,High,At Risk of Dehydration
18,Female,95.1,3.34,Moderate,At Risk of Dehydration
23,Male,97.07,1.02,High,At Risk of Dehydration
57,Male,54.27,1.01,Moderate,At Risk of Dehydration
53,Male,61.53,1.59,Low,Hydrated
36,Female,88.82,2.33,Low,At Risk of Dehydration
51,Male,69.18,3.27,High,Hydrated
21,Male,90.04,3.36,Moderate,At Risk of Dehydration
21,Male,77.51,2.29,Low,At Risk of Dehydration
35,Female,54.29,2.22,Moderate,At Risk of Dehydration
51,Female,66.39,2.48,High,At Risk of Dehydration
35,Female,55.69,3.02,Low,At Risk of Dehydration
27,Male,89.82,3.27,High,Hydrated
39,Female,56.16,1.96,Moderate,At Risk of Dehydration
41,Male,60.38,3.88,High,At Risk of Dehydration
36,Male,62.12,3.57,High,At Risk of Dehydration
49,Female,87.44,1.45,Low,At Risk of Dehydration
24,Female,48.88,1.03,Low,At Risk of Dehydration
35,Male,49.44,3.02,Moderate,At Risk of Dehydration
51,Male,57.36,3.19,Low,Hydrated
31,Male,84.49,3.47,Moderate,Hydrated
18,Female,71.09,2.36,Moderate,At Risk of Dehydration
25,Female,88.76,1.56,Low,At Risk of Dehydration
18,Female,55.44,1.13,Moderate,At Risk of Dehydration
32,Female,83.64,1.55,High,At Risk of Dehydration
21,Female,85.56,1.76,Low,At Risk of Dehydration
27,Female,67.59,1.32,High,At Risk of Dehydration
21,Female,85.24,1.69,Moderate,At Risk of Dehydration
56,Male,72.14,3.13,Low,Hydrated
40,Male,90.15,3.37,High,At Risk of Dehydration
28,Male,74.88,1.54,Low,At Risk of Dehydration
45,Female,66.84,2.79,High,At Risk of Dehydration
46,Female,98.2,3.62,Moderate,Hydrated
56,Female,55.87,1.21,Low,At Risk of Dehydration
20,Male,96.48,2.65,Moderate,At Risk of Dehydration
51,Male,85.47,3.38,Low,At Risk of Dehydration
50,Female,72.6,3.54,Low,Hydrated
31,Male,62.51,1.22,High,At Risk of Dehydration
55,Female,80.62,1.94,Moderate,At Risk of Dehydration
57,Male,66.93,1.72,Moderate,At Risk of Dehydration
45,Female,92.34,2.14,Moderate,At Risk of Dehydration
56,Female,88.8,2.76,Moderate,At Risk of Dehydration
31,Male,97.77,2.82,Low,Hydrated
40,Female,60.25,1.37,High,At Risk of Dehydration
29,Female,72.8,1.86,Low,At Risk of Dehydration
40,Male,72.83,3.71,Low,Hydrated
28,Male,53.49,1.08,Low,At Risk of Dehydration
19,Male,87.22,1.04,Moderate,At Risk of Dehydration
53,Female,74.04,2.29,Moderate,At Risk of Dehydration
38,Female,87.43,1.59,Moderate,At Risk of Dehydration
21,Female,72.32,2.11,Moderate,At Risk of Dehydration
50,Male,81.59,2.59,High,At Risk of Dehydration
48,Male,64.91,2.48,Moderate,At Risk of Dehydration
20,Female,63.49,3.17,Moderate,At Risk of Dehydration
51,Female,57.65,3.48,High,Hydrated
53,Female,65.34,1.2,Moderate,At Risk of Dehydration
20,Male,95.46,1.87,Low,At Risk of Dehydration
39,Female,48.18,2.78,Low,At Risk of Dehydration
35,Male,76.99,2.22,Low,At Risk of Dehydration
50,Female,46.74,3.96,High,Hydrated
36,Female,65.2,3.31,Low,Hydrated
58,Male,55.04,3.79,Moderate,Hydrated
51,Male,79.71,2.1,Low,Hydrated
50,Male,97.8,2.63,Low,At Risk of Dehydration
49,Female,52.92,3.21,High,Hydrated
55,Female,84.08,1.27,Low,At Risk of Dehydration
54,Female,94.48,2.24,High,At Risk of Dehydration
27,Female,67.63,4.0,Moderate,Hydrated
42,Female,51.09,3.38,High,At Risk of Dehydration
27,Female,98.87,2.02,Moderate,At Risk of Dehydration
45,Male,63.27,2.06,High,At Risk of Dehydration
39,Male,53.67,2.9,Moderate,At Risk of Dehydration
39,Female,85.27,3.62,High,Hydrated
59,Female,97.66,1.24,Low,At Risk of Dehydration
25,Female,75.35,1.28,Moderate,At Risk of Dehydration
22,Female,59.93,2.48,Low,At Risk of Dehydration
34,Female,54.51,3.7,Moderate,At Risk of Dehydration
59,Male,93.26,1.19,Low,At Risk of Dehydration
53,Male,62.66,3.64,High,Hydrated
31,Female,58.04,2.7,High,At Risk of Dehydration
18,Male,76.65,2.03,Low,At Risk of Dehydration
25,Female,64.13,2.63,Moderate,At Risk of Dehydration
23,Female,69.26,3.34,Low,At Risk of Dehydration
30,Male,53.8,2.39,High,At Risk of Dehydration
44,Female,63.73,2.23,High,At Risk of Dehydration
22,Female,80.51,1.72,Low,At Risk of Dehydration
19,Female,73.71,1.21,Moderate,At Risk of Dehydration
35,Male,58.32,1.4,Moderate,At Risk of Dehydration
52,Male,72.61,3.62,Low,Hydrated
23,Male,90.01,3.96,Moderate,Hydrated
49,Female,81.15,3.56,High,Hydrated
25,Female,79.52,3.17,Low,At Risk of Dehydration
41,Male,75.56,3.42,Moderate,Hydrated
58,Male,68.7,1.81,Low,At Risk of Dehydration
20,Male,50.57,2.51,High,At Risk of Dehydration
37,Female,91.21,3.92,Moderate,Hydrated
45,Female,74.82,3.21,High,At Risk of Dehydration
24,Male,54.71,1.72,Low,Hydrated
21,Female,95.54,2.19,Low,At Risk of Dehydration
40,Female,79.25,3.55,Moderate,Hydrated
26,Male,67.67,2.49,Low,At Risk of Dehydration
58,Male,96.8,1.89,Moderate,At Risk of Dehydration
30,Male,70.48,2.87,Moderate,At Risk of Dehydration
41,Female,58.19,1.71,Moderate,At Risk of Dehydration
58,Female,47.13,2.12,High,At Risk of Dehydration
39,Female,92.01,2.19,Low,At Risk of Dehydration
51,Female,67.95,2.67,High,At Risk of Dehydration
57,Female,83.04,3.26,High,At Risk of Dehydration
24,Female,79.33,3.19,High,Hydrated
51,Male,84.67,2.35,Low,At Risk of Dehydration
45,Male,68.38,3.28,Low,At Risk of Dehydration
57,Male,88.74,1.31,Moderate,At Risk of Dehydration
44,Male,75.62,2.62,High,At Risk of Dehydration
31,Male,98.3,3.54,Moderate,At Risk of Dehydration
57,Male,62.3,2.29,High,At Risk of Dehydration
34,Male,53.99,1.21,Moderate,At Risk of Dehydration
24,Female,45.57,2.66,High,At Risk of Dehydration
27,Female,80.73,2.0,Low,At Risk of Dehydration
49,Female,77.3,3.02,High,At Risk of Dehydration
23,Female,92.69,1.61,High,At Risk of Dehydration
59,Male,45.64,3.52,Moderate,At Risk of Dehydration
31,Male,49.32,3.82,Low,Hydrated
34,Male,78.11,3.77,Low,At Risk of Dehydration
25,Female,66.23,3.25,High,At Risk of Dehydration
46,Male,59.71,3.41,Moderate,Hydrated
20,Female,75.65,3.58,Low,Hydrated
53,Male,67.84,3.28,Low,Hydrated
29,Female,89.12,1.91,High,At Risk of Dehydration
45,Female,54.44,3.29,Low,At Risk of Dehydration
40,Female,58.9,3.16,Moderate,At Risk of Dehydration
41,Female,81.6,1.09,Low,At Risk of Dehydration
26,Female,86.88,3.72,Moderate,Hydrated
30,Female,58.85,2.71,Low,At Risk of Dehydration
20,Female,92.88,1.04,Moderate,At Risk of Dehydration
57,Female,54.71,3.5,Low,Hydrated
32,Female,86.91,3.35,Moderate,Hydrated
37,Female,67.26,1.73,Low,Hydrated
19,Female,94.86,2.17,High,At Risk of Dehydration
55,Male,51.02,3.22,High,At Risk of Dehydration
45,Male,57.13,2.42,Moderate,At Risk of Dehydration
41,Male,51.06,1.73,Moderate,At Risk of Dehydration
34,Female,84.1,3.39,High,Hydrated
25,Female,47.19,1.2,High,At Risk of Dehydration
45,Female,55.2,1.34,High,At Risk of Dehydration
27,Male,50.25,1.27,High,At Risk of Dehydration
25,Female,75.72,3.31,Low,Hydrated
35,Male,73.51,1.44,High,At Risk of Dehydration
34,Female,60.73,3.37,High,At Risk of Dehydration
30,Female,73.39,2.35,High,At Risk of Dehydration
58,Male,89.14,1.48,High,At Risk of Dehydration
56,Male,74.06,1.26,Low,At Risk of Dehydration
25,Male,96.15,1.54,High,At Risk of Dehydration
27,Female,82.55,1.77,High,At Risk of Dehydration
33,Female,89.09,1.59,Low,At Risk of Dehydration
41,Male,55.83,2.12,Moderate,At Risk of Dehydration
45,Male,64.24,3.82,High,Hydrated
32,Female,66.9,1.35,Low,At Risk of Dehydration
40,Male,83.02,2.91,High,At Risk of Dehydration
50,Female,46.86,3.06,High,At Risk of Dehydration
32,Male,61.28,1.51,High,At Risk of Dehydration
24,Female,84.16,3.83,Moderate,At Risk of Dehydration
46,Female,86.53,1.68,Low,At Risk of Dehydration
48,Female,51.1,2.78,Moderate,At Risk of Dehydration
18,Female,95.98,3.43,Moderate,Hydrated
23,Male,88.98,2.2,Moderate,At Risk of Dehydration
52,Female,76.62,2.9,High,At Risk of Dehydration
28,Female,56.47,1.25,Low,At Risk of Dehydration
26,Male,84.61,1.25,Moderate,At Risk of Dehydration
51,Male,53.2,3.48,Low,Hydrated
23,Male,95.4,3.51,Moderate,At Risk of Dehydration
50,Female,85.69,2.64,Low,Hydrated
29,Male,95.01,3.75,High,At Risk of Dehydration
33,Female,72.82,2.62,Low,At Risk of Dehydration
58,Female,88.07,2.59,Moderate,At Risk of Dehydration
51,Male,84.48,2.89,Low,At Risk of Dehydration
55,Male,66.74,2.68,Moderate,At Risk of Dehydration
36,Male,89.38,1.86,Low,At Risk of Dehydration
38,Female,82.96,2.32,Moderate,At Risk of Dehydration
58,Female,71.04,3.04,High,At Risk of Dehydration
28,Female,75.87,1.34,High,At Risk of Dehydration
37,Male,50.11,4.0,Moderate,Hydrated
52,Female,77.96,1.6,Moderate,At Risk of Dehydration
37,Female,55.37,1.64,Low,At Risk of Dehydration
57,Female,63.81,3.13,Low,Hydrated
19,Male,51.11,2.38,Low,Hydrated
48,Female,59.22,1.78,Moderate,At Risk of Dehydration
42,Male,58.93,3.53,Moderate,Hydrated
20,Female,57.81,1.06,High,At Risk of Dehydration
54,Male,61.19,2.96,High,At Risk of Dehydration
48,Male,93.59,1.27,High,At Risk of Dehydration
35,Male,56.07,3.03,Moderate,At Risk of Dehydration
30,Male,52.99,1.0,Moderate,At Risk of Dehydration
45,Male,56.7,2.05,Moderate,At Risk of Dehydration
38,Male,67.88,2.19,High,At Risk of Dehydration
32,Female,98.16,2.02,High,Hydrated
29,Female,87.62,1.04,Low,At Risk of Dehydration
42,Female,48.42,1.7,Low,At Risk of Dehydration
23,Female,49.12,2.88,Low,Hydrated
54,Female,67.5,3.55,Moderate,Hydrated
38,Male,88.63,2.23,Moderate,At Risk of Dehydration
32,Female,72.78,2.71,Moderate,At Risk of Dehydration
43,Female,75.25,1.69,High,At Risk of Dehydration
25,Male,57.85,3.55,High,Hydrated
40,Female,61.16,1.2,High,At Risk of Dehydration
49,Male,77.46,3.64,Moderate,Hydrated
58,Female,92.72,2.99,Moderate,At Risk of Dehydration
24,Male,95.92,1.51,Moderate,At Risk of Dehydration
47,Female,47.46,2.81,Moderate,Hydrated
45,Female,92.4,2.69,Low,At Risk of Dehydration
44,Male,99.47,3.23,Moderate,Hydrated
37,Female,47.61,1.63,High,At Risk of Dehydration
55,Female,92.02,2.42,Moderate,At Risk of Dehydration
21,Male,55.77,3.73,High,Hydrated
49,Female,55.62,2.49,Low,Hydrated
18,Male,63.46,2.75,High,At Risk of Dehydration
35,Female,64.02,2.91,Moderate,At Risk of Dehydration
36,Female,80.42,1.31,Moderate,At Risk of Dehydration
20,Male,58.74,1.94,Low,Hydrated
36,Female,91.9,3.22,High,At Risk of Dehydration
46,Female,45.89,3.3,Low,Hydrated
58,Male,55.26,3.92,Low,Hydrated
22,Male,62.43,2.29,Low,At Risk of Dehydration
36,Female,88.7,1.86,Moderate,At Risk of Dehydration
44,Male,77.8,3.08,Low,At Risk of Dehydration
23,Male,47.53,3.94,Low,Hydrated
46,Female,90.12,1.99,High,At Risk of Dehydration
28,Male,58.14,2.89,High,Hydrated
47,Female,70.21,3.94,Moderate,At Risk of Dehydration
29,Female,95.57,1.98,High,At Risk of Dehydration
41,Female,50.35,1.79,High,At Risk of Dehydration
29,Female,65.78,2.56,High,At Risk of Dehydration
32,Female,63.88,3.03,Low,Hydrated
40,Male,83.03,3.72,High,At Risk of Dehydration
29,Female,72.59,3.27,Low,Hydrated
22,Female,79.82,3.8,Moderate,Hydrated
19,Male,99.2,2.08,Low,At Risk of Dehydration
44,Female,80.9,3.46,Moderate,At Risk of Dehydration
49,Male,69.65,2.49,Low,At Risk of Dehydration
56,Female,52.12,1.1,Low,At Risk of Dehydration
40,Female,49.83,3.47,High,At Risk of Dehydration
44,Male,91.16,4.0,Low,Hydrated
31,Female,70.19,1.58,High,At Risk of Dehydration
49,Female,64.11,1.53,Low,At Risk of Dehydration
48,Male,54.61,3.99,High,Hydrated
26,Female,92.36,2.07,High,At Risk of Dehydration
19,Male,46.87,2.23,Moderate,At Risk of Dehydration
50,Female,62.75,1.04,Low,At Risk of Dehydration
29,Female,76.86,2.49,Moderate,At Risk of Dehydration
31,Female,71.17,3.81,High,Hydrated
32,Male,67.55,2.11,Moderate,At Risk of Dehydration
25,Female,58.6,3.94,High,Hydrated
38,Male,56.98,3.96,High,At Risk of Dehydration
23,Female,51.19,1.3,High,At Risk of Dehydration
21,Male,70.06,3.25,Low,Hydrated
53,Male,48.29,1.08,Low,At Risk of Dehydration
23,Female,52.72,1.64,Low,At Risk of Dehydration
25,Male,73.35,3.9,Low,Hydrated
47,Male,76.49,3.68,Low,Hydrated
50,Female,74.78,3.45,Moderate,At Risk of Dehydration
26,Female,58.83,2.69,High,At Risk of Dehydration
27,Female,48.52,3.77,High,At Risk of Dehydration
46,Female,64.34,3.21,Moderate,At Risk of Dehydration
57,Male,62.69,3.98,Low,Hydrated
29,Female,54.33,2.06,Moderate,Hydrated
32,Female,91.09,3.8,Low,At Risk of Dehydration
25,Female,86.75,1.57,High,At Risk of Dehydration
40,Male,80.62,2.28,Low,At Risk of Dehydration
18,Male,97.09,3.66,Low,Hydrated
50,Female,95.59,3.37,Low,Hydrated
50,Female,77.48,3.21,High,At Risk of Dehydration
29,Female,57.54,3.78,Moderate,Hydrated
29,Male,70.53,1.82,High,At Risk of Dehydration
35,Female,49.06,3.68,Moderate,At Risk of Dehydration
32,Male,83.96,1.27,High,At Risk of Dehydration
25,Male,61.43,1.32,Moderate,At Risk of Dehydration
54,Female,86.96,1.13,Low,At Risk of Dehydration
30,Male,75.18,2.53,High,At Risk of Dehydration
57,Male,83.19,1.48,Moderate,At Risk of Dehydration
30,Male,68.33,2.94,High,Hydrated
45,Male,59.03,2.3,High,At Risk of Dehydration
49,Female,58.53,2.93,High,At Risk of Dehydration
40,Male,54.98,2.3,High,Hydrated
27,Male,66.2,1.78,High,At Risk of Dehydration
23,Female,74.65,3.17,Low,Hydrated
55,Female,59.01,3.16,Moderate,Hydrated
59,Female,95.75,3.72,High,Hydrated
32,Female,88.88,3.48,Moderate,Hydrated
48,Male,90.69,3.82,High,At Risk of Dehydration
56,Female,48.05,1.96,Low,At Risk of Dehydration
22,Male,56.76,1.39,Low,At Risk of Dehydration
33,Female,90.46,3.57,Low,Hydrated
47,Female,71.26,1.74,High,Hydrated
42,Male,69.49,2.93,High,At Risk of Dehydration
57,Male,57.19,2.07,High,At Risk of Dehydration
45,Male,91.54,1.78,Moderate,At Risk of Dehydration
23,Male,78.57,2.5,High,At Risk of Dehydration
37,Female,54.83,2.86,Moderate,At Risk of Dehydration
45,Female,89.23,3.53,Low,At Risk of Dehydration
57,Male,50.86,2.23,Moderate,At Risk of Dehydration
20,Male,75.61,3.88,Low,Hydrated
59,Male,83.83,1.33,Moderate,At Risk of Dehydration
39,Male,72.13,1.31,High,At Risk of Dehydration
51,Male,72.17,2.42,Moderate,At Risk of Dehydration
18,Male,48.34,3.93,Moderate,At Risk of Dehydration
19,Male,54.42,2.28,Moderate,At Risk of Dehydration
23,Male,69.86,2.36,Moderate,Hydrated
40,Male,47.65,3.52,Low,Hydrated
58,Male,76.49,3.34,Low,Hydrated
37,Female,79.99,3.6,Low,Hydrated
26,Male,93.81,1.13,Moderate,At Risk of Dehydration
51,Female,59.84,2.44,Low,Hydrated
59,Male,82.59,3.62,Moderate,At Risk of Dehydration
27,Male,49.72,2.59,High,At Risk of Dehydration
38,Female,61.74,3.44,Moderate,At Risk of Dehydration
49,Female,63.66,2.95,Moderate,At Risk of Dehydration
30,Female,45.08,1.16,Moderate,At Risk of Dehydration
33,Male,77.05,2.02,High,At Risk of Dehydration
33,Male,67.6,2.26,Low,Hydrated
39,Male,61.94,3.89,Moderate,Hydrated
46,Female,51.97,3.02,Moderate,Hydrated
33,Male,45.36,2.08,Low,At Risk of Dehydration
44,Male,93.14,2.08,Low,At Risk of Dehydration
37,Male,82.48,3.4,Low,At Risk of Dehydration
59,Male,62.5,2.31,High,At Risk of Dehydration
28,Female,59.09,2.05,Moderate,Hydrated
50,Female,59.04,2.6,Moderate,Hydrated
25,Male,91.76,2.93,Moderate,At Risk of Dehydration
51,Female,83.39,2.76,Moderate,At Risk of Dehydration
30,Male,84.75,3.11,Moderate,At Risk of Dehydration
32,Male,87.18,3.4,Moderate,Hydrated
24,Male,86.97,3.99,Low,Hydrated
53,Female,84.38,3.95,Moderate,Hydrated
40,Male,81.22,3.38,Moderate,Hydrated
53,Female,55.58,2.4,Moderate,At Risk of Dehydration
52,Male,98.84,3.07,Low,Hydrated
59,Male,62.2,1.78,Moderate,At Risk of Dehydration
38,Female,61.98,2.32,Low,At Risk of Dehydration
52,Female,92.84,3.12,Moderate,Hydrated
59,Female,51.09,1.22,Low,At Risk of Dehydration
33,Female,53.15,2.72,Low,Hydrated
44,Male,59.45,1.97,Low,At Risk of Dehydration
23,Female,95.54,3.22,Moderate,Hydrated
32,Female,49.09,1.74,Low,At Risk of Dehydration
50,Male,72.5,3.83,Moderate,Hydrated
59,Female,91.77,2.2,High,At Risk of Dehydration
56,Male,47.74,2.49,Moderate,Hydrated
44,Male,75.29,1.4,Low,At Risk of Dehydration
46,Male,79.89,1.72,Moderate,At Risk of Dehydration
46,Male,71.6,1.4,Moderate,At Risk of Dehydration
43,Female,64.19,2.48,High,At Risk of Dehydration
46,Female,79.24,1.85,Moderate,At Risk of Dehydration
33,Female,56.63,1.34,High,At Risk of Dehydration
41,Female,77.13,1.86,Moderate,At Risk of Dehydration
39,Female,83.26,2.65,Moderate,At Risk of Dehydration
23,Male,60.45,2.45,Low,At Risk of Dehydration
41,Male,98.92,3.54,High,At Risk of Dehydration
34,Female,84.86,1.7,High,At Risk of Dehydration
21,Male,56.23,1.61,Moderate,At Risk of Dehydration
55,Male,71.92,2.93,Low,Hydrated
36,Female,59.12,2.75,Low,At Risk of Dehydration
38,Female,62.05,3.6,High,At Risk of Dehydration
52,Male,89.65,1.87,Moderate,At Risk of Dehydration
54,Female,84.54,3.67,Low,Hydrated
38,Male,75.73,2.53,Low,At Risk of Dehydration
36,Male,90.25,2.15,Moderate,At Risk of Dehydration
42,Female,91.72,2.71,Low,At Risk of Dehydration
28,Female,81.14,3.14,Moderate,Hydrated
35,Male,80.5,1.92,High,At Risk of Dehydration
30,Male,81.2,2.69,High,At Risk of Dehydration
19,Male,73.57,3.47,Moderate,Hydrated
18,Male,66.25,1.41,Low,At Risk of Dehydration
24,Female,83.23,3.34,Low,Hydrated
38,Male,80.87,3.74,Moderate,Hydrated
24,Female,94.99,1.88,Low,At Risk of Dehydration
57,Female,90.45,1.97,Moderate,Hydrated
26,Female,47.53,1.01,Moderate,At Risk of Dehydration
47,Female,81.16,2.74,Low,Hydrated
37,Female,78.36,2.37,Moderate,At Risk of Dehydration
46,Female,70.29,3.49,High,Hydrated
19,Female,66.26,1.53,Moderate,At Risk of Dehydration
55,Male,97.02,1.97,Low,At Risk of Dehydration
26,Female,75.76,1.56,High,At Risk of Dehydration
23,Male,91.38,3.84,Low,Hydrated
23,Male,53.91,2.74,Moderate,At Risk of Dehydration
47,Female,68.32,2.77,High,At Risk of Dehydration
43,Female,54.23,2.82,High,Hydrated
47,Male,52.98,2.18,Low,Hydrated
28,Female,98.74,3.68,High,Hydrated
27,Male,80.56,2.56,High,At Risk of Dehydration
23,Female,88.17,2.53,Low,At Risk of Dehydration
33,Female,51.37,3.26,High,At Risk of Dehydration
24,Male,75.19,2.23,Low,At Risk of Dehydration
48,Male,77.96,1.56,Moderate,At Risk of Dehydration
36,Female,72.25,3.45,Moderate,Hydrated
44,Female,51.86,1.96,Low,At Risk of Dehydration
52,Male,73.23,2.31,Low,At Risk of Dehydration
18,Male,95.55,1.03,High,At Risk of Dehydration
31,Female,82.08,3.3,Low,Hydrated
29,Female,68.28,2.12,Low,At Risk of Dehydration
51,Female,93.17,3.42,High,At Risk of Dehydration
34,Female,86.72,1.11,High,At Risk of Dehydration
45,Male,52.19,3.82,Low,Hydrated
35,Female,64.93,1.09,Moderate,At Risk of Dehydration
34,Male,61.64,2.13,Moderate,At Risk of Dehydration
29,Male,54.55,3.35,Moderate,At Risk of Dehydration
44,Female,96.78,2.13,High,At Risk of Dehydration
22,Male,46.44,1.13,Low,At Risk of Dehydration
56,Male,76.29,3.36,High,At Risk of Dehydration
18,Female,99.36,1.23,High,At Risk of Dehydration
20,Male,88.89,2.5,Low,Hydrated
25,Male,50.98,1.72,Moderate,At Risk of Dehydration
52,Female,60.02,1.43,High,At Risk of Dehydration
47,Male,59.34,1.75,Low,At Risk of Dehydration
18,Male,92.75,1.61,Low,At Risk of Dehydration
25,Female,57.74,3.47,Moderate,Hydrated
42,Male,49.24,2.22,High,At Risk of Dehydration
53,Female,53.26,1.47,Low,At Risk of Dehydration
48,Female,69.01,3.59,High,At Risk of Dehydration
19,Male,46.48,3.73,Low,Hydrated
29,Female,93.42,2.82,High,Hydrated
56,Female,78.01,1.35,Moderate,At Risk of Dehydration
59,Female,56.52,2.69,Moderate,At Risk of Dehydration
50,Female,58.04,3.57,High,At Risk of Dehydration
28,Male,88.43,3.3,High,Hydrated
35,Male,62.53,1.64,Moderate,At Risk of Dehydration
28,Female,54.87,3.47,Low,Hydrated
35,Male,71.6,3.46,Low,Hydrated
38,Female,53.86,3.44,Moderate,At Risk of Dehydration
31,Female,62.36,2.95,Moderate,At Risk of Dehydration
25,Female,51.19,3.9,Moderate,At Risk of Dehydration
18,Male,69.24,2.03,Moderate,At Risk of Dehydration
18,Female,51.39,2.15,Low,Hydrated
24,Female,50.09,1.31,Low,At Risk of Dehydration
22,Male,86.92,1.87,Low,At Risk of Dehydration
48,Male,80.2,1.23,Low,At Risk of Dehydration
26,Female,88.65,1.11,Low,At Risk of Dehydration
44,Male,70.9,1.69,High,At Risk of Dehydration
28,Male,81.75,1.79,High,At Risk of Dehydration
59,Female,83.81,3.5,High,Hydrated
23,Male,66.76,3.78,Moderate,Hydrated
58,Male,64.49,2.58,Low,Hydrated
21,Female,77.98,2.48,High,At Risk of Dehydration
49,Male,72.09,1.19,Moderate,At Risk of Dehydration
39,Female,59.76,3.89,Low,Hydrated
35,Female,67.4,1.72,Low,At Risk of Dehydration
49,Female,45.24,1.58,Low,At Risk of Dehydration
21,Male,97.87,1.49,Low,At Risk of Dehydration
44,Female,96.03,3.74,High,At Risk of Dehydration
47,Female,82.53,1.54,High,At Risk of Dehydration
50,Male,89.61,1.37,Low,At Risk of Dehydration
19,Female,99.95,2.14,Low,Hydrated
42,Female,90.7,2.6,Low,At Risk of Dehydration
25,Male,51.79,1.57,Low,At Risk of Dehydration
57,Female,99.79,2.72,High,At Risk of Dehydration
29,Male,84.79,1.17,Moderate,At Risk of Dehydration
39,Female,84.1,3.69,Low,Hydrated
52,Female,65.99,3.95,Low,Hydrated
48,Male,71.33,3.3,Low,Hydrated
53,Female,97.61,1.17,Moderate,At Risk of Dehydration
43,Male,68.4,2.29,Moderate,At Risk of Dehydration
57,Female,55.39,1.42,Moderate,At Risk of Dehydration
18,Male,80.12,3.43,Moderate,At Risk of Dehydration
21,Male,98.43,2.17,Low,At Risk of Dehydration
50,Male,49.68,2.94,Low,At Risk of Dehydration
43,Male,71.68,2.15,High,At Risk of Dehydration
36,Female,83.46,1.6,High,At Risk of Dehydration
22,Male,84.81,3.1,Moderate,At Risk of Dehydration
42,Female,45.47,1.05,High,At Risk of Dehydration
36,Male,78.4,1.01,Moderate,At Risk of Dehydration
26,Female,90.24,2.44,High,At Risk of Dehydration
51,Female,46.49,1.41,High,At Risk of Dehydration
21,Female,86.85,1.87,Moderate,At Risk of Dehydration
19,Female,86.73,2.68,Moderate,At Risk of Dehydration
28,Female,79.62,3.67,High,At Risk of Dehydration
34,Female,59.8,1.19,High,At Risk of Dehydration
51,Male,77.98,1.47,High,At Risk of Dehydration
49,Male,71.38,2.43,Moderate,At Risk of Dehydration
40,Female,90.81,1.78,High,At Risk of Dehydration
22,Female,92.9,3.78,Moderate,Hydrated
25,Male,68.95,2.17,Low,Hydrated
51,Female,46.53,3.51,Low,Hydrated
27,Male,61.0,2.42,Low,At Risk of Dehydration
58,Male,85.02,3.08,Low,Hydrated
56,Male,84.31,1.89,Low,At Risk of Dehydration
51,Male,86.09,2.6,Low,At Risk of Dehydration
52,Female,75.44,2.63,Low,At Risk of Dehydration
29,Male,58.54,2.0,Low,At Risk of Dehydration
45,Male,55.95,1.1,Moderate,At Risk of Dehydration
29,Female,75.73,2.21,Low,At Risk of Dehydration
33,Female,49.84,2.82,Low,At Risk of Dehydration
43,Male,97.65,3.41,High,Hydrated
51,Male,72.43,3.1,Low,At Risk of Dehydration
45,Female,56.33,3.75,Moderate,Hydrated
32,Male,52.56,1.99,High,At Risk of Dehydration
20,Male,63.85,3.24,High,Hydrated
48,Male,47.47,1.26,Moderate,At Risk of Dehydration
56,Male,81.49,1.96,Low,At Risk of Dehydration
22,Female,66.93,1.81,High,At Risk of Dehydration
51,Male,91.66,1.95,Low,At Risk of Dehydration
30,Male,88.03,1.63,Moderate,At Risk of Dehydration
44,Male,74.45,3.52,Moderate,Hydrated
38,Male,59.54,2.09,High,At Risk of Dehydration
58,Female,70.58,3.98,High,Hydrated
43,Female,84.05,2.35,High,At Risk of Dehydration
27,Male,49.12,2.75,High,At Risk of Dehydration
33,Male,99.61,2.14,Moderate,At Risk of Dehydration
38,Female,49.97,3.03,Moderate,Hydrated
50,Male,79.45,1.6,High,At Risk of Dehydration
57,Female,60.36,3.89,Low,Hydrated
54,Female,78.67,3.98,High,At Risk of Dehydration
53,Female,93.46,3.06,High,At Risk of Dehydration
23,Male,50.49,2.23,Moderate,At Risk of Dehydration
48,Male,92.01,3.63,Low,Hydrated
31,Male,84.5,2.09,Moderate,At Risk of Dehydration
52,Female,70.64,3.58,Moderate,Hydrated
26,Male,46.18,3.39,Low,Hydrated
32,Male,75.48,2.98,Low,Hydrated
29,Female,75.18,3.4,Low,Hydrated
52,Female,83.59,3.65,Moderate,At Risk of Dehydration
47,Female,79.46,3.24,Moderate,Hydrated
52,Male,46.17,1.26,Low,At Risk of Dehydration
18,Male,67.38,2.64,Moderate,At Risk of Dehydration
44,Female,90.24,3.57,Low,Hydrated
25,Female,95.01,3.81,Low,Hydrated
32,Male,56.61,1.2,Moderate,At Risk of Dehydration
46,Female,89.74,3.11,Low,Hydrated
41,Female,65.18,2.8,Low,At Risk of Dehydration
58,Female,99.15,1.19,Low,At Risk of Dehydration
35,Female,86.81,3.44,High,Hydrated
36,Male,75.68,3.72,High,Hydrated
24,Female,80.52,2.7,High,Hydrated
42,Male,53.54,2.39,Low,At Risk of Dehydration
44,Female,63.77,2.71,High,At Risk of Dehydration
36,Female,49.6,1.75,High,At Risk of Dehydration
27,Male,46.54,3.14,Moderate,Hydrated
59,Female,93.59,1.51,Low,At Risk of Dehydration
27,Male,72.92,1.27,High,At Risk of Dehydration
33,Female,88.89,3.61,High,Hydrated
24,Female,85.05,1.46,Moderate,At Risk of Dehydration
20,Female,73.18,1.77,Moderate,At Risk of Dehydration
37,Female,50.43,3.36,High,At Risk of Dehydration
42,Male,70.28,2.81,Low,Hydrated
44,Male,87.57,2.06,High,At Risk of Dehydration
57,Male,76.53,1.5,High,At Risk of Dehydration
45,Female,63.35,3.47,Moderate,Hydrated
52,Male,96.09,3.74,Moderate,Hydrated
34,Female,62.41,2.38,Moderate,Hydrated
44,Male,65.12,3.46,Low,Hydrated
58,Female,45.46,3.18,Low,At Risk of Dehydration
46,Male,64.43,2.47,High,At Risk of Dehydration
32,Male,62.96,1.45,High,At Risk of Dehydration
25,Female,78.92,3.26,Low,Hydrated
51,Male,85.71,3.32,High,At Risk of Dehydration
41,Female,59.07,3.76,Low,Hydrated
35,Female,64.74,3.66,High,Hydrated
34,Female,83.21,1.6,High,At Risk of Dehydration
42,Male,80.66,3.67,High,Hydrated
53,Male,53.93,1.39,Low,At Risk of Dehydration
51,Female,59.4,1.74,Moderate,At Risk of Dehydration
53,Female,57.22,1.9,Low,At Risk of Dehydration
48,Male,58.9,2.34,High,At Risk of Dehydration
27,Male,88.8,1.69,Low,At Risk of Dehydration
58,Male,80.45,2.78,Low,At Risk of Dehydration
24,Female,46.9,3.58,Low,Hydrated
57,Female,87.24,1.18,High,At Risk of Dehydration
55,Male,90.37,3.41,Low,Hydrated
51,Female,92.41,1.82,Low,Hydrated
37,Male,82.87,3.88,Low,Hydrated
37,Male,55.74,3.46,Moderate,Hydrated
25,Male,56.39,2.18,Moderate,At Risk of Dehydration
20,Female,91.5,1.54,Moderate,At Risk of Dehydration
32,Female,78.25,1.14,Moderate,At Risk of Dehydration
35,Female,85.26,3.13,High,Hydrated
19,Female,63.23,1.89,Low,At Risk of Dehydration
42,Male,90.12,3.75,Low,At Risk of Dehydration
26,Female,82.13,1.04,Moderate,At Risk of Dehydration
26,Male,68.41,1.1,Moderate,At Risk of Dehydration
52,Male,93.07,2.56,Moderate,At Risk of Dehydration
46,Female,94.96,1.06,Moderate,At Risk of Dehydration
33,Male,69.66,2.81,Moderate,At Risk of Dehydration
37,Male,73.18,1.96,Moderate,At Risk of Dehydration
25,Male,65.85,3.19,Low,Hydrated
31,Male,83.02,2.85,Low,At Risk of Dehydration
58,Male,46.95,3.22,Moderate,At Risk of Dehydration
47,Male,79.6,3.42,Low,Hydrated
49,Female,51.56,2.56,Low,At Risk of Dehydration
26,Male,90.24,3.98,Low,Hydrated
49,Male,46.68,3.96,Moderate,Hydrated
45,Female,72.33,1.7,High,At Risk of Dehydration
41,Female,74.61,1.08,Moderate,At Risk of Dehydration
41,Male,80.68,2.46,Low,At Risk of Dehydration
37,Female,56.83,1.22,High,At Risk of Dehydration
28,Male,98.57,3.3,Low,Hydrated
48,Male,76.88,3.9,High,At Risk of Dehydration
50,Female,56.01,3.75,Moderate,Hydrated
54,Male,62.95,2.53,Moderate,At Risk of Dehydration
53,Male,57.56,2.8,High,At Risk of Dehydration
45,Female,50.62,1.53,High,At Risk of Dehydration
21,Male,84.58,3.74,Moderate,Hydrated
36,Female,61.23,1.08,High,At Risk of Dehydration
50,Female,76.04,1.63,Moderate,At Risk of Dehydration
50,Female,91.11,2.12,High,At Risk of Dehydration
48,Male,46.34,3.0,Moderate,Hydrated
48,Male,62.65,3.01,Low,Hydrated
19,Male,94.89,2.39,Low,At Risk of Dehydration
59,Male,70.5,3.77,High,Hydrated
25,Male,49.09,1.63,Low,At Risk of Dehydration
53,Female,81.2,3.04,Low,Hydrated
59,Female,66.14,1.48,High,At Risk of Dehydration
52,Male,63.5,1.66,Low,At Risk of Dehydration
25,Female,83.76,1.11,Moderate,At Risk of Dehydration
35,Female,47.76,2.76,High,At Risk of Dehydration
50,Male,89.38,1.62,High,At Risk of Dehydration
55,Male,54.16,1.78,High,At Risk of Dehydration
48,Female,75.69,3.45,Moderate,At Risk of Dehydration
23,Female,65.16,1.1,Low,At Risk of Dehydration
26,Female,47.67,1.22,High,At Risk of Dehydration
51,Female,57.38,2.02,Low,At Risk of Dehydration
51,Male,78.62,1.5,Low,At Risk of Dehydration
28,Female,74.92,3.86,Low,Hydrated
57,Female,63.32,3.44,High,At Risk of Dehydration
56,Male,80.93,2.1,Moderate,At Risk of Dehydration
21,Male,73.79,3.16,High,At Risk of Dehydration
32,Male,70.91,2.47,Moderate,At Risk of Dehydration
55,Male,51.41,2.67,Moderate,At Risk of Dehydration
46,Male,50.93,2.57,High,At Risk of Dehydration
44,Female,52.7,3.88,High,Hydrated
36,Female,45.32,2.95,Low,At Risk of Dehydration
36,Female,64.6,3.71,Low,Hydrated
59,Male,79.55,3.17,High,At Risk of Dehydration
46,Female,95.02,3.85,Low,Hydrated
34,Female,59.16,3.42,Low,At Risk of Dehydration
30,Female,87.34,2.79,Moderate,At Risk of Dehydration
22,Male,73.21,1.05,High,At Risk of Dehydration
52,Male,93.63,2.41,Low,At Risk of Dehydration
37,Male,96.51,1.06,Moderate,At Risk of Dehydration
31,Male,53.06,1.25,Low,At Risk of Dehydration
46,Female,84.73,3.79,High,At Risk of Dehydration
26,Female,59.37,3.79,High,At Risk of Dehydration
32,Male,57.42,3.74,Moderate,Hydrated
43,Female,45.29,2.21,Low,Hydrated
51,Male,97.32,3.39,Low,At Risk of Dehydration
56,Male,62.9,2.47,Low,Hydrated
32,Female,87.74,3.06,High,At Risk of Dehydration
45,Female,86.76,1.73,Moderate,At Risk of Dehydration
22,Female,56.24,3.34,Low,At Risk of Dehydration
23,Female,63.07,1.57,High,At Risk of Dehydration
35,Male,68.1,1.63,Moderate,At Risk of Dehydration
45,Male,52.54,1.45,Low,At Risk of Dehydration
41,Female,52.02,3.27,Low,Hydrated
38,Female,52.46,1.08,Low,At Risk of Dehydration
34,Male,55.36,2.48,Moderate,At Risk of Dehydration
46,Male,72.03,2.22,Low,At Risk of Dehydration
58,Female,77.13,2.5,High,At Risk of Dehydration
44,Male,58.1,3.98,Low,Hydrated
49,Male,47.07,3.02,Moderate,Hydrated
57,Female,45.84,2.23,Low,Hydrated
55,Male,86.52,2.31,Moderate,At Risk of Dehydration
28,Male,82.81,1.42,Low,At Risk of Dehydration
52,Male,79.11,2.38,High,At Risk of Dehydration
32,Male,76.88,1.24,High,At Risk of Dehydration
40,Female,80.5,1.42,Low,Hydrated
35,Male,66.32,3.5,Low,Hydrated
21,Female,81.3,2.5,Low,At Risk of Dehydration
37,Female,81.55,2.22,High,Hydrated
39,Female,78.77,1.11,High,At Risk of Dehydration
20,Male,48.97,1.18,High,At Risk of Dehydration
41,Male,76.89,2.76,Low,At Risk of Dehydration
23,Female,48.92,2.84,High,At Risk of Dehydration
45,Male,73.21,2.61,High,At Risk of Dehydration
21,Female,50.96,3.41,Low,Hydrated
42,Male,57.68,3.33,High,Hydrated
32,Male,56.83,3.37,High,At Risk of Dehydration
19,Female,76.22,1.42,Moderate,At Risk of Dehydration
50,Female,90.95,1.14,Low,At Risk of Dehydration
28,Female,99.86,1.69,Low,At Risk of Dehydration
23,Male,92.08,2.31,Low,At Risk of Dehydration
29,Female,82.77,3.67,High,Hydrated
40,Female,97.09,1.24,Low,At Risk of Dehydration
32,Male,46.42,3.91,Moderate,Hydrated
51,Female,97.42,3.17,Low,Hydrated
26,Female,47.81,3.47,Moderate,Hydrated
36,Female,62.19,3.86,Moderate,Hydrated
27,Male,55.91,3.45,Low,Hydrated
55,Female,49.46,3.35,Low,Hydrated
25,Male,45.15,2.27,High,At Risk of Dehydration
34,Female,95.02,2.18,Moderate,At Risk of Dehydration
39,Female,84.66,2.8,Low,Hydrated
32,Male,60.41,3.51,Moderate,Hydrated
40,Male,71.92,2.71,Low,At Risk of Dehydration
46,Male,78.41,1.55,Low,At Risk of Dehydration
47,Male,50.65,2.13,Moderate,At Risk of Dehydration
54,Female,84.07,1.81,Low,At Risk of Dehydration
19,Female,59.68,1.07,Moderate,At Risk of Dehydration
22,Female,48.86,1.26,Low,Hydrated
22,Male,48.63,2.97,Low,Hydrated
47,Female,55.29,1.45,Low,At Risk of Dehydration
56,Female,51.14,1.18,High,At Risk of Dehydration
33,Female,64.28,1.97,High,At Risk of Dehydration
32,Male,74.26,2.33,Low,At Risk of Dehydration
57,Male,95.8,2.09,Moderate,Hydrated
20,Female,47.65,2.99,Moderate,Hydrated
49,Female,80.46,3.25,Moderate,At Risk of Dehydration
36,Female,47.33,2.64,Low,At Risk of Dehydration
45,Male,58.71,3.4,Low,Hydrated
45,Female,46.27,3.91,Low,Hydrated
57,Male,61.08,2.36,Moderate,At Risk of Dehydration
20,Female,90.38,1.99,Moderate,At Risk of Dehydration
40,Male,63.95,1.76,Moderate,At Risk of Dehydration
43,Female,89.84,3.96,Low,Hydrated
38,Male,56.42,3.57,High,Hydrated
28,Female,62.43,1.3,Moderate,At Risk of Dehydration
48,Female,95.19,1.78,High,At Risk of Dehydration
40,Female,51.39,1.61,High,At Risk of Dehydration
36,Male,56.67,2.16,Low,At Risk of Dehydration
34,Female,86.41,3.77,Moderate,Hydrated
22,Male,51.93,2.07,Low,At Risk of Dehydration
38,Male,75.4,3.03,Moderate,At Risk of Dehydration
35,Male,92.19,2.18,Low,At Risk of Dehydration
46,Male,63.05,1.86,High,At Risk of Dehydration
54,Female,58.61,1.02,Low,At Risk of Dehydration
37,Male,50.56,1.17,Low,Hydrated
57,Female,49.07,1.45,Low,At Risk of Dehydration
38,Female,51.72,3.67,Low,Hydrated
59,Female,58.56,1.42,High,At Risk of Dehydration
40,Male,86.26,2.54,High,At Risk of Dehydration
19,Female,78.36,3.27,Moderate,At Risk of Dehydration
51,Male,84.07,1.67,High,At Risk of Dehydration
40,Female,67.32,2.24,Moderate,At Risk of Dehydration
52,Male,58.85,2.7,Low,At Risk of Dehydration
37,Male,88.08,1.75,Moderate,At Risk of Dehydration
46,Male,61.47,2.39,Moderate,At Risk of Dehydration
30,Female,62.15,1.49,Moderate,At Risk of Dehydration
18,Male,86.5,1.58,High,At Risk of Dehydration
28,Male,80.86,3.82,High,At Risk of Dehydration
55,Female,52.59,3.77,Low,At Risk of Dehydration
44,Female,97.15,2.36,Moderate,At Risk of Dehydration
45,Female,90.97,1.28,Low,At Risk of Dehydration
24,Male,91.0,2.91,High,Hydrated
36,Male,99.2,1.01,Low,At Risk of Dehydration
35,Male,86.98,3.79,High,Hydrated
31,Male,65.57,3.97,High,Hydrated
53,Female,68.03,1.91,High,At Risk of Dehydration
55,Female,95.3,2.02,Low,Hydrated
30,Male,76.18,1.11,Low,At Risk of Dehydration
32,Female,47.9,1.84,Low,At Risk of Dehydration
25,Female,86.82,1.41,High,At Risk of Dehydration
57,Male,57.85,1.47,High,At Risk of Dehydration
43,Female,50.65,2.66,Low,At Risk of Dehydration
49,Female,81.63,1.73,Low,At Risk of Dehydration
45,Female,57.61,1.37,Low,At Risk of Dehydration
48,Male,72.83,1.18,Moderate,At Risk of Dehydration
57,Female,77.34,3.69,Moderate,At Risk of Dehydration
24,Female,66.36,3.14,Moderate,At Risk of Dehydration
50,Female,72.56,1.67,High,At Risk of Dehydration
36,Female,73.29,1.07,High,At Risk of Dehydration
56,Female,47.78,1.87,High,At Risk of Dehydration
23,Male,47.07,3.09,High,Hydrated
50,Male,80.19,1.19,Moderate,At Risk of Dehydration
32,Male,78.86,2.15,High,At Risk of Dehydration
40,Male,66.23,2.48,Low,Hydrated
27,Male,99.28,3.4,High,At Risk of Dehydration
20,Female,99.62,3.97,Low,Hydrated
26,Female,53.58,2.78,Moderate,Hydrated
20,Male,98.86,3.85,Moderate,At Risk of Dehydration
41,Male,79.84,3.07,Moderate,At Risk of Dehydration
34,Male,85.82,1.68,Moderate,At Risk of Dehydration
38,Female,51.42,3.51,Moderate,Hydrated
27,Male,97.39,1.39,Low,At Risk of Dehydration
44,Female,77.24,3.39,Low,Hydrated
43,Male,54.4,3.49,High,Hydrated
24,Male,68.83,2.68,High,At Risk of Dehydration
54,Male,62.21,1.34,Low,At Risk of Dehydration
54,Male,83.22,2.0,Moderate,At Risk of Dehydration
38,Female,54.14,2.65,High,At Risk of Dehydration
32,Female,52.32,3.46,Low,Hydrated
43,Male,62.53,1.49,Moderate,At Risk of Dehydration
56,Female,64.03,3.66,Low,Hydrated
33,Female,88.83,2.51,High,At Risk of Dehydration
39,Female,63.21,1.65,Low,At Risk of Dehydration
44,Female,55.83,3.45,High,At Risk of Dehydration
20,Female,72.9,3.07,Moderate,At Risk of Dehydration
32,Female,70.82,2.27,Low,At Risk of Dehydration
26,Female,66.11,3.62,Moderate,Hydrated
21,Female,78.76,1.1,Low,At Risk of Dehydration
38,Male,50.66,3.96,Low,Hydrated
38,Female,95.77,3.71,Low,Hydrated
33,Female,82.13,2.98,Low,At Risk of Dehydration
43,Female,85.6,3.71,Moderate,At Risk of Dehydration
46,Male,64.66,2.88,Moderate,At Risk of Dehydration
41,Male,81.14,3.63,Moderate,Hydrated
24,Female,81.26,3.76,Moderate,Hydrated
34,Male,49.44,2.15,Low,At Risk of Dehydration
27,Male,92.33,3.12,Moderate,At Risk of Dehydration
52,Male,92.58,1.92,High,At Risk of Dehydration
21,Male,82.68,1.33,Low,At Risk of Dehydration
49,Male,47.91,3.77,High,Hydrated
55,Male,48.25,1.45,Low,At Risk of Dehydration
29,Male,81.83,3.09,Low,Hydrated
38,Male,60.58,3.06,Moderate,At Risk of Dehydration
28,Male,81.31,3.07,Low,At Risk of Dehydration
29,Female,63.3,1.33,Low,At Risk of Dehydration
34,Male,49.64,3.41,Low,At Risk of Dehydration
37,Male,65.48,3.46,High,At Risk of Dehydration
53,Male,67.96,2.17,High,At Risk of Dehydration
39,Male,78.1,3.61,Moderate,Hydrated
53,Male,98.45,1.96,High,At Risk of Dehydration
49,Male,73.54,3.63,Low,Hydrated
20,Male,72.66,1.57,Moderate,At Risk of Dehydration
52,Male,52.28,2.82,Low,At Risk of Dehydration
24,Male,87.19,1.35,Low,At Risk of Dehydration
30,Male,68.86,2.52,Moderate,At Risk of Dehydration
27,Male,79.72,1.17,Low,At Risk of Dehydration
19,Female,52.97,2.4,Moderate,Hydrated
57,Female,87.47,3.3,Low,Hydrated
34,Female,85.24,3.76,Moderate,At Risk of Dehydration
19,Male,46.32,3.52,Moderate,Hydrated
25,Female,94.94,2.15,High,Hydrated
25,Female,46.82,3.68,Moderate,At Risk of Dehydration
50,Female,86.64,3.3,High,Hydrated
23,Male,58.23,3.46,High,At Risk of Dehydration
56,Male,47.51,3.08,Low,At Risk of Dehydration
19,Female,80.91,2.18,High,At Risk of Dehydration
50,Female,68.37,2.9,Moderate,Hydrated
57,Male,80.69,2.67,Moderate,At Risk of Dehydration
21,Female,92.11,2.67,Moderate,At Risk of Dehydration
46,Female,81.76,3.11,High,At Risk of Dehydration
32,Male,53.59,3.57,Moderate,Hydrated
25,Female,46.72,1.3,Low,At Risk of Dehydration
46,Female,50.73,1.66,High,At Risk of Dehydration
58,Male,58.9,2.02,Low,At Risk of Dehydration
25,Female,50.49,1.47,Moderate,At Risk of Dehydration
31,Female,88.54,2.42,Low,Hydrated
25,Female,62.06,3.76,High,Hydrated
30,Female,75.12,1.38,Low,At Risk of Dehydration
55,Female,49.83,1.54,High,At Risk of Dehydration
26,Female,92.12,1.05,Low,At Risk of Dehydration
50,Male,59.81,1.21,High,At Risk of Dehydration
48,Female,57.97,3.92,Low,Hydrated
52,Female,89.21,1.88,High,At Risk of Dehydration
58,Female,99.87,3.08,Moderate,At Risk of Dehydration
47,Female,99.5,3.82,High,Hydrated
28,Male,90.91,1.95,Low,At Risk of Dehydration
53,Female,83.64,1.99,Low,At Risk of Dehydration
57,Male,52.0,3.01,Low,Hydrated
37,Male,48.94,1.98,Low,At Risk of Dehydration
34,Male,66.57,3.65,Low,Hydrated
33,Male,71.75,3.97,Low,Hydrated
58,Male,93.39,2.58,Low,At Risk of Dehydration
34,Female,45.87,1.14,High,At Risk of Dehydration
38,Male,47.06,1.77,High,At Risk of Dehydration
20,Female,67.67,1.98,Low,At Risk of Dehydration
31,Female,52.83,1.59,High,At Risk of Dehydration
21,Male,73.29,2.21,High,At Risk of Dehydration
40,Male,89.06,3.05,Moderate,Hydrated
46,Female,70.91,3.72,Moderate,At Risk of Dehydration
57,Male,65.07,1.42,Low,At Risk of Dehydration
45,Male,86.05,3.83,Low,Hydrated
44,Male,58.67,1.46,Low,At Risk of Dehydration
28,Female,82.73,2.6,Moderate,At Risk of Dehydration
35,Female,90.6,1.27,High,At Risk of Dehydration
51,Female,86.93,3.58,Moderate,Hydrated
38,Male,65.17,2.56,Moderate,At Risk of Dehydration
34,Male,70.58,1.2,Moderate,At Risk of Dehydration
34,Male,59.65,2.38,Low,At Risk of Dehydration
37,Female,51.62,3.14,High,Hydrated
59,Female,74.72,3.03,Moderate,Hydrated
25,Male,74.04,2.7,High,At Risk of Dehydration
32,Female,57.96,2.92,High,At Risk of Dehydration
32,Female,86.22,1.25,Moderate,At Risk of Dehydration
32,Female,96.6,1.53,Low,At Risk of Dehydration
50,Male,59.81,2.54,High,At Risk of Dehydration
51,Male,65.92,1.74,Moderate,At Risk of Dehydration
47,Female,95.32,1.87,High,At Risk of Dehydration
27,Male,86.37,3.2,High,Hydrated
56,Male,56.62,3.17,High,Hydrated
22,Female,90.79,3.44,Moderate,At Risk of Dehydration
39,Female,61.55,2.02,High,At Risk of Dehydration
32,Female,91.66,2.82,High,At Risk of Dehydration
30,Male,50.55,2.42,Moderate,At Risk of Dehydration
37,Male,73.63,4.0,Moderate,Hydrated
39,Female,94.7,3.79,Low,Hydrated
59,Female,58.06,3.23,Low,Hydrated
51,Male,90.39,2.43,High,Hydrated
48,Female,48.13,3.23,High,At Risk of Dehydration
48,Female,51.66,2.73,High,Hydrated
41,Male,59.24,1.68,High,At Risk of Dehydration
31,Female,96.66,3.17,High,At Risk of Dehydration
19,Female,96.92,1.75,Moderate,At Risk of Dehydration
49,Female,84.61,1.26,Moderate,At Risk of Dehydration
58,Male,90.97,3.77,Low,Hydrated
43,Female,98.73,3.12,High,Hydrated
27,Female,71.99,1.48,High,At Risk of Dehydration
53,Male,81.36,1.01,Low,At Risk of Dehydration
30,Female,55.6,2.62,Moderate,Hydrated
56,Female,90.02,1.73,Moderate,At Risk of Dehydration
44,Male,73.63,2.03,High,At Risk of Dehydration
20,Male,85.92,2.07,Moderate,At Risk of Dehydration
23,Female,98.95,2.54,High,At Risk of Dehydration
54,Female,86.23,3.38,High,Hydrated
52,Female,80.47,3.86,High,Hydrated
19,Male,48.2,3.15,High,Hydrated
40,Female,76.33,1.83,Low,Hydrated
25,Female,86.43,2.15,Low,At Risk of Dehydration
36,Female,82.85,2.78,Moderate,At Risk of Dehydration
56,Male,82.13,3.71,Moderate,At Risk of Dehydration
41,Female,68.84,3.86,Moderate,Hydrated
40,Female,95.33,1.91,Low,At Risk of Dehydration
41,Female,64.6,1.04,High,At Risk of Dehydration
45,Male,63.21,2.25,Low,At Risk of Dehydration
58,Female,87.45,1.48,Low,At Risk of Dehydration
37,Female,48.32,3.86,Low,Hydrated
54,Male,82.02,2.42,Moderate,At Risk of Dehydration
38,Male,77.66,2.84,Moderate,At Risk of Dehydration
27,Female,79.98,1.64,Moderate,At Risk of Dehydration
38,Male,54.05,3.75,Low,Hydrated
49,Female,63.0,2.62,Low,At Risk of Dehydration
42,Male,74.36,2.54,Low,Hydrated
27,Male,96.24,2.47,High,At Risk of Dehydration
35,Female,54.66,3.67,Low,Hydrated
39,Female,72.16,3.26,Low,Hydrated
19,Male,78.29,3.11,High,At Risk of Dehydration
19,Male,57.91,3.53,Moderate,Hydrated
50,Female,47.83,2.14,High,At Risk of Dehydration
20,Male,78.64,3.02,High,At Risk of Dehydration
56,Male,45.8,3.08,High,Hydrated
24,Female,61.87,1.8,Low,At Risk of Dehydration
47,Female,45.47,1.6,Low,At Risk of Dehydration
54,Female,69.98,2.86,Low,At Risk of Dehydration
46,Female,54.52,1.47,Low,Hydrated
40,Female,63.26,1.44,High,At Risk of Dehydration
22,Female,77.49,2.19,Moderate,At Risk of Dehydration
57,Female,90.26,2.34,High,At Risk of Dehydration
54,Male,82.64,3.84,Low,Hydrated
55,Female,51.13,1.09,High,Hydrated
56,Male,48.85,3.38,High,At Risk of Dehydration
40,Female,94.8,1.25,Moderate,At Risk of Dehydration
42,Male,67.86,1.14,Moderate,At Risk of Dehydration
39,Male,66.02,2.21,Low,At Risk of Dehydration
59,Male,47.03,3.95,High,Hydrated
21,Female,96.09,3.61,Moderate,At Risk of Dehydration
25,Female,75.18,3.6,Moderate,Hydrated
59,Female,81.9,1.6,Moderate,At Risk of Dehydration
27,Male,64.87,1.99,Moderate,At Risk of Dehydration
34,Female,45.99,1.56,Moderate,At Risk of Dehydration
35,Female,89.39,2.18,Moderate,At Risk of Dehydration
38,Female,51.77,1.07,Low,At Risk of Dehydration
34,Male,68.85,3.31,High,At Risk of Dehydration
59,Female,73.36,3.59,Moderate,At Risk of Dehydration
33,Female,81.02,1.3,High,At Risk of Dehydration
35,Male,99.73,2.16,Low,At Risk of Dehydration
31,Male,45.83,3.71,Moderate,Hydrated
46,Female,48.31,3.84,Low,Hydrated
48,Female,95.13,2.82,High,At Risk of Dehydration
19,Female,82.53,1.24,Low,At Risk of Dehydration
19,Female,64.08,3.59,Moderate,Hydrated
34,Female,53.33,3.27,Moderate,At Risk of Dehydration
34,Female,66.93,1.88,Low,At Risk of Dehydration
35,Male,85.06,1.01,High,At Risk of Dehydration
48,Female,93.53,2.57,High,Hydrated
55,Male,62.76,3.42,Low,At Risk of Dehydration
31,Female,68.98,1.47,Low,At Risk of Dehydration
31,Female,99.78,2.54,High,At Risk of Dehydration
20,Male,57.16,1.41,Moderate,At Risk of Dehydration
18,Male,83.99,1.52,Moderate,At Risk of Dehydration
50,Female,68.56,3.1,High,At Risk of Dehydration
41,Male,89.8,2.61,Moderate,At Risk of Dehydration
40,Male,97.29,3.49,Low,Hydrated
57,Male,59.33,3.58,Moderate,At Risk of Dehydration
20,Male,92.58,1.32,Moderate,At Risk of Dehydration
36,Female,55.62,2.85,Moderate,At Risk of Dehydration
57,Female,52.31,2.03,Moderate,Hydrated
54,Female,93.41,2.77,Low,Hydrated
29,Female,80.88,2.83,High,Hydrated
51,Male,65.68,1.12,Moderate,At Risk of Dehydration
34,Male,61.12,1.14,High,At Risk of Dehydration
20,Male,91.52,1.81,High,At Risk of Dehydration
25,Female,45.19,2.1,Low,At Risk of Dehydration
55,Female,56.83,2.88,Low,At Risk of Dehydration
51,Male,90.41,2.51,Low,At Risk of Dehydration
43,Male,72.31,1.43,High,At Risk of Dehydration
33,Male,77.09,2.8,Low,At Risk of Dehydration
45,Female,75.13,3.99,Low,Hydrated
51,Male,56.66,2.01,High,At Risk of Dehydration
25,Male,90.96,3.79,High,At Risk of Dehydration
51,Female,93.06,1.56,High,At Risk of Dehydration
54,Male,94.88,2.9,Low,At Risk of Dehydration
36,Female,93.86,3.78,Low,Hydrated
43,Male,95.4,2.27,Low,At Risk of Dehydration
32,Male,78.15,3.92,High,Hydrated
33,Female,55.02,3.72,High,At Risk of Dehydration
46,Male,49.92,2.8,Low,At Risk of Dehydration
54,Male,98.77,1.54,Low,At Risk of Dehydration
30,Male,54.32,1.01,High,At Risk of Dehydration
24,Male,73.08,1.94,Moderate,At Risk of Dehydration
57,Female,62.12,2.19,Moderate,At Risk of Dehydration
33,Female,53.21,3.48,Moderate,At Risk of Dehydration
47,Male,57.3,3.54,Low,At Risk of Dehydration
41,Female,85.07,1.01,High,At Risk of Dehydration
44,Male,63.42,3.68,Moderate,Hydrated
26,Female,98.96,3.2,Moderate,At Risk of Dehydration
31,Female,80.92,2.18,Moderate,Hydrated
40,Male,97.91,1.79,Low,At Risk of Dehydration
23,Female,76.99,3.25,Low,At Risk of Dehydration
20,Female,48.35,3.23,Moderate,Hydrated
19,Male,97.86,1.79,Moderate,At Risk of Dehydration
26,Male,62.11,1.51,Moderate,At Risk of Dehydration
26,Female,93.28,3.03,Low,At Risk of Dehydration
55,Male,64.91,3.13,Moderate,At Risk of Dehydration
25,Male,71.43,3.54,Moderate,Hydrated
22,Male,84.07,3.97,Moderate,Hydrated
57,Female,85.55,3.78,Moderate,Hydrated
21,Female,52.2,1.92,Low,Hydrated
49,Male,73.01,1.88,Low,At Risk of Dehydration
45,Female,71.51,1.01,Moderate,At Risk of Dehydration
26,Female,64.15,2.22,High,At Risk of Dehydration
22,Female,78.65,4.0,Moderate,Hydrated
40,Male,47.81,1.04,Moderate,At Risk of Dehydration
58,Male,64.48,1.94,Low,At Risk of Dehydration
54,Female,67.63,3.97,High,Hydrated
34,Male,68.3,1.55,High,At Risk of Dehydration
33,Male,56.1,3.9,Low,Hydrated
57,Male,89.44,2.63,Moderate,Hydrated
39,Female,60.14,3.84,High,Hydrated
55,Male,65.44,3.94,Moderate,Hydrated
58,Male,84.57,2.16,Moderate,At Risk of Dehydration
53,Female,70.76,2.89,Low,At Risk of Dehydration
36,Female,77.7,2.13,Moderate,At Risk of Dehydration
43,Female,48.9,1.51,Low,At Risk of Dehydration
40,Male,83.59,3.32,Moderate,Hydrated
45,Female,90.23,2.08,Moderate,At Risk of Dehydration
25,Male,96.12,3.7,Low,At Risk of Dehydration
39,Male,52.62,3.52,Moderate,At Risk of Dehydration
25,Male,90.29,3.87,Moderate,Hydrated
39,Male,56.3,3.58,High,At Risk of Dehydration
41,Female,83.76,1.37,Low,At Risk of Dehydration
27,Female,56.79,2.98,High,At Risk of Dehydration
35,Male,94.66,1.99,Moderate,At Risk of Dehydration
39,Female,82.56,3.86,High,Hydrated
41,Female,65.19,1.97,High,At Risk of Dehydration
36,Male,48.27,1.3,Moderate,At Risk of Dehydration
28,Female,67.43,3.46,Low,Hydrated
44,Female,58.45,3.38,Moderate,Hydrated
43,Female,55.9,3.75,Low,Hydrated
48,Male,57.06,2.11,Low,At Risk of Dehydration
45,Female,45.96,1.12,Moderate,At Risk of Dehydration
46,Female,65.05,2.67,High,Hydrated
24,Female,64.45,1.68,Moderate,At Risk of Dehydration
45,Male,94.79,2.31,Low,At Risk of Dehydration
46,Female,95.93,3.34,Moderate,At Risk of Dehydration
53,Male,51.89,1.61,Moderate,Hydrated
46,Male,90.52,1.44,Moderate,At Risk of Dehydration
36,Female,93.81,3.53,Low,Hydrated
29,Male,99.05,3.29,Low,At Risk of Dehydration
30,Male,61.08,3.23,High,At Risk of Dehydration
47,Female,66.39,3.65,High,Hydrated
54,Male,51.51,2.5,Low,At Risk of Dehydration
47,Male,80.19,1.36,Moderate,At Risk of Dehydration
32,Male,63.75,2.43,Low,At Risk of Dehydration
50,Male,46.25,1.77,Moderate,At Risk of Dehydration
22,Male,83.76,2.99,Moderate,At Risk of Dehydration
34,Female,71.19,3.35,Low,Hydrated
30,Male,90.2,4.0,Moderate,Hydrated
30,Female,90.13,3.1,Low,Hydrated
19,Female,48.25,3.32,Moderate,Hydrated
54,Male,72.32,3.47,Low,Hydrated
56,Female,73.54,3.95,High,Hydrated
27,Female,72.33,3.59,High,At Risk of Dehydration
35,Female,62.83,3.73,High,Hydrated
57,Female,55.98,2.8,Moderate,At Risk of Dehydration
56,Female,99.52,1.73,High,At Risk of Dehydration
43,Male,86.32,1.63,Moderate,At Risk of Dehydration
50,Male,62.73,2.99,Low,Hydrated
25,Female,68.36,2.38,High,At Risk of Dehydration
43,Female,76.53,1.6,High,At Risk of Dehydration
58,Male,85.42,2.14,Low,Hydrated
24,Female,80.95,3.12,Low,At Risk of Dehydration
27,Male,95.33,1.24,High,At Risk of Dehydration
18,Female,72.81,3.36,Low,Hydrated
37,Male,68.54,3.48,Low,Hydrated
28,Male,70.71,3.03,Moderate,Hydrated
51,Male,72.47,1.75,Low,At Risk of Dehydration
29,Male,99.55,1.47,High,At Risk of Dehydration
32,Female,54.29,2.63,Moderate,Hydrated
58,Male,86.15,3.77,High,At Risk of Dehydration
18,Male,52.89,1.65,Low,At Risk of Dehydration
27,Male,87.59,2.92,High,At Risk of Dehydration
40,Male,74.58,2.8,High,Hydrated
48,Female,72.53,3.2,High,Hydrated
18,Female,45.33,2.11,High,Hydrated
22,Male,55.18,2.38,High,At Risk of Dehydration
29,Female,76.57,2.68,Low,At Risk of Dehydration
21,Male,80.3,1.32,High,At Risk of Dehydration
58,Male,89.68,3.39,Moderate,At Risk of Dehydration
33,Male,48.65,2.54,High,At Risk of Dehydration
33,Male,51.49,1.06,Moderate,Hydrated
38,Male,59.82,3.48,High,At Risk of Dehydration
57,Male,91.77,2.81,High,At Risk of Dehydration
34,Female,88.75,3.63,Low,Hydrated
24,Male,84.66,2.65,Low,At Risk of Dehydration
39,Female,62.87,3.76,Moderate,Hydrated
44,Male,98.48,1.54,High,At Risk of Dehydration
33,Male,60.76,3.36,Moderate,Hydrated
46,Female,75.15,2.99,High,At Risk of Dehydration
27,Male,58.24,3.75,High,Hydrated
36,Female,99.62,1.98,Moderate,At Risk of Dehydration
54,Male,98.71,1.58,Moderate,At Risk of Dehydration
28,Female,93.97,3.94,High,Hydrated
36,Male,74.39,2.51,Moderate,At Risk of Dehydration
48,Male,67.03,3.98,Low,Hydrated
49,Male,81.38,3.43,Low,At Risk of Dehydration
21,Male,90.59,2.89,Low,At Risk of Dehydration
33,Female,65.88,3.8,Moderate,At Risk of Dehydration
59,Female,45.45,3.76,High,Hydrated
58,Female,98.68,1.92,High,At Risk of Dehydration
20,Male,98.01,1.83,Moderate,At Risk of Dehydration
53,Female,66.64,2.49,Moderate,At Risk of Dehydration
42,Female,88.55,3.87,Moderate,At Risk of Dehydration
49,Female,47.05,1.21,Low,At Risk of Dehydration
46,Female,54.52,2.15,Low,At Risk of Dehydration
37,Male,76.1,3.6,High,Hydrated
57,Female,61.91,3.96,High,Hydrated
29,Female,96.04,3.33,High,Hydrated
32,Male,62.56,2.37,Moderate,At Risk of Dehydration
45,Male,55.61,2.03,Low,At Risk of Dehydration
57,Male,70.36,3.98,Moderate,Hydrated
52,Male,59.83,3.67,Low,Hydrated
27,Male,76.98,2.79,Moderate,Hydrated
38,Male,69.39,1.4,Low,At Risk of Dehydration
42,Female,49.94,2.74,Low,Hydrated
35,Male,51.34,3.4,High,Hydrated
34,Male,67.66,3.09,Low,Hydrated
39,Male,88.22,2.07,Low,Hydrated
49,Female,93.51,3.64,Moderate,Hydrated
40,Female,92.38,2.41,Low,At Risk of Dehydration
48,Male,83.48,2.59,Moderate,Hydrated
19,Female,80.31,2.19,Low,Hydrated
47,Male,76.23,3.83,Low,At Risk of Dehydration
59,Male,45.66,3.41,Low,Hydrated
21,Female,80.57,3.87,High,Hydrated
42,Male,66.26,2.72,Low,Hydrated
33,Male,54.77,1.17,Low,At Risk of Dehydration
35,Female,55.2,3.67,Low,Hydrated
24,Male,50.97,3.25,High,At Risk of Dehydration
59,Female,76.28,1.33,Moderate,At Risk of Dehydration
49,Male,63.4,2.74,Low,At Risk of Dehydration
39,Male,54.29,2.09,Moderate,At Risk of Dehydration
55,Male,83.82,2.25,Moderate,At Risk of Dehydration
39,Female,47.79,3.68,High,At Risk of Dehydration
22,Male,48.48,2.81,Low,Hydrated
57,Female,81.79,2.84,Moderate,At Risk of Dehydration
44,Male,72.54,2.6,Low,At Risk of Dehydration
46,Male,87.9,2.0,High,At Risk of Dehydration
19,Male,98.86,2.27,Moderate,At Risk of Dehydration
38,Female,85.84,1.3,Low,At Risk of Dehydration
25,Male,81.94,2.66,High,At Risk of Dehydration
42,Female,51.43,3.9,Low,Hydrated
41,Female,57.95,2.32,High,At Risk of Dehydration
22,Female,47.23,2.41,High,At Risk of Dehydration
31,Male,64.19,2.95,Low,Hydrated
42,Male,96.42,1.26,High,At Risk of Dehydration
27,Female,57.81,3.56,Moderate,Hydrated
29,Female,84.67,2.63,High,At Risk of Dehydration
39,Male,70.01,3.59,Moderate,Hydrated
55,Male,93.38,3.43,Moderate,At Risk of Dehydration
44,Female,52.1,2.17,High,At Risk of Dehydration
41,Male,89.18,2.02,High,At Risk of Dehydration
19,Female,63.96,3.24,Moderate,Hydrated
25,Female,97.34,3.14,Low,Hydrated
30,Female,67.95,1.18,High,At Risk of Dehydration
46,Female,94.62,3.66,Moderate,At Risk of Dehydration
41,Male,96.25,1.91,Low,Hydrated
53,Male,55.77,1.12,Low,At Risk of Dehydration
36,Female,70.92,1.87,High,At Risk of Dehydration
38,Male,78.67,3.89,High,Hydrated
19,Female,57.99,3.68,High,Hydrated
39,Female,66.53,1.41,Moderate,At Risk of Dehydration
26,Female,94.25,1.38,Low,At Risk of Dehydration
55,Male,68.71,1.61,Moderate,At Risk of Dehydration
45,Female,47.85,2.98,High,At Risk of Dehydration
57,Male,49.47,1.79,Low,At Risk of Dehydration
21,Female,65.54,2.17,High,At Risk of Dehydration
26,Male,82.79,3.32,High,At Risk of Dehydration
38,Female,51.11,2.42,Low,Hydrated
28,Male,69.0,1.88,High,At Risk of Dehydration
46,Male,49.43,2.46,High,At Risk of Dehydration
38,Female,97.34,2.04,Low,At Risk of Dehydration
43,Male,95.67,2.74,Moderate,At Risk of Dehydration
33,Male,72.16,1.82,Low,At Risk of Dehydration
37,Female,63.31,1.16,Low,At Risk of Dehydration
19,Male,79.49,1.69,Moderate,At Risk of Dehydration
30,Female,81.2,1.96,High,At Risk of Dehydration
39,Male,47.24,2.04,High,Hydrated
58,Male,73.53,3.11,Low,At Risk of Dehydration
40,Female,90.85,2.78,High,At Risk of Dehydration
53,Male,49.84,2.69,High,At Risk of Dehydration
25,Female,89.53,1.63,Low,At Risk of Dehydration
30,Female,67.99,1.94,Low,At Risk of Dehydration
37,Female,50.09,1.47,Moderate,Hydrated
59,Female,55.79,4.0,Low,Hydrated
43,Female,59.5,2.74,High,At Risk of Dehydration
36,Male,90.22,1.88,Low,At Risk of Dehydration
20,Female,72.77,3.27,High,At Risk of Dehydration
34,Female,71.19,1.45,Moderate,At Risk of Dehydration
26,Male,98.67,2.46,Moderate,At Risk of Dehydration
25,Female,51.3,1.69,High,At Risk of Dehydration
30,Female,53.55,3.53,Low,Hydrated
50,Female,62.23,2.36,Moderate,At Risk of Dehydration
48,Male,72.6,1.44,Low,At Risk of Dehydration
59,Female,79.67,2.42,Low,At Risk of Dehydration
33,Male,99.32,2.03,High,At Risk of Dehydration
55,Male,62.89,1.67,Low,At Risk of Dehydration
26,Male,80.25,1.1,Low,At Risk of Dehydration
58,Male,57.12,2.62,Moderate,Hydrated
32,Female,94.41,2.27,Moderate,At Risk of Dehydration
53,Female,91.29,3.16,High,At Risk of Dehydration
24,Male,47.08,1.24,Low,At Risk of Dehydration
27,Male,78.11,3.7,Low,At Risk of Dehydration
59,Female,50.19,2.8,Low,Hydrated
51,Female,83.09,1.95,Low,At Risk of Dehydration
29,Male,67.1,2.31,High,At Risk of Dehydration
20,Male,45.98,1.68,High,At Risk of Dehydration
23,Female,76.73,1.8,Low,At Risk of Dehydration
36,Female,69.27,3.27,Low,Hydrated
48,Female,92.81,3.67,Low,Hydrated
36,Male,55.95,3.01,High,Hydrated
56,Female,95.28,3.44,Moderate,Hydrated
50,Female,85.32,3.09,High,At Risk of Dehydration
51,Female,52.99,3.33,Moderate,Hydrated
22,Male,52.43,3.01,Low,Hydrated
35,Male,99.02,1.58,Low,At Risk of Dehydration
19,Female,77.29,2.73,Low,Hydrated
28,Male,55.34,2.47,High,At Risk of Dehydration
46,Male,86.19,1.12,High,At Risk of Dehydration
44,Female,88.68,2.53,High,At Risk of Dehydration
37,Male,95.38,3.99,Low,At Risk of Dehydration
39,Male,57.3,2.25,High,At Risk of Dehydration
44,Male,57.27,3.63,Moderate,Hydrated
34,Female,79.08,2.65,High,At Risk of Dehydration
54,Female,60.81,3.79,High,Hydrated
18,Female,86.6,2.46,High,At Risk of Dehydration
53,Female,95.32,3.81,Low,At Risk of Dehydration
19,Male,68.89,1.28,Moderate,At Risk of Dehydration
34,Male,95.2,3.58,High,At Risk of Dehydration
18,Female,99.54,1.32,High,Hydrated
31,Male,89.4,2.74,Moderate,At Risk of Dehydration
54,Male,62.54,3.1,High,At Risk of Dehydration
42,Male,99.99,3.04,High,Hydrated
45,Female,90.21,3.2,Low,At Risk of Dehydration
57,Male,64.51,1.9,High,At Risk of Dehydration
18,Female,61.13,1.62,High,At Risk of Dehydration
37,Female,73.11,1.62,Moderate,At Risk of Dehydration
39,Male,61.16,1.29,Moderate,At Risk of Dehydration
40,Male,81.2,3.1,High,At Risk of Dehydration
48,Female,98.78,3.92,Low,Hydrated
39,Male,63.48,1.56,High,At Risk of Dehydration
44,Male,89.71,1.21,Moderate,At Risk of Dehydration
52,Male,73.05,2.94,Low,At Risk of Dehydration
59,Female,73.83,3.76,Moderate,Hydrated
38,Female,50.6,2.27,High,At Risk of Dehydration
22,Male,61.94,1.19,Moderate,At Risk of Dehydration
55,Male,65.68,1.03,High,At Risk of Dehydration
37,Male,71.91,2.02,Moderate,At Risk of Dehydration
39,Female,64.39,1.34,High,At Risk of Dehydration
19,Male,69.37,2.75,Low,Hydrated
37,Female,86.44,2.69,Low,At Risk of Dehydration
30,Female,49.34,2.09,Moderate,Hydrated
57,Male,93.82,2.33,High,At Risk of Dehydration
19,Male,72.72,1.56,Low,Hydrated
55,Female,85.5,3.33,Low,Hydrated
47,Male,58.73,1.93,High,Hydrated
33,Male,93.67,1.22,Moderate,At Risk of Dehydration
26,Female,73.57,2.98,Low,At Risk of Dehydration
53,Male,97.69,2.16,High,At Risk of Dehydration
49,Male,78.34,1.66,Moderate,At Risk of Dehydration
24,Male,83.39,3.53,High,Hydrated
34,Female,82.42,2.12,Low,At Risk of Dehydration
44,Female,77.33,1.45,High,At Risk of Dehydration
34,Female,62.92,1.01,Moderate,At Risk of Dehydration
25,Female,89.68,2.35,Low,At Risk of Dehydration
46,Male,96.39,3.54,High,Hydrated
50,Male,81.74,1.11,High,At Risk of Dehydration
39,Male,78.36,2.04,Moderate,At Risk of Dehydration
26,Female,98.2,2.46,Low,At Risk of Dehydration
58,Male,92.08,3.53,High,At Risk of Dehydration
18,Male,84.32,1.49,Moderate,At Risk of Dehydration
59,Male,90.19,2.49,Low,At Risk of Dehydration
40,Female,90.48,3.19,Low,At Risk of Dehydration
49,Male,85.58,2.66,Moderate,At Risk of Dehydration
36,Male,95.4,3.03,Moderate,Hydrated
41,Male,87.07,2.85,Low,Hydrated
31,Male,87.46,1.95,Low,At Risk of Dehydration
21,Female,95.04,2.89,High,At Risk of Dehydration
30,Female,74.4,1.04,Low,At Risk of Dehydration
18,Male,89.11,1.33,Moderate,At Risk of Dehydration
30,Female,88.29,2.54,High,At Risk of Dehydration
45,Male,61.52,1.2,High,At Risk of Dehydration
33,Male,75.64,1.46,Low,At Risk of Dehydration
19,Female,76.4,1.38,High,At Risk of Dehydration
34,Female,46.62,2.0,Low,Hydrated
43,Male,61.05,3.45,Moderate,Hydrated
41,Male,48.17,1.82,Moderate,At Risk of Dehydration
21,Female,74.33,3.44,Moderate,Hydrated
48,Male,99.88,2.66,Moderate,At Risk of Dehydration
28,Female,47.01,1.1,Moderate,At Risk of Dehydration
52,Female,77.86,3.12,Moderate,At Risk of Dehydration
37,Male,62.43,1.05,Moderate,At Risk of Dehydration
49,Male,58.45,2.62,High,At Risk of Dehydration
32,Male,81.09,3.87,High,Hydrated
37,Female,80.57,1.76,Moderate,Hydrated
40,Male,60.49,3.85,Moderate,Hydrated
20,Male,82.38,2.59,High,At Risk of Dehydration
41,Male,70.42,2.6,Low,At Risk of Dehydration
44,Female,63.57,1.74,High,At Risk of Dehydration
50,Female,86.95,1.7,Moderate,At Risk of Dehydration
47,Female,92.92,1.07,High,At Risk of Dehydration
19,Female,56.9,1.26,Moderate,At Risk of Dehydration
37,Male,92.28,1.65,High,At Risk of Dehydration
40,Female,90.48,2.56,High,At Risk of Dehydration
47,Female,58.39,1.67,Moderate,At Risk of Dehydration
51,Female,46.27,1.49,Moderate,At Risk of Dehydration
44,Male,70.06,3.93,Low,Hydrated
50,Female,46.0,2.07,High,At Risk of Dehydration
29,Male,58.52,3.86,Moderate,Hydrated
48,Female,89.63,3.63,Low,Hydrated
29,Male,45.44,1.56,High,At Risk of Dehydration
43,Female,72.95,2.27,Low,Hydrated
55,Male,73.51,3.63,Low,At Risk of Dehydration
32,Female,89.09,2.6,Low,Hydrated
51,Female,65.85,1.92,Moderate,At Risk of Dehydration
23,Female,63.13,3.72,Low,Hydrated
25,Female,56.91,2.66,High,At Risk of Dehydration
28,Male,75.02,2.2,Moderate,At Risk of Dehydration
29,Female,94.02,1.24,High,At Risk of Dehydration
22,Female,65.03,1.26,Low,At Risk of Dehydration
59,Female,96.59,2.44,Moderate,At Risk of Dehydration
33,Female,74.19,1.01,Low,At Risk of Dehydration
31,Female,84.96,2.35,High,At Risk of Dehydration
22,Female,98.94,1.8,High,At Risk of Dehydration
55,Female,69.33,1.17,Low,At Risk of Dehydration
51,Male,97.07,3.07,Moderate,Hydrated
52,Male,45.21,1.39,Moderate,At Risk of Dehydration
52,Male,93.27,1.66,High,At Risk of Dehydration
29,Male,56.83,3.45,Low,Hydrated
53,Female,72.44,2.64,Low,At Risk of Dehydration
48,Male,48.76,1.25,High,At Risk of Dehydration
32,Male,81.65,3.47,Moderate,At Risk of Dehydration
48,Male,96.89,2.19,High,At Risk of Dehydration
18,Female,74.59,3.56,High,Hydrated
54,Female,93.49,3.4,High,Hydrated
34,Female,46.9,2.78,Low,At Risk of Dehydration
44,Female,79.63,3.54,Moderate,Hydrated
46,Female,88.64,2.15,High,At Risk of Dehydration
28,Female,73.79,2.01,Moderate,At Risk of Dehydration
58,Male,97.18,1.59,Moderate,At Risk of Dehydration
47,Male,49.39,3.67,Moderate,Hydrated
46,Male,49.58,2.98,Moderate,At Risk of Dehydration
45,Female,94.03,3.95,Moderate,At Risk of Dehydration
31,Male,93.47,3.73,Moderate,At Risk of Dehydration
33,Female,78.53,2.1,Moderate,At Risk of Dehydration
29,Male,64.12,3.29,Low,Hydrated
30,Male,48.3,2.92,Low,Hydrated
52,Male,84.71,1.44,Moderate,At Risk of Dehydration
44,Female,86.45,1.99,Moderate,At Risk of Dehydration
53,Female,97.47,3.41,Low,Hydrated
46,Female,72.41,3.55,High,Hydrated
51,Female,48.25,2.99,High,Hydrated
51,Male,68.49,3.57,Moderate,Hydrated
40,Male,65.73,3.71,High,Hydrated
19,Male,74.62,1.94,Moderate,At Risk of Dehydration
49,Male,97.28,1.78,Low,At Risk of Dehydration
50,Female,90.27,3.1,Moderate,Hydrated
52,Male,96.88,2.73,High,At Risk of Dehydration
32,Male,97.36,2.07,Low,At Risk of Dehydration
50,Female,49.37,3.99,High,Hydrated
23,Male,68.25,1.13,High,At Risk of Dehydration
54,Female,76.6,2.84,High,At Risk of Dehydration
44,Male,82.43,3.2,High,At Risk of Dehydration
30,Female,94.3,2.22,High,At Risk of Dehydration
22,Female,54.56,3.97,High,Hydrated
39,Female,51.93,3.23,Low,Hydrated
21,Male,75.58,3.77,Low,At Risk of Dehydration
21,Female,96.25,1.64,High,At Risk of Dehydration
55,Female,66.95,1.37,High,At Risk of Dehydration
33,Female,57.88,1.31,High,At Risk of Dehydration
20,Female,66.25,1.92,Low,At Risk of Dehydration
39,Female,58.16,1.87,High,At Risk of Dehydration
50,Female,46.12,2.86,Moderate,At Risk of Dehydration
54,Male,78.12,2.58,High,At Risk of Dehydration
30,Female,93.79,1.79,Low,Hydrated
23,Male,46.28,1.43,Low,At Risk of Dehydration
43,Female,79.95,1.45,Moderate,At Risk of Dehydration
20,Female,62.52,1.23,High,At Risk of Dehydration
21,Female,47.43,1.87,High,At Risk of Dehydration
30,Male,58.0,3.87,High,Hydrated
47,Female,54.42,3.79,Low,Hydrated
43,Male,74.22,2.94,High,At Risk of Dehydration
39,Male,53.77,2.84,Moderate,Hydrated
46,Female,48.51,2.84,High,Hydrated
42,Female,46.94,2.15,High,At Risk of Dehydration
35,Female,73.77,1.84,Low,At Risk of Dehydration
33,Female,61.23,1.8,High,At Risk of Dehydration
56,Male,75.52,3.45,High,At Risk of Dehydration
19,Female,54.42,1.96,High,At Risk of Dehydration
46,Female,99.68,1.03,Moderate,At Risk of Dehydration
55,Female,62.06,1.55,High,At Risk of Dehydration
50,Male,73.0,3.01,Low,Hydrated
51,Female,71.43,3.3,Low,Hydrated
56,Female,47.72,3.49,High,Hydrated
53,Male,52.29,3.25,High,At Risk of Dehydration
57,Female,63.1,1.44,High,At Risk of Dehydration
58,Male,69.37,3.17,Low,Hydrated
34,Female,89.27,1.58,Moderate,At Risk of Dehydration
30,Male,81.3,3.19,Moderate,At Risk of Dehydration
25,Male,83.48,1.91,High,At Risk of Dehydration
58,Male,91.09,1.26,Moderate,At Risk of Dehydration
35,Male,92.0,3.51,Low,At Risk of Dehydration
52,Male,56.59,2.32,Moderate,At Risk of Dehydration
52,Male,56.83,1.92,Low,At Risk of Dehydration
59,Male,78.25,2.31,Low,At Risk of Dehydration
20,Female,57.67,2.41,Low,At Risk of Dehydration
54,Female,84.44,1.32,Low,At Risk of Dehydration
59,Female,94.46,3.77,High,Hydrated
48,Female,83.67,1.6,Moderate,At Risk of Dehydration
42,Male,75.11,1.2,Moderate,At Risk of Dehydration
27,Male,56.3,3.19,Moderate,At Risk of Dehydration
53,Female,89.55,3.92,Moderate,Hydrated
39,Female,49.18,2.05,Low,Hydrated
53,Female,54.84,3.89,High,Hydrated
39,Female,73.75,1.1,High,At Risk of Dehydration
43,Male,83.25,2.33,High,At Risk of Dehydration
29,Female,62.6,3.59,Low,Hydrated
48,Female,93.08,2.2,High,At Risk of Dehydration
36,Female,92.46,2.04,Moderate,At Risk of Dehydration
20,Female,73.76,2.26,Moderate,At Risk of Dehydration
32,Female,98.18,1.3,Moderate,At Risk of Dehydration
32,Female,75.19,3.63,Moderate,At Risk of Dehydration
25,Female,86.65,2.52,Low,Hydrated
18,Female,53.01,3.66,Moderate,Hydrated
39,Male,86.01,3.42,Low,At Risk of Dehydration
36,Male,63.41,3.61,Moderate,At Risk of Dehydration
47,Male,61.62,3.87,High,Hydrated
21,Male,52.06,3.89,High,Hydrated
57,Female,84.81,1.42,Low,Hydrated
37,Female,97.54,3.43,High,At Risk of Dehydration
56,Male,84.77,3.36,High,Hydrated
47,Female,49.19,2.24,Moderate,At Risk of Dehydration
42,Female,99.41,2.99,Low,At Risk of Dehydration
53,Female,75.76,2.76,Low,At Risk of Dehydration
59,Male,88.76,1.15,High,At Risk of Dehydration
57,Male,97.11,2.95,High,At Risk of Dehydration
51,Female,91.25,2.31,Low,At Risk of Dehydration
51,Male,66.02,1.54,Low,At Risk of Dehydration
19,Male,51.25,2.51,Low,Hydrated
27,Male,97.19,2.05,Low,At Risk of Dehydration
37,Male,94.79,1.91,Low,At Risk of Dehydration
23,Male,73.58,3.57,High,At Risk of Dehydration
29,Male,80.78,3.63,Moderate,At Risk of Dehydration
31,Female,91.21,2.28,Moderate,Hydrated
49,Male,90.64,3.95,High,Hydrated
48,Female,61.21,3.73,Low,Hydrated
29,Male,53.44,1.5,Moderate,At Risk of Dehydration
21,Female,62.65,3.31,High,At Risk of Dehydration
50,Male,50.61,2.2,Moderate,Hydrated
43,Female,86.85,1.26,Moderate,At Risk of Dehydration
52,Male,52.42,3.21,Low,At Risk of Dehydration
59,Female,76.14,3.95,Moderate,At Risk of Dehydration
58,Male,76.63,1.51,Low,At Risk of Dehydration
56,Male,64.18,3.76,High,Hydrated
43,Female,59.27,2.89,High,At Risk of Dehydration
39,Female,68.74,1.08,High,At Risk of Dehydration
31,Female,87.57,2.89,Low,At Risk of Dehydration
41,Female,53.63,3.91,Low,Hydrated
21,Male,54.86,2.67,Moderate,At Risk of Dehydration
25,Female,90.79,2.23,Moderate,At Risk of Dehydration
23,Male,61.44,1.5,Low,At Risk of Dehydration
57,Male,81.5,1.59,Low,At Risk of Dehydration
54,Female,94.48,2.24,High,At Risk of Dehydration
51,Female,66.11,2.08,Low,At Risk of Dehydration
35,Male,99.72,2.71,Moderate,Hydrated
44,Female,80.06,1.27,Moderate,At Risk of Dehydration
28,Male,46.17,1.18,High,At Risk of Dehydration
43,Female,72.58,3.99,High,Hydrated
42,Male,89.25,2.58,High,At Risk of Dehydration
40,Female,78.89,1.03,Low,At Risk of Dehydration
20,Male,88.58,3.81,High,Hydrated
35,Female,67.68,3.98,High,Hydrated
27,Female,60.68,3.47,High,Hydrated
56,Female,45.72,1.96,Moderate,At Risk of Dehydration
45,Male,74.29,2.57,High,Hydrated
37,Female,75.14,3.27,Low,Hydrated
38,Male,85.05,2.64,High,At Risk of Dehydration
53,Male,53.01,3.67,Low,Hydrated
59,Female,83.78,3.66,Moderate,Hydrated
49,Male,52.61,3.17,Moderate,Hydrated
33,Male,79.32,1.88,Moderate,At Risk of Dehydration
55,Male,65.04,1.69,High,At Risk of Dehydration
35,Female,80.39,1.12,Low,At Risk of Dehydration
39,Male,95.35,3.09,Moderate,Hydrated
53,Female,83.81,2.29,Low,At Risk of Dehydration
46,Male,68.71,1.13,High,At Risk of Dehydration
48,Male,98.54,2.41,Low,At Risk of Dehydration
46,Male,49.98,3.39,High,At Risk of Dehydration
41,Female,57.03,1.88,High,At Risk of Dehydration
35,Male,65.27,1.37,High,At Risk of Dehydration
50,Male,55.19,2.98,Moderate,At Risk of Dehydration
45,Female,93.36,3.81,Moderate,Hydrated
18,Female,56.8,2.9,Moderate,Hydrated
18,Female,73.98,1.39,Moderate,At Risk of Dehydration
27,Male,85.92,3.82,Moderate,Hydrated
46,Male,81.67,2.46,High,At Risk of Dehydration
19,Female,48.6,1.73,High,At Risk of Dehydration
47,Male,62.25,3.11,Moderate,At Risk of Dehydration
59,Male,73.3,2.91,Low,Hydrated
45,Female,75.76,2.16,High,At Risk of Dehydration
49,Male,55.72,2.15,Low,At Risk of Dehydration
33,Male,75.44,1.97,Moderate,At Risk of Dehydration
51,Female,76.91,1.08,Moderate,At Risk of Dehydration
18,Female,78.46,1.44,High,At Risk of Dehydration
58,Female,64.01,1.79,Low,At Risk of Dehydration
18,Male,61.05,3.75,High,Hydrated
44,Male,82.71,3.36,Low,At Risk of Dehydration
33,Female,97.57,1.87,High,At Risk of Dehydration
34,Male,92.28,3.08,High,At Risk of Dehydration
45,Male,56.5,3.94,Low,Hydrated
55,Male,89.18,1.62,Moderate,At Risk of Dehydration
53,Female,53.63,2.98,High,At Risk of Dehydration
22,Male,76.88,3.01,Low,Hydrated
57,Male,57.19,1.23,Low,At Risk of Dehydration
33,Male,55.61,1.46,High,At Risk of Dehydration
37,Male,77.11,3.58,High,At Risk of Dehydration
54,Female,78.01,1.3,Moderate,At Risk of Dehydration
33,Female,62.1,2.81,Low,At Risk of Dehydration
58,Male,97.52,2.37,Moderate,At Risk of Dehydration
56,Female,80.99,1.5,High,At Risk of Dehydration
40,Female,67.68,1.4,High,At Risk of Dehydration
58,Female,73.72,3.76,Low,Hydrated
41,Male,78.56,3.09,High,At Risk of Dehydration
30,Female,59.28,1.06,High,At Risk of Dehydration
24,Female,53.33,1.06,High,At Risk of Dehydration
18,Female,81.7,1.02,Low,At Risk of Dehydration
47,Female,71.41,2.9,Moderate,At Risk of Dehydration
45,Female,62.59,2.9,Moderate,At Risk of Dehydration
56,Female,98.6,2.08,Moderate,Hydrated
58,Female,99.91,2.52,Moderate,At Risk of Dehydration
43,Male,91.94,1.25,High,Hydrated
43,Female,54.42,1.61,Moderate,At Risk of Dehydration
39,Female,75.28,2.37,Moderate,Hydrated
50,Female,63.66,3.99,Low,Hydrated
21,Male,59.82,3.88,Low,At Risk of Dehydration
57,Male,91.07,2.25,Low,At Risk of Dehydration
22,Male,79.59,2.62,Low,Hydrated
27,Male,90.28,2.44,High,At Risk of Dehydration
48,Male,92.41,3.33,Low,Hydrated
36,Female,90.04,2.04,Moderate,At Risk of Dehydration
41,Male,90.12,1.94,Moderate,At Risk of Dehydration
46,Female,72.18,3.6,Moderate,At Risk of Dehydration
39,Male,70.97,3.65,Moderate,Hydrated
47,Female,84.44,2.04,Low,Hydrated
28,Female,94.93,3.25,High,At Risk of Dehydration
56,Female,56.58,1.5,Low,At Risk of Dehydration
32,Female,61.26,3.8,Low,Hydrated
47,Female,86.11,3.92,High,Hydrated
22,Male,91.77,2.28,Moderate,At Risk of Dehydration
29,Male,50.9,2.64,High,At Risk of Dehydration
38,Female,72.31,1.09,Low,At Risk of Dehydration
47,Female,66.11,3.24,High,At Risk of Dehydration
53,Female,46.38,3.53,Low,Hydrated
21,Female,93.21,1.44,Low,At Risk of Dehydration
43,Male,51.39,2.65,Moderate,At Risk of Dehydration
35,Male,95.95,2.52,High,At Risk of Dehydration
49,Male,93.44,2.75,Low,Hydrated
46,Female,56.7,1.05,Low,At Risk of Dehydration
36,Male,66.45,3.73,Moderate,At Risk of Dehydration
46,Female,91.95,3.24,Moderate,At Risk of Dehydration
21,Male,78.46,3.6,High,At Risk of Dehydration
34,Female,45.81,2.1,Low,Hydrated
58,Female,49.6,3.45,Moderate,Hydrated
55,Female,86.83,2.07,Moderate,At Risk of Dehydration
33,Male,96.49,1.01,High,At Risk of Dehydration
20,Female,92.61,2.58,High,Hydrated
54,Male,97.59,1.98,Moderate,At Risk of Dehydration
59,Male,67.27,3.77,Moderate,At Risk of Dehydration
19,Male,71.13,1.58,Low,At Risk of Dehydration
33,Male,58.09,2.67,High,At Risk of Dehydration
59,Female,62.78,3.77,Low,Hydrated
34,Female,95.21,2.24,Moderate,At Risk of Dehydration
28,Male,66.18,1.57,High,At Risk of Dehydration
39,Male,69.55,3.28,Moderate,At Risk of Dehydration
41,Female,57.95,2.36,Moderate,At Risk of Dehydration
32,Female,87.34,2.14,High,Hydrated
49,Male,81.1,2.98,Low,At Risk of Dehydration
38,Male,75.35,2.68,Low,At Risk of Dehydration
43,Female,94.32,3.82,High,At Risk of Dehydration
52,Male,95.8,3.61,Moderate,At Risk of Dehydration
34,Female,63.59,3.49,Low,At Risk of Dehydration
35,Female,84.73,2.17,High,At Risk of Dehydration
56,Male,65.25,2.6,Low,At Risk of Dehydration
39,Male,67.79,1.82,Low,At Risk of Dehydration
22,Female,47.88,2.51,Low,At Risk of Dehydration
53,Male,98.45,2.43,High,At Risk of Dehydration
30,Female,50.97,3.51,Moderate,Hydrated
47,Female,63.18,1.68,Low,At Risk of Dehydration
39,Female,59.39,2.06,Moderate,At Risk of Dehydration
26,Male,91.02,2.82,Moderate,At Risk of Dehydration
34,Female,62.92,1.01,Moderate,At Risk of Dehydration
18,Male,98.01,2.66,Moderate,Hydrated
25,Male,62.41,2.52,Moderate,At Risk of Dehydration
40,Male,85.45,3.23,High,At Risk of Dehydration
41,Female,64.89,3.94,High,Hydrated
51,Male,92.54,3.7,Moderate,At Risk of Dehydration
23,Male,53.44,2.07,High,At Risk of Dehydration
50,Female,51.46,3.92,High,Hydrated
53,Female,52.23,1.97,Moderate,At Risk of Dehydration
21,Male,77.57,3.88,Low,Hydrated
48,Male,66.48,2.25,High,At Risk of Dehydration
43,Female,72.0,3.63,Moderate,Hydrated
19,Female,99.21,3.3,Moderate,At Risk of Dehydration
32,Female,70.63,2.41,Moderate,Hydrated
28,Female,87.14,3.91,Moderate,Hydrated
36,Male,87.22,3.15,Moderate,At Risk of Dehydration
48,Female,67.61,3.81,Moderate,Hydrated
45,Male,75.31,2.34,Low,At Risk of Dehydration
33,Male,48.55,3.98,Low,At Risk of Dehydration
45,Male,93.25,2.07,Moderate,Hydrated
50,Female,98.19,1.77,Moderate,At Risk of Dehydration
45,Male,53.91,2.46,Moderate,Hydrated
36,Female,56.74,1.99,Low,Hydrated
31,Female,69.93,2.0,Moderate,At Risk of Dehydration
42,Female,47.38,2.87,High,At Risk of Dehydration
58,Male,60.24,1.88,Moderate,At Risk of Dehydration
22,Male,56.56,2.5,High,At Risk of Dehydration
36,Female,62.1,2.62,Low,At Risk of Dehydration
57,Male,76.46,1.25,Moderate,At Risk of Dehydration
44,Female,79.32,2.95,High,At Risk of Dehydration
50,Male,94.15,1.2,Moderate,At Risk of Dehydration
45,Female,90.78,1.28,Moderate,At Risk of Dehydration
52,Female,68.97,2.85,Low,Hydrated
39,Male,76.74,2.27,High,At Risk of Dehydration
49,Male,88.83,3.98,High,Hydrated
19,Male,97.36,3.56,Moderate,At Risk of Dehydration
51,Male,91.45,2.31,Moderate,At Risk of Dehydration
43,Female,92.86,2.62,High,At Risk of Dehydration
55,Male,90.45,2.85,Moderate,At Risk of Dehydration
18,Male,50.49,1.73,Moderate,At Risk of Dehydration
20,Female,67.45,1.92,High,At Risk of Dehydration
56,Male,88.83,1.01,Moderate,At Risk of Dehydration
53,Male,47.48,2.27,Moderate,At Risk of Dehydration
37,Female,62.82,1.08,High,At Risk of Dehydration
41,Female,52.23,2.62,Low,Hydrated
42,Male,80.39,2.08,High,At Risk of Dehydration
39,Male,79.19,3.48,Moderate,At Risk of Dehydration
44,Male,97.1,3.99,High,Hydrated
38,Male,57.91,1.42,High,At Risk of Dehydration
47,Male,80.03,2.04,Low,At Risk of Dehydration
59,Male,49.82,2.1,Low,At Risk of Dehydration
21,Male,91.98,1.96,High,At Risk of Dehydration
29,Male,68.08,3.87,Moderate,At Risk of Dehydration
51,Female,66.69,3.27,Moderate,Hydrated
49,Female,85.14,2.3,High,At Risk of Dehydration
35,Female,76.91,2.26,Moderate,At Risk of Dehydration
55,Female,65.67,3.03,Moderate,Hydrated
33,Male,84.61,2.68,High,At Risk of Dehydration
55,Female,63.77,2.87,Low,Hydrated
38,Male,75.63,3.54,Moderate,At Risk of Dehydration
35,Male,82.09,2.52,Low,At Risk of Dehydration
53,Female,45.16,3.77,Moderate,Hydrated
49,Male,68.47,3.02,High,Hydrated
26,Male,89.98,2.85,High,Hydrated
32,Male,94.72,2.26,Moderate,At Risk of Dehydration
19,Female,89.63,2.6,Low,Hydrated
20,Female,62.22,1.93,Low,At Risk of Dehydration
22,Female,90.37,3.21,High,At Risk of Dehydration
42,Male,99.68,3.51,Moderate,At Risk of Dehydration
58,Male,61.26,2.14,Low,At Risk of Dehydration
56,Male,70.53,1.79,High,At Risk of Dehydration
22,Male,84.66,2.69,Low,At Risk of Dehydration
50,Female,94.98,1.98,High,At Risk of Dehydration
41,Male,86.78,1.09,Moderate,At Risk of Dehydration
44,Male,69.54,2.68,Low,Hydrated
46,Male,98.78,1.19,High,At Risk of Dehydration
59,Female,74.72,3.09,High,At Risk of Dehydration
55,Female,63.6,2.37,Moderate,At Risk of Dehydration
59,Female,79.07,2.5,High,At Risk of Dehydration
59,Female,89.62,2.02,Moderate,At Risk of Dehydration
34,Female,46.63,3.06,High,At Risk of Dehydration
53,Male,79.67,2.42,Low,At Risk of Dehydration
56,Female,95.25,1.81,High,At Risk of Dehydration
50,Male,52.18,1.54,Low,At Risk of Dehydration
23,Male,49.88,1.04,Low,At Risk of Dehydration
43,Female,70.33,1.85,High,At Risk of Dehydration
55,Female,93.65,3.55,Low,Hydrated
23,Female,87.95,3.0,Moderate,At Risk of Dehydration
24,Male,53.21,1.29,Low,Hydrated
52,Male,56.77,3.4,Moderate,At Risk of Dehydration
45,Male,46.41,1.29,Low,At Risk of Dehydration
53,Female,97.82,3.43,Low,Hydrated
18,Male,52.36,2.74,Moderate,Hydrated
42,Female,53.52,3.97,High,Hydrated
51,Male,88.07,1.4,Low,At Risk of Dehydration
53,Female,86.76,3.36,High,At Risk of Dehydration
56,Female,87.45,2.16,Low,At Risk of Dehydration
34,Female,71.47,1.89,Moderate,Hydrated
58,Female,88.32,1.43,Low,At Risk of Dehydration
33,Female,47.87,3.94,Moderate,Hydrated
32,Male,79.15,3.66,Moderate,At Risk of Dehydration
45,Male,96.4,1.01,Low,At Risk of Dehydration
29,Male,86.51,1.32,Low,At Risk of Dehydration
18,Female,68.16,1.68,Low,At Risk of Dehydration
54,Female,90.17,1.93,High,At Risk of Dehydration
56,Male,71.79,2.81,Moderate,At Risk of Dehydration
52,Male,94.76,3.71,Low,Hydrated
47,Male,92.09,1.05,Moderate,At Risk of Dehydration
54,Male,80.07,1.19,Moderate,At Risk of Dehydration
53,Male,57.56,3.6,Low,Hydrated
43,Male,54.52,2.68,High,At Risk of Dehydration
24,Male,60.94,3.8,High,At Risk of Dehydration
56,Female,67.36,1.73,Moderate,At Risk of Dehydration
49,Female,69.19,2.99,High,At Risk of Dehydration
30,Male,94.2,2.3,Moderate,At Risk of Dehydration
27,Male,68.19,1.03,Low,At Risk of Dehydration
36,Female,89.38,3.32,Low,Hydrated
18,Female,79.31,2.77,High,At Risk of Dehydration
21,Male,60.44,2.94,High,Hydrated
48,Male,93.11,3.56,Moderate,At Risk of Dehydration
55,Female,56.35,2.92,Low,Hydrated
43,Female,84.67,3.62,Low,Hydrated
38,Female,57.21,1.67,Moderate,At Risk of Dehydration
40,Male,56.96,3.88,Low,At Risk of Dehydration
25,Female,99.67,3.35,High,Hydrated
52,Male,94.59,2.74,Moderate,Hydrated
40,Female,54.27,1.59,High,At Risk of Dehydration
22,Female,67.71,1.48,Moderate,At Risk of Dehydration
30,Male,99.43,2.69,Moderate,At Risk of Dehydration
59,Male,87.11,3.79,Low,At Risk of Dehydration
58,Female,88.06,2.24,Low,At Risk of Dehydration
38,Female,62.85,3.92,High,Hydrated
41,Male,85.23,3.82,Low,At Risk of Dehydration
33,Female,65.44,1.77,Moderate,At Risk of Dehydration
57,Female,79.01,1.25,Moderate,At Risk of Dehydration
49,Male,50.87,2.65,Moderate,At Risk of Dehydration
34,Female,91.87,2.65,Moderate,At Risk of Dehydration
32,Male,91.88,3.53,High,At Risk of Dehydration
57,Male,76.65,2.43,Moderate,At Risk of Dehydration
25,Female,46.02,3.54,Low,Hydrated
44,Male,86.31,1.37,Moderate,At Risk of Dehydration
33,Male,58.99,3.06,Moderate,Hydrated
55,Female,60.16,3.56,Low,Hydrated
37,Male,79.06,2.38,Low,At Risk of Dehydration
54,Male,46.36,2.81,High,At Risk of Dehydration
26,Male,57.23,2.01,Moderate,Hydrated
37,Male,75.98,2.61,Moderate,At Risk of Dehydration
21,Female,92.56,2.69,Low,At Risk of Dehydration
50,Female,91.09,3.97,High,At Risk of Dehydration
59,Male,58.82,2.47,Moderate,At Risk of Dehydration
52,Male,82.98,2.52,Moderate,Hydrated
58,Male,95.82,3.89,Moderate,At Risk of Dehydration
29,Male,92.53,2.83,Low,At Risk of Dehydration
36,Female,64.4,3.86,Low,Hydrated
53,Female,51.45,2.58,Moderate,At Risk of Dehydration
40,Male,61.35,3.01,Moderate,Hydrated
45,Female,50.28,2.5,High,Hydrated
54,Male,90.46,1.31,Low,Hydrated
54,Female,67.61,1.61,High,At Risk of Dehydration
50,Female,76.32,1.16,Low,At Risk of Dehydration
29,Male,78.5,3.33,Low,Hydrated
36,Male,99.7,3.89,Low,Hydrated
23,Female,64.13,2.56,Low,At Risk of Dehydration
36,Female,93.62,1.93,Moderate,At Risk of Dehydration
41,Male,94.2,3.28,High,Hydrated
36,Male,68.42,3.48,High,Hydrated
26,Female,80.62,2.83,High,At Risk of Dehydration
39,Female,53.6,1.14,Moderate,At Risk of Dehydration
26,Female,88.71,2.83,High,At Risk of Dehydration
59,Male,62.42,1.7,Moderate,At Risk of Dehydration
34,Male,98.9,2.08,High,At Risk of Dehydration
23,Female,59.24,3.97,Moderate,Hydrated
56,Male,77.45,1.13,High,At Risk of Dehydration
44,Male,74.76,1.26,High,At Risk of Dehydration
21,Male,59.55,1.62,Low,At Risk of Dehydration
44,Female,46.84,1.89,High,At Risk of Dehydration
23,Male,90.94,1.62,High,At Risk of Dehydration
58,Female,98.67,3.34,High,At Risk of Dehydration
23,Female,68.19,3.2,Moderate,Hydrated
50,Female,91.12,1.65,Low,At Risk of Dehydration
44,Male,99.66,2.13,Low,At Risk of Dehydration
39,Female,57.05,1.62,Moderate,At Risk of Dehydration
49,Male,95.68,3.28,Moderate,At Risk of Dehydration
18,Female,82.29,1.19,Low,At Risk of Dehydration
35,Male,65.38,1.45,Low,At Risk of Dehydration
33,Female,99.01,3.55,Moderate,At Risk of Dehydration
20,Male,61.47,2.02,Low,At Risk of Dehydration
30,Female,93.26,1.51,High,At Risk of Dehydration
21,Female,50.22,2.41,High,At Risk of Dehydration
45,Female,73.19,1.89,High,At Risk of Dehydration
41,Male,91.11,2.22,Low,At Risk of Dehydration
31,Female,98.96,3.35,Moderate,At Risk of Dehydration
51,Male,97.02,1.67,Moderate,At Risk of Dehydration
48,Male,74.29,2.66,High,At Risk of Dehydration
31,Male,49.83,1.26,High,At Risk of Dehydration
27,Female,71.07,2.11,Low,At Risk of Dehydration
44,Male,57.36,3.09,High,At Risk of Dehydration
58,Male,50.54,3.8,Moderate,Hydrated
25,Female,88.08,2.28,Low,At Risk of Dehydration
56,Male,76.11,2.93,Moderate,At Risk of Dehydration
47,Male,79.94,2.64,Low,Hydrated
21,Female,79.36,3.42,Low,Hydrated
36,Male,90.14,1.61,Moderate,At Risk of Dehydration
51,Female,76.69,2.26,Low,At Risk of Dehydration
27,Male,55.39,2.13,High,At Risk of Dehydration
26,Female,66.26,3.12,Moderate,Hydrated
24,Male,88.28,2.58,Moderate,At Risk of Dehydration
57,Female,59.81,2.43,High,At Risk of Dehydration
46,Female,55.49,1.58,Low,At Risk of Dehydration
30,Male,63.45,3.51,Low,Hydrated
34,Female,75.34,2.6,Low,Hydrated
43,Male,89.01,2.38,High,At Risk of Dehydration
22,Female,76.03,3.44,Low,Hydrated
55,Female,53.68,1.05,Moderate,At Risk of Dehydration
56,Male,81.03,3.33,High,At Risk of Dehydration
41,Female,58.61,2.98,Low,Hydrated
28,Female,59.99,1.83,High,At Risk of Dehydration
41,Male,71.29,2.64,Moderate,At Risk of Dehydration
23,Female,54.28,2.05,Low,At Risk of Dehydration
43,Male,53.31,3.0,High,At Risk of Dehydration
54,Male,74.23,1.6,Moderate,At Risk of Dehydration
49,Female,61.25,1.45,Low,At Risk of Dehydration
59,Male,96.14,3.57,Low,Hydrated
52,Female,99.38,3.9,Low,Hydrated
49,Female,97.66,2.71,High,At Risk of Dehydration
28,Female,81.2,1.41,Low,At Risk of Dehydration
52,Female,93.72,3.31,High,At Risk of Dehydration
18,Female,71.68,2.18,Low,At Risk of Dehydration
30,Female,52.81,3.94,High,Hydrated
36,Female,72.04,2.09,Low,At Risk of Dehydration
49,Male,91.58,2.35,High,At Risk of Dehydration
41,Male,81.94,3.41,High,At Risk of Dehydration
58,Female,88.35,3.02,Low,Hydrated
26,Male,93.62,2.36,Low,At Risk of Dehydration
55,Female,85.12,2.34,High,At Risk of Dehydration
21,Male,49.98,1.0,Low,At Risk of Dehydration
30,Male,72.98,2.65,Low,At Risk of Dehydration
51,Male,76.46,2.53,Moderate,At Risk of Dehydration
33,Female,87.27,3.51,Moderate,At Risk of Dehydration
49,Female,49.59,1.31,Moderate,At Risk of Dehydration
52,Male,69.59,2.18,Low,Hydrated
22,Female,76.9,3.37,Moderate,At Risk of Dehydration
37,Male,82.22,3.41,High,At Risk of Dehydration
21,Female,63.85,2.45,High,At Risk of Dehydration
18,Female,60.91,1.32,Low,At Risk of Dehydration
52,Female,85.96,3.3,Moderate,At Risk of Dehydration
58,Female,62.78,3.44,Low,Hydrated
57,Male,85.57,2.12,High,At Risk of Dehydration
43,Female,87.52,2.62,Moderate,Hydrated
26,Male,92.05,2.17,Moderate,At Risk of Dehydration
25,Male,60.91,1.22,High,At Risk of Dehydration
50,Female,57.71,1.82,Low,At Risk of Dehydration
23,Male,93.04,2.04,High,At Risk of Dehydration
31,Female,50.91,2.89,High,At Risk of Dehydration
53,Female,79.98,1.43,Moderate,At Risk of Dehydration
50,Female,63.64,3.85,Moderate,Hydrated
30,Male,84.42,2.53,Moderate,At Risk of Dehydration
49,Female,50.84,1.24,Moderate,At Risk of Dehydration
45,Male,97.43,1.08,Low,At Risk of Dehydration
42,Female,59.34,2.49,Low,Hydrated
54,Female,77.01,3.03,High,At Risk of Dehydration
27,Female,47.84,3.03,Low,At Risk of Dehydration
33,Female,62.85,3.17,High,At Risk of Dehydration
20,Male,61.42,3.01,Low,Hydrated
49,Male,66.65,1.15,Low,At Risk of Dehydration
22,Female,70.33,3.76,Low,At Risk of Dehydration
38,Female,69.59,3.77,High,Hydrated
56,Male,57.48,3.02,Low,At Risk of Dehydration
40,Male,61.05,1.86,Low,At Risk of Dehydration
46,Female,84.82,3.0,High,At Risk of Dehydration
40,Male,75.96,3.54,Low,Hydrated
18,Female,59.1,3.51,Low,Hydrated
53,Female,58.75,1.99,High,At Risk of Dehydration
55,Male,79.73,3.57,Moderate,Hydrated
36,Female,71.36,2.13,High,At Risk of Dehydration
47,Female,70.26,1.34,Moderate,At Risk of Dehydration
33,Female,64.32,2.01,Moderate,At Risk of Dehydration
47,Male,66.15,2.88,Low,Hydrated
58,Female,97.5,2.36,High,At Risk of Dehydration
38,Male,96.96,1.0,High,At Risk of Dehydration
25,Male,83.07,2.37,High,At Risk of Dehydration
18,Female,97.55,2.28,Moderate,At Risk of Dehydration
50,Female,76.03,2.88,High,At Risk of Dehydration
33,Female,62.22,2.62,Low,At Risk of Dehydration
48,Male,75.94,1.96,High,At Risk of Dehydration
50,Male,54.65,2.06,High,At Risk of Dehydration
39,Female,60.68,2.48,Moderate,Hydrated
59,Male,60.68,2.97,High,Hydrated
35,Female,70.98,2.45,High,At Risk of Dehydration
41,Female,90.16,2.19,High,At Risk of Dehydration
29,Male,95.54,1.99,High,At Risk of Dehydration
41,Female,94.73,3.46,Moderate,Hydrated
20,Male,48.6,1.69,High,At Risk of Dehydration
49,Female,85.28,2.77,Low,Hydrated
55,Male,59.38,3.75,Low,Hydrated
36,Male,90.09,1.77,High,At Risk of Dehydration
57,Male,83.93,2.55,Low,At Risk of Dehydration
31,Female,74.71,2.97,Moderate,At Risk of Dehydration
24,Female,98.07,3.41,Low,At Risk of Dehydration
26,Female,66.68,2.36,Moderate,At Risk of Dehydration
39,Female,71.56,1.59,High,At Risk of Dehydration
47,Male,77.19,1.85,High,At Risk of Dehydration
20,Male,86.19,3.66,Low,Hydrated
51,Female,55.97,1.45,Moderate,At Risk of Dehydration
44,Female,80.32,1.43,High,At Risk of Dehydration
48,Male,97.78,2.08,Moderate,At Risk of Dehydration
54,Male,69.57,1.82,Moderate,At Risk of Dehydration
30,Female,89.41,1.43,Low,At Risk of Dehydration
41,Male,67.72,2.14,Low,At Risk of Dehydration
18,Male,70.14,2.22,Moderate,Hydrated
49,Female,75.17,3.19,Low,Hydrated
36,Male,64.95,1.29,Low,At Risk of Dehydration
38,Male,79.36,1.17,High,At Risk of Dehydration
27,Male,56.3,3.19,Moderate,At Risk of Dehydration
42,Female,97.47,2.61,Low,At Risk of Dehydration
41,Female,98.48,1.04,High,At Risk of Dehydration
34,Male,70.27,1.48,High,At Risk of Dehydration
35,Female,55.63,2.57,High,At Risk of Dehydration
36,Female,80.73,2.67,High,At Risk of Dehydration
41,Female,54.85,1.81,High,At Risk of Dehydration
53,Female,76.1,1.81,High,At Risk of Dehydration
57,Female,56.34,3.79,Moderate,Hydrated
58,Male,73.39,2.16,Low,At Risk of Dehydration
34,Male,70.63,2.83,Low,At Risk of Dehydration
43,Female,92.04,2.59,Moderate,Hydrated
42,Male,70.03,2.13,Moderate,At Risk of Dehydration
27,Male,60.06,2.53,Low,At Risk of Dehydration
22,Female,55.6,2.77,High,At Risk of Dehydration
58,Female,48.1,3.95,Moderate,Hydrated
22,Female,70.35,3.0,Moderate,At Risk of Dehydration
38,Male,80.56,1.74,Moderate,At Risk of Dehydration
40,Male,61.82,3.63,Moderate,Hydrated
46,Female,55.85,2.12,Moderate,At Risk of Dehydration
32,Male,77.32,2.69,Low,At Risk of Dehydration
20,Male,50.98,1.19,Moderate,Hydrated
35,Female,60.23,2.07,High,Hydrated
28,Male,93.33,3.88,High,Hydrated
33,Female,92.34,2.31,Moderate,At Risk of Dehydration
32,Female,83.81,2.02,Moderate,At Risk of Dehydration
54,Male,93.0,2.05,Low,At Risk of Dehydration
41,Male,97.89,3.49,Low,At Risk of Dehydration
48,Female,46.42,2.24,Moderate,Hydrated
44,Male,59.9,3.55,High,Hydrated
19,Female,95.38,3.29,Low,Hydrated
56,Male,63.91,2.32,Moderate,At Risk of Dehydration
49,Female,74.8,1.82,Low,At Risk of Dehydration
58,Male,80.16,2.77,Low,At Risk of Dehydration
28,Male,99.68,1.05,Moderate,At Risk of Dehydration
41,Male,90.43,1.11,High,At Risk of Dehydration
52,Female,76.66,1.76,Low,At Risk of Dehydration
52,Female,85.97,3.8,Moderate,Hydrated
50,Female,52.92,2.94,High,Hydrated
52,Female,75.75,2.89,Moderate,At Risk of Dehydration
34,Female,75.74,3.96,Moderate,Hydrated
24,Female,79.92,1.22,Moderate,At Risk of Dehydration
35,Female,53.68,3.9,High,Hydrated
54,Female,72.12,3.95,Low,Hydrated
53,Female,59.93,3.08,Moderate,At Risk of Dehydration
57,Female,70.19,3.17,Moderate,At Risk of Dehydration
32,Female,48.56,2.09,Moderate,At Risk of Dehydration
30,Female,66.38,2.78,Moderate,Hydrated
44,Female,89.24,1.84,Moderate,At Risk of Dehydration
55,Female,45.16,1.14,Low,At Risk of Dehydration
44,Female,94.16,1.11,Moderate,At Risk of Dehydration
48,Female,48.86,2.79,High,At Risk of Dehydration
24,Female,62.39,3.64,Low,Hydrated
40,Female,71.31,1.16,High,At Risk of Dehydration
31,Female,78.62,1.69,Low,At Risk of Dehydration
47,Male,85.76,2.34,Low,At Risk of Dehydration
55,Male,66.19,3.54,Moderate,Hydrated
40,Female,65.24,3.79,Low,At Risk of Dehydration
23,Male,78.69,3.82,Low,Hydrated
21,Male,65.18,3.22,High,At Risk of Dehydration
38,Female,91.01,2.15,High,At Risk of Dehydration
18,Female,84.39,3.83,Moderate,Hydrated
58,Female,74.15,2.96,Moderate,At Risk of Dehydration
36,Male,79.44,3.79,Low,Hydrated
46,Female,68.84,1.44,Moderate,At Risk of Dehydration
56,Male,91.69,2.33,Moderate,At Risk of Dehydration
36,Female,67.37,3.27,High,At Risk of Dehydration
58,Female,63.78,3.4,Low,Hydrated
51,Female,53.9,2.62,High,Hydrated
40,Female,92.71,3.92,Moderate,Hydrated
44,Female,57.26,2.64,High,Hydrated
58,Male,87.68,1.23,Low,At Risk of Dehydration
25,Male,89.64,3.4,Moderate,At Risk of Dehydration
23,Male,66.36,3.64,Moderate,At Risk of Dehydration
51,Male,54.38,3.28,High,Hydrated
32,Male,88.69,2.35,Moderate,At Risk of Dehydration
40,Male,97.24,2.61,Moderate,At Risk of Dehydration
52,Male,67.54,1.37,High,At Risk of Dehydration
41,Male,58.28,3.18,Moderate,At Risk of Dehydration
54,Male,70.64,2.12,Low,Hydrated
25,Male,64.65,1.15,High,At Risk of Dehydration
42,Male,58.93,3.49,Moderate,Hydrated
49,Male,45.6,2.28,Moderate,At Risk of Dehydration
30,Male,75.12,2.94,Low,Hydrated
45,Male,65.25,1.14,Moderate,At Risk of Dehydration
25,Male,66.27,3.17,Moderate,Hydrated
18,Female,48.03,1.66,Low,At Risk of Dehydration
49,Male,46.05,3.07,Moderate,At Risk of Dehydration
36,Female,54.94,3.21,Low,At Risk of Dehydration
46,Male,80.81,2.97,High,At Risk of Dehydration
45,Male,62.86,1.9,Low,At Risk of Dehydration
20,Female,92.0,3.72,Low,At Risk of Dehydration
23,Male,68.66,2.01,Moderate,At Risk of Dehydration
57,Male,85.51,1.68,Low,At Risk of Dehydration
24,Male,53.1,2.08,High,At Risk of Dehydration
37,Male,77.33,3.91,Low,At Risk of Dehydration
44,Male,79.99,3.17,High,Hydrated
44,Male,53.98,1.27,High,At Risk of Dehydration
47,Male,76.34,3.12,Moderate,At Risk of Dehydration
39,Female,71.36,1.28,Moderate,At Risk of Dehydration
31,Male,48.83,2.85,High,At Risk of Dehydration
52,Female,75.49,2.91,Low,Hydrated
33,Female,78.81,1.42,Low,At Risk of Dehydration
46,Female,79.71,1.13,Low,At Risk of Dehydration
59,Female,84.02,2.21,Low,Hydrated
23,Male,64.89,2.45,Moderate,At Risk of Dehydration
48,Female,99.6,2.1,Low,Hydrated
55,Female,91.83,2.05,Low,At Risk of Dehydration
27,Female,50.72,2.36,Moderate,Hydrated
51,Male,61.91,2.81,High,At Risk of Dehydration
49,Female,53.95,1.09,Moderate,At Risk of Dehydration
52,Female,83.77,3.77,Low,Hydrated
36,Female,70.71,1.35,High,At Risk of Dehydration
37,Male,55.75,1.0,Moderate,At Risk of Dehydration
26,Male,73.17,2.98,High,Hydrated
41,Female,73.31,1.68,High,At Risk of Dehydration
20,Female,90.41,2.37,High,At Risk of Dehydration
46,Female,58.39,1.94,Low,Hydrated
47,Female,51.86,3.52,Low,Hydrated
25,Female,46.38,1.23,Low,At Risk of Dehydration
25,Female,66.4,2.41,High,Hydrated
37,Female,74.18,1.96,Low,At Risk of Dehydration
51,Male,60.43,1.85,Moderate,At Risk of Dehydration
55,Female,69.06,3.43,Low,At Risk of Dehydration
52,Female,55.26,1.55,Moderate,At Risk of Dehydration
20,Female,85.9,1.55,Low,At Risk of Dehydration
59,Male,70.65,3.56,High,Hydrated
35,Male,49.04,3.87,Low,Hydrated
43,Female,63.43,1.56,Moderate,At Risk of Dehydration
47,Male,45.84,3.29,Moderate,At Risk of Dehydration
47,Female,78.9,3.03,Low,At Risk of Dehydration
49,Female,60.18,2.15,Moderate,Hydrated
40,Male,53.56,3.06,Moderate,At Risk of Dehydration
32,Female,85.63,1.04,Low,At Risk of Dehydration
34,Female,93.54,3.25,High,At Risk of Dehydration
38,Female,63.62,2.13,Moderate,At Risk of Dehydration
37,Male,90.45,3.68,Moderate,Hydrated
22,Male,82.66,2.69,High,Hydrated
36,Male,66.04,2.59,Moderate,Hydrated
28,Female,54.56,1.21,High,At Risk of Dehydration
26,Female,70.08,3.87,Moderate,Hydrated
22,Male,48.3,3.36,High,Hydrated
53,Female,93.67,3.57,Moderate,At Risk of Dehydration
36,Female,61.08,1.68,Moderate,At Risk of Dehydration
23,Male,68.04,2.43,High,At Risk of Dehydration
24,Female,81.11,1.55,High,At Risk of Dehydration
21,Female,61.29,1.46,Low,At Risk of Dehydration
44,Male,82.94,2.58,Low,Hydrated
46,Female,65.05,2.67,High,Hydrated
36,Male,45.33,3.15,High,At Risk of Dehydration
42,Female,63.89,3.58,Moderate,At Risk of Dehydration
32,Female,59.3,3.77,High,Hydrated
19,Female,49.83,1.51,High,At Risk of Dehydration
54,Female,62.02,1.04,High,At Risk of Dehydration
45,Male,69.08,3.92,Low,Hydrated
50,Female,92.26,2.86,Moderate,Hydrated
24,Female,93.2,1.72,Moderate,At Risk of Dehydration
29,Male,80.03,3.19,High,At Risk of Dehydration
44,Female,70.55,3.76,High,Hydrated
41,Male,76.02,2.66,Moderate,At Risk of Dehydration
28,Male,55.9,2.14,Moderate,At Risk of Dehydration
44,Female,91.39,2.34,Moderate,At Risk of Dehydration
43,Female,95.64,3.22,Low,Hydrated
20,Female,77.19,3.4,High,At Risk of Dehydration
58,Female,56.45,1.0,High,At Risk of Dehydration
18,Male,74.89,3.32,Moderate,At Risk of Dehydration
48,Male,47.65,1.75,Moderate,At Risk of Dehydration
19,Male,67.11,2.6,Low,Hydrated
58,Male,88.0,3.51,High,At Risk of Dehydration
42,Female,96.02,2.63,Moderate,At Risk of Dehydration
57,Female,55.82,3.84,Moderate,Hydrated
38,Male,78.21,1.43,Low,At Risk of Dehydration
28,Male,73.68,2.09,High,At Risk of Dehydration
36,Female,81.43,3.0,Low,At Risk of Dehydration
33,Male,59.26,1.86,Moderate,Hydrated
28,Male,52.78,3.44,Low,At Risk of Dehydration
36,Male,71.54,3.64,High,Hydrated
24,Female,52.2,1.51,Low,At Risk of Dehydration
48,Female,86.44,1.94,High,At Risk of Dehydration
41,Female,68.23,1.78,Low,Hydrated
36,Male,96.46,2.75,High,At Risk of Dehydration
56,Female,63.12,3.26,Moderate,Hydrated
33,Male,98.17,3.21,Low,Hydrated
39,Male,52.8,3.59,Moderate,Hydrated
27,Female,46.49,1.68,Low,At Risk of Dehydration
59,Female,45.53,1.18,High,At Risk of Dehydration
22,Male,46.97,2.04,High,At Risk of Dehydration
27,Female,80.48,1.38,Moderate,At Risk of Dehydration
31,Female,88.9,3.92,Moderate,At Risk of Dehydration
54,Male,85.98,1.69,Low,At Risk of Dehydration
44,Female,68.18,1.32,Moderate,At Risk of Dehydration
30,Male,82.93,2.82,Moderate,At Risk of Dehydration
40,Male,87.54,3.48,Moderate,At Risk of Dehydration
33,Male,75.57,2.57,High,Hydrated
29,Male,99.6,2.4,Low,At Risk of Dehydration
37,Female,64.8,2.02,Low,Hydrated
35,Female,99.34,2.01,Moderate,At Risk of Dehydration
21,Female,47.47,1.93,Low,At Risk of Dehydration
52,Male,59.29,3.27,High,At Risk of Dehydration
34,Male,66.5,2.11,High,At Risk of Dehydration
29,Male,56.24,3.44,High,Hydrated
22,Male,70.17,2.07,Moderate,At Risk of Dehydration
58,Female,90.8,1.04,Low,At Risk of Dehydration
18,Male,89.02,2.26,High,At Risk of Dehydration
49,Male,65.61,1.14,Moderate,At Risk of Dehydration
18,Female,92.63,1.69,High,At Risk of Dehydration
38,Male,51.71,1.74,Moderate,At Risk of Dehydration
26,Female,85.11,1.75,Moderate,At Risk of Dehydration
25,Male,49.13,3.39,Moderate,At Risk of Dehydration
37,Male,79.11,1.28,Moderate,At Risk of Dehydration
22,Male,52.92,1.9,Low,Hydrated
58,Male,96.69,1.44,Moderate,At Risk of Dehydration
42,Female,59.2,3.9,High,At Risk of Dehydration
36,Female,70.91,2.3,Low,At Risk of Dehydration
31,Male,88.15,2.65,High,At Risk of Dehydration
24,Female,56.45,3.63,High,Hydrated
41,Female,64.56,1.34,Low,At Risk of Dehydration
59,Female,68.39,2.04,Moderate,At Risk of Dehydration
56,Male,90.49,2.81,Moderate,Hydrated
40,Female,69.87,3.97,Low,Hydrated
30,Female,73.42,2.16,Low,At Risk of Dehydration
32,Female,94.41,2.27,Moderate,At Risk of Dehydration
21,Male,62.07,2.51,Moderate,At Risk of Dehydration
54,Male,96.58,2.42,High,At Risk of Dehydration
23,Male,75.63,2.66,Low,At Risk of Dehydration
41,Male,81.61,2.37,High,At Risk of Dehydration
53,Female,69.63,2.32,Low,At Risk of Dehydration
54,Male,82.28,3.21,High,At Risk of Dehydration
36,Male,47.78,1.03,High,At Risk of Dehydration
30,Female,57.79,2.67,Moderate,Hydrated
44,Female,67.1,2.31,Low,Hydrated
49,Female,59.16,1.73,High,At Risk of Dehydration
31,Female,90.39,1.9,High,At Risk of Dehydration
42,Female,53.09,1.07,Low,At Risk of Dehydration
45,Female,82.92,3.89,High,Hydrated
55,Male,48.03,2.59,Moderate,At Risk of Dehydration
38,Male,46.14,2.5,Low,At Risk of Dehydration
29,Female,49.99,1.67,High,At Risk of Dehydration
35,Male,59.34,3.61,High,Hydrated
36,Female,55.57,1.18,Moderate,At Risk of Dehydration
51,Female,57.86,3.03,High,Hydrated
40,Male,97.08,3.1,High,At Risk of Dehydration
59,Female,56.64,1.04,High,At Risk of Dehydration
32,Male,95.3,2.71,High,At Risk of Dehydration
57,Male,58.48,3.02,High,Hydrated
21,Male,56.32,3.55,High,Hydrated
29,Male,92.45,3.01,Low,At Risk of Dehydration
35,Male,61.36,1.18,Low,At Risk of Dehydration
29,Male,57.5,1.1,High,At Risk of Dehydration
24,Male,64.6,2.31,Low,Hydrated
30,Female,62.41,3.58,Low,Hydrated
25,Female,90.07,1.73,Moderate,At Risk of Dehydration
25,Male,63.27,1.55,Moderate,At Risk of Dehydration
25,Male,88.11,2.1,High,At Risk of Dehydration
26,Female,61.41,1.57,Moderate,At Risk of Dehydration
45,Male,67.86,2.77,Low,At Risk of Dehydration
27,Male,69.89,3.12,High,At Risk of Dehydration
29,Male,52.11,3.49,High,Hydrated
22,Female,81.21,1.81,High,At Risk of Dehydration
24,Female,85.2,3.43,Low,At Risk of Dehydration
18,Female,85.1,2.47,Moderate,At Risk of Dehydration
58,Male,93.41,2.17,Low,At Risk of Dehydration
24,Female,63.62,1.59,Low,At Risk of Dehydration
20,Female,66.72,3.54,High,At Risk of Dehydration
27,Male,91.27,2.23,Moderate,Hydrated
32,Female,52.56,1.31,Moderate,At Risk of Dehydration
42,Male,79.1,2.08,High,At Risk of Dehydration
26,Female,48.5,3.03,High,At Risk of Dehydration
31,Male,57.03,3.85,High,Hydrated
45,Female,49.67,2.3,Low,At Risk of Dehydration
39,Male,52.77,3.2,Low,At Risk of Dehydration
30,Male,93.31,2.38,Moderate,At Risk of Dehydration
30,Male,53.31,2.13,Moderate,At Risk of Dehydration
42,Female,53.48,2.07,Low,At Risk of Dehydration
39,Female,77.67,3.61,Moderate,Hydrated
25,Female,79.0,1.18,High,At Risk of Dehydration
54,Male,92.92,3.79,Moderate,Hydrated
21,Male,95.5,2.5,High,At Risk of Dehydration
29,Male,55.11,2.04,Moderate,At Risk of Dehydration
51,Male,81.64,2.97,Moderate,At Risk of Dehydration
41,Male,69.11,3.73,Moderate,Hydrated
24,Male,94.8,3.06,High,At Risk of Dehydration
44,Male,84.09,1.77,Low,At Risk of Dehydration
54,Female,85.39,1.86,Low,At Risk of Dehydration
28,Female,51.71,3.53,Low,At Risk of Dehydration
37,Male,51.13,3.53,Low,Hydrated
33,Female,83.78,2.28,Low,At Risk of Dehydration
45,Male,94.79,2.98,Moderate,At Risk of Dehydration
43,Female,91.48,3.84,High,Hydrated
36,Female,80.35,3.73,Low,At Risk of Dehydration
30,Male,61.01,1.89,Low,At Risk of Dehydration
41,Female,54.0,3.35,Moderate,At Risk of Dehydration
59,Female,64.92,1.87,Moderate,At Risk of Dehydration
26,Female,45.41,2.85,Moderate,Hydrated
56,Female,81.45,1.09,High,At Risk of Dehydration
42,Female,61.58,1.91,High,At Risk of Dehydration
54,Male,76.07,1.75,Low,At Risk of Dehydration
29,Female,58.05,1.28,High,At Risk of Dehydration
52,Female,75.18,2.93,Low,At Risk of Dehydration
57,Male,48.88,2.68,Moderate,At Risk of Dehydration
22,Male,50.91,2.84,Low,At Risk of Dehydration
33,Male,81.75,1.27,Low,At Risk of Dehydration
56,Male,70.33,1.4,High,At Risk of Dehydration
35,Male,72.75,3.67,High,Hydrated
35,Female,71.49,2.26,Low,At Risk of Dehydration
52,Male,88.94,2.66,Low,At Risk of Dehydration
20,Female,92.15,2.98,High,Hydrated
58,Male,81.69,1.02,Moderate,At Risk of Dehydration
22,Male,55.02,1.87,High,At Risk of Dehydration
48,Female,71.72,3.53,Low,Hydrated
51,Female,75.19,1.55,High,At Risk of Dehydration
52,Female,60.67,3.97,Moderate,Hydrated
22,Male,66.29,1.88,Low,At Risk of Dehydration
40,Male,82.33,1.0,High,At Risk of Dehydration
28,Female,87.96,1.54,High,At Risk of Dehydration
32,Male,90.5,3.76,Moderate,Hydrated
20,Female,67.13,3.03,High,Hydrated
56,Female,94.3,3.97,High,Hydrated
35,Female,83.22,3.2,High,Hydrated
25,Male,59.06,1.43,High,At Risk of Dehydration
32,Male,55.41,1.71,Moderate,At Risk of Dehydration
55,Male,50.82,3.49,High,Hydrated
49,Female,52.48,3.37,Low,Hydrated
50,Male,89.02,1.47,Moderate,At Risk of Dehydration
46,Male,73.0,2.15,High,At Risk of Dehydration
38,Female,46.32,3.4,Low,Hydrated
59,Male,64.44,2.8,High,At Risk of Dehydration
58,Female,47.1,3.76,High,Hydrated
36,Female,51.05,3.89,Moderate,Hydrated
27,Male,68.38,1.5,Moderate,At Risk of Dehydration
49,Male,53.25,2.47,Moderate,At Risk of Dehydration
32,Male,61.0,3.78,Moderate,Hydrated
26,Female,75.53,3.76,High,Hydrated
23,Female,82.56,1.74,Moderate,At Risk of Dehydration
51,Male,83.58,2.18,Low,At Risk of Dehydration
53,Male,75.4,3.79,Low,Hydrated
23,Male,96.08,3.35,Moderate,At Risk of Dehydration
52,Female,88.01,2.59,High,At Risk of Dehydration
28,Male,47.42,3.77,Moderate,Hydrated
51,Male,78.1,2.29,High,Hydrated
59,Female,67.81,1.69,Moderate,At Risk of Dehydration
25,Female,88.28,2.65,High,At Risk of Dehydration
51,Female,84.63,2.28,High,At Risk of Dehydration
20,Female,60.47,3.34,Moderate,At Risk of Dehydration
32,Male,84.75,1.49,High,At Risk of Dehydration
18,Female,61.52,3.07,High,Hydrated
30,Female,72.63,2.8,High,At Risk of Dehydration
20,Female,80.38,1.84,Moderate,At Risk of Dehydration
54,Male,70.92,1.94,Moderate,At Risk of Dehydration
59,Female,82.72,1.55,High,At Risk of Dehydration
31,Male,61.11,2.45,Low,At Risk of Dehydration
47,Female,79.19,2.88,Low,At Risk of Dehydration
39,Male,57.78,3.27,Low,At Risk of Dehydration
24,Male,64.19,1.36,Moderate,At Risk of Dehydration
51,Male,64.06,2.62,Low,Hydrated
41,Male,67.83,1.47,Low,At Risk of Dehydration
38,Male,65.88,3.09,High,At Risk of Dehydration
47,Female,87.65,3.42,High,Hydrated
50,Female,67.93,1.3,Low,At Risk of Dehydration
31,Male,96.86,1.83,Moderate,At Risk of Dehydration
38,Female,82.27,3.16,High,At Risk of Dehydration
42,Female,52.28,2.39,High,Hydrated
31,Female,99.79,1.51,Moderate,At Risk of Dehydration
21,Female,64.95,3.71,Moderate,Hydrated
19,Male,56.72,3.07,High,Hydrated
21,Male,76.83,2.13,Low,Hydrated
49,Female,65.06,1.18,High,At Risk of Dehydration
56,Male,71.74,3.16,Moderate,At Risk of Dehydration
32,Female,63.53,2.55,Moderate,At Risk of Dehydration
30,Female,72.5,2.03,Moderate,At Risk of Dehydration
21,Female,91.62,2.9,High,At Risk of Dehydration
24,Female,74.56,3.17,Moderate,At Risk of Dehydration
20,Male,87.98,1.99,Low,At Risk of Dehydration
27,Male,46.57,3.0,Moderate,At Risk of Dehydration
26,Female,80.33,2.56,Moderate,At Risk of Dehydration
57,Female,52.5,2.49,Moderate,At Risk of Dehydration
29,Female,49.33,1.94,High,At Risk of Dehydration
19,Male,53.3,3.94,Moderate,At Risk of Dehydration
45,Male,99.28,2.06,High,At Risk of Dehydration
26,Female,86.29,1.5,Moderate,At Risk of Dehydration
18,Male,46.12,3.65,Low,Hydrated
26,Male,49.38,2.18,Low,At Risk of Dehydration
48,Female,46.94,3.43,Low,Hydrated
25,Female,84.14,1.96,Low,At Risk of Dehydration
54,Female,98.18,2.36,Moderate,At Risk of Dehydration
28,Male,73.02,3.07,High,Hydrated
46,Male,72.31,1.61,Low,At Risk of Dehydration
34,Female,53.64,2.89,Moderate,At Risk of Dehydration
56,Female,88.49,2.2,High,At Risk of Dehydration
25,Male,84.23,3.51,High,At Risk of Dehydration
29,Male,90.8,1.84,Low,At Risk of Dehydration
24,Female,55.9,2.44,Moderate,At Risk of Dehydration
31,Male,93.2,2.14,Low,At Risk of Dehydration
57,Female,45.61,2.95,High,At Risk of Dehydration
47,Male,78.6,3.96,Moderate,Hydrated
33,Male,74.99,1.68,High,At Risk of Dehydration
24,Male,99.85,1.61,Low,At Risk of Dehydration
23,Male,86.18,2.36,Moderate,Hydrated
24,Male,83.46,2.9,Low,Hydrated
48,Male,80.41,3.04,Moderate,At Risk of Dehydration
38,Female,60.59,3.49,Low,Hydrated
28,Female,81.7,2.45,Low,At Risk of Dehydration
25,Male,76.19,1.37,Low,At Risk of Dehydration
50,Male,49.52,1.31,Moderate,At Risk of Dehydration
18,Male,81.03,1.19,High,At Risk of Dehydration
36,Male,79.37,2.01,Low,At Risk of Dehydration
41,Female,84.84,1.37,Moderate,At Risk of Dehydration
43,Female,51.63,3.66,High,Hydrated
25,Female,66.14,3.13,High,At Risk of Dehydration
49,Female,69.44,2.02,High,At Risk of Dehydration
43,Female,92.96,2.49,Low,At Risk of Dehydration
53,Male,73.06,2.01,High,At Risk of Dehydration
22,Female,65.5,2.64,Moderate,At Risk of Dehydration
44,Female,83.87,2.96,High,Hydrated
35,Female,46.56,1.62,Moderate,At Risk of Dehydration
26,Male,68.1,1.64,High,At Risk of Dehydration
40,Male,93.22,1.01,Low,At Risk of Dehydration
51,Female,72.71,3.61,Moderate,At Risk of Dehydration
55,Male,57.82,2.31,High,At Risk of Dehydration
24,Male,89.79,2.19,High,At Risk of Dehydration
30,Female,97.31,1.83,Moderate,At Risk of Dehydration
56,Male,75.58,1.81,Low,At Risk of Dehydration
34,Male,98.06,3.22,High,Hydrated
19,Female,78.37,2.96,Low,Hydrated
35,Male,70.69,3.15,High,Hydrated
23,Female,54.61,1.58,High,At Risk of Dehydration
50,Male,56.78,2.25,Moderate,Hydrated
28,Female,60.79,3.3,High,Hydrated
45,Male,89.53,3.38,High,At Risk of Dehydration
28,Female,76.47,1.82,Low,At Risk of Dehydration
33,Female,71.21,1.67,Moderate,At Risk of Dehydration
29,Female,87.44,3.99,Low,Hydrated
43,Male,84.97,2.56,High,At Risk of Dehydration
32,Female,80.82,3.77,Moderate,Hydrated
53,Female,92.08,3.15,High,At Risk of Dehydration
53,Female,47.43,3.87,Moderate,Hydrated
51,Female,62.96,3.15,Moderate,Hydrated
47,Female,95.49,1.22,High,At Risk of Dehydration
56,Female,95.76,2.83,High,At Risk of Dehydration
41,Female,54.11,3.04,Low,Hydrated
32,Male,61.83,1.44,Moderate,At Risk of Dehydration
18,Female,90.71,3.84,Low,Hydrated
42,Male,74.32,1.72,Low,At Risk of Dehydration
37,Male,95.07,3.82,Low,Hydrated
31,Female,79.3,3.44,High,Hydrated
42,Male,66.07,1.44,High,At Risk of Dehydration
28,Female,47.7,2.2,High,At Risk of Dehydration
52,Male,92.48,3.31,Moderate,Hydrated
34,Female,78.47,1.54,Low,At Risk of Dehydration
39,Male,72.56,2.61,Moderate,Hydrated
52,Female,96.65,1.11,High,At Risk of Dehydration
53,Male,69.8,3.45,High,Hydrated
48,Male,87.97,2.61,Moderate,Hydrated
46,Male,49.35,3.43,Moderate,Hydrated
35,Female,68.98,3.69,Low,Hydrated
21,Female,98.02,1.03,Low,At Risk of Dehydration
48,Female,50.67,1.79,High,At Risk of Dehydration
47,Female,71.33,2.2,Low,At Risk of Dehydration
57,Male,47.95,1.25,Low,At Risk of Dehydration
31,Female,58.76,1.32,Low,At Risk of Dehydration
23,Male,48.0,1.84,Moderate,At Risk of Dehydration
25,Female,58.38,1.4,Moderate,At Risk of Dehydration
52,Female,95.37,1.2,High,At Risk of Dehydration
19,Male,50.99,1.22,High,At Risk of Dehydration
47,Male,97.25,3.66,High,At Risk of Dehydration
19,Male,51.25,2.51,Low,Hydrated
45,Female,95.24,1.36,Moderate,At Risk of Dehydration
50,Male,53.52,1.18,High,At Risk of Dehydration
22,Male,56.15,2.52,Moderate,At Risk of Dehydration
40,Male,89.82,2.88,Moderate,Hydrated
30,Female,95.27,2.7,Moderate,At Risk of Dehydration
46,Female,49.37,3.59,Low,Hydrated
22,Female,73.09,1.21,High,At Risk of Dehydration
59,Female,77.19,3.08,Moderate,At Risk of Dehydration
50,Female,67.95,3.87,High,Hydrated
29,Female,82.69,1.22,Low,At Risk of Dehydration
40,Female,73.38,2.35,Low,At Risk of Dehydration
28,Female,93.19,1.4,Moderate,At Risk of Dehydration
51,Female,92.86,3.98,Moderate,Hydrated
26,Female,76.05,1.86,Low,At Risk of Dehydration
54,Male,88.24,2.01,Low,At Risk of Dehydration
18,Male,71.61,1.73,High,At Risk of Dehydration
40,Male,86.41,2.52,Moderate,At Risk of Dehydration
27,Male,78.93,2.94,Moderate,Hydrated
27,Female,46.34,3.91,High,At Risk of Dehydration
28,Female,66.92,2.95,Low,Hydrated
39,Male,99.05,2.75,High,At Risk of Dehydration
21,Male,56.74,1.81,High,At Risk of Dehydration
50,Female,51.27,1.95,High,At Risk of Dehydration
47,Male,46.92,2.45,Low,Hydrated
57,Female,96.11,2.46,High,At Risk of Dehydration
49,Female,92.8,3.31,High,Hydrated
39,Male,94.06,2.33,Moderate,At Risk of Dehydration
59,Female,89.3,3.24,Moderate,At Risk of Dehydration
25,Male,54.01,1.89,Low,Hydrated
59,Female,95.12,1.87,Low,At Risk of Dehydration
45,Female,87.62,1.23,Low,At Risk of Dehydration
50,Male,73.81,1.53,High,At Risk of Dehydration
52,Male,50.82,3.66,High,Hydrated
29,Female,61.19,2.95,Low,At Risk of Dehydration
29,Female,84.53,1.26,Low,At Risk of Dehydration
47,Male,53.16,2.31,Moderate,At Risk of Dehydration
24,Male,94.24,1.79,Low,At Risk of Dehydration
20,Female,94.68,2.84,Low,At Risk of Dehydration
24,Female,73.63,2.49,Moderate,At Risk of Dehydration
25,Male,88.76,2.02,Moderate,At Risk of Dehydration
45,Male,78.05,2.25,High,Hydrated
57,Female,87.21,1.29,Moderate,At Risk of Dehydration
40,Male,97.45,1.5,Moderate,At Risk of Dehydration
21,Male,64.29,2.73,Low,At Risk of Dehydration
25,Male,78.52,2.45,Low,At Risk of Dehydration
41,Female,50.53,3.32,High,Hydrated
50,Female,62.57,3.32,Moderate,Hydrated
41,Male,56.82,3.12,Moderate,Hydrated
32,Female,75.27,2.74,High,At Risk of Dehydration
28,Male,98.76,3.71,Low,Hydrated
52,Male,56.22,2.48,High,At Risk of Dehydration
18,Male,82.75,3.19,High,Hydrated
57,Male,50.27,2.85,High,At Risk of Dehydration
44,Female,55.98,2.35,High,At Risk of Dehydration
42,Male,63.61,1.15,Low,At Risk of Dehydration
49,Male,82.58,2.82,Low,At Risk of Dehydration
50,Male,83.36,1.33,Moderate,At Risk of Dehydration
34,Male,83.54,1.34,Low,At Risk of Dehydration
35,Female,65.77,1.98,High,At Risk of Dehydration
33,Male,46.55,1.31,Moderate,At Risk of Dehydration
39,Female,99.86,3.48,High,Hydrated
33,Male,98.43,3.2,Low,At Risk of Dehydration
47,Male,99.66,2.84,High,At Risk of Dehydration
18,Male,89.26,1.55,High,At Risk of Dehydration
29,Male,53.54,1.51,Moderate,At Risk of Dehydration
50,Female,61.7,1.29,Low,At Risk of Dehydration
46,Male,56.04,1.11,High,At Risk of Dehydration
40,Female,54.45,1.88,High,At Risk of Dehydration
29,Female,71.71,1.88,Moderate,At Risk of Dehydration
45,Female,56.86,3.7,Moderate,Hydrated
37,Female,78.8,1.53,Moderate,At Risk of Dehydration
57,Male,82.07,2.3,High,At Risk of Dehydration
39,Female,72.16,1.59,Low,At Risk of Dehydration
35,Female,49.77,2.98,Low,At Risk of Dehydration
24,Female,92.37,1.29,Low,At Risk of Dehydration
41,Male,86.34,1.3,Low,At Risk of Dehydration
32,Male,59.25,3.75,High,At Risk of Dehydration
25,Male,82.88,3.97,High,Hydrated
30,Female,63.25,1.59,Low,At Risk of Dehydration
40,Female,93.67,3.79,Moderate,At Risk of Dehydration
30,Male,54.4,3.71,High,Hydrated
19,Male,67.13,2.05,Moderate,Hydrated
20,Male,70.22,2.77,High,At Risk of Dehydration
19,Female,70.45,2.72,High,At Risk of Dehydration
30,Male,81.71,3.07,Low,At Risk of Dehydration
24,Male,71.6,3.15,Moderate,Hydrated
36,Male,78.58,3.15,Low,At Risk of Dehydration
22,Female,85.45,1.28,High,At Risk of Dehydration
38,Female,62.85,3.92,High,Hydrated
33,Male,66.4,3.15,High,At Risk of Dehydration
34,Female,91.1,2.48,Low,Hydrated
54,Male,94.69,3.23,High,Hydrated
29,Female,60.38,1.94,Moderate,At Risk of Dehydration
36,Male,97.4,2.2,High,At Risk of Dehydration
54,Male,69.23,2.34,Moderate,At Risk of Dehydration
50,Male,72.27,1.54,High,At Risk of Dehydration
32,Male,47.6,2.49,Moderate,At Risk of Dehydration
42,Female,59.21,1.75,Moderate,At Risk of Dehydration
39,Male,57.29,1.84,Moderate,At Risk of Dehydration
47,Male,81.3,3.78,High,Hydrated
55,Female,99.54,1.11,Moderate,At Risk of Dehydration
51,Female,90.7,3.5,Low,Hydrated
27,Male,74.29,3.8,High,Hydrated
44,Female,92.07,1.58,High,At Risk of Dehydration
43,Female,93.69,1.88,Low,At Risk of Dehydration
45,Female,59.17,1.6,Moderate,At Risk of Dehydration
25,Male,76.31,2.08,Low,At Risk of Dehydration
26,Male,51.52,3.76,Low,Hydrated
21,Female,84.17,3.94,Low,Hydrated
31,Female,50.56,3.24,Moderate,Hydrated
47,Female,62.31,3.28,Moderate,Hydrated
43,Female,52.73,2.29,Moderate,Hydrated
54,Female,53.18,1.17,Low,At Risk of Dehydration
18,Male,83.23,1.55,Low,At Risk of Dehydration
45,Male,53.38,2.39,Moderate,At Risk of Dehydration
22,Male,60.02,3.16,Low,At Risk of Dehydration
58,Female,90.28,3.96,High,Hydrated
37,Male,68.92,3.56,High,At Risk of Dehydration
31,Male,95.08,3.18,High,At Risk of Dehydration
55,Male,81.16,2.85,Low,At Risk of Dehydration
40,Male,98.49,3.52,Moderate,Hydrated
26,Male,91.89,1.64,High,At Risk of Dehydration
37,Female,67.41,2.19,High,At Risk of Dehydration
56,Female,73.95,2.16,Low,At Risk of Dehydration
35,Female,56.71,1.24,Low,At Risk of Dehydration
49,Female,96.17,3.33,High,Hydrated
37,Male,96.3,3.54,Moderate,At Risk of Dehydration
47,Male,54.17,3.39,High,At Risk of Dehydration
39,Male,89.76,1.62,Moderate,At Risk of Dehydration
50,Male,77.64,3.76,High,Hydrated
46,Female,79.24,1.85,Moderate,At Risk of Dehydration
32,Female,97.4,2.13,Moderate,At Risk of Dehydration
47,Male,88.92,2.82,Moderate,At Risk of Dehydration
27,Male,84.16,1.4,Moderate,At Risk of Dehydration
21,Male,54.53,1.1,High,At Risk of Dehydration
44,Female,64.55,3.38,Low,Hydrated
20,Female,99.93,2.96,High,At Risk of Dehydration
38,Female,80.51,1.9,High,At Risk of Dehydration
59,Male,81.38,3.59,High,At Risk of Dehydration
56,Female,75.39,2.77,Moderate,At Risk of Dehydration
20,Female,72.6,2.04,High,Hydrated
46,Male,58.47,3.18,Low,Hydrated
43,Male,99.16,2.09,High,At Risk of Dehydration
19,Female,51.55,3.22,High,Hydrated
27,Male,87.47,3.95,High,Hydrated
55,Female,91.1,3.76,High,Hydrated
39,Female,98.61,2.51,Moderate,At Risk of Dehydration
30,Female,80.09,1.53,High,At Risk of Dehydration
25,Female,90.79,2.23,Moderate,At Risk of Dehydration
33,Female,72.5,3.98,Low,Hydrated
22,Female,99.39,1.8,High,At Risk of Dehydration
34,Female,64.43,2.62,Moderate,At Risk of Dehydration
55,Female,97.43,1.09,Low,Hydrated
29,Female,71.51,3.91,Moderate,At Risk of Dehydration
33,Male,78.22,3.87,High,Hydrated
20,Female,59.17,3.39,Low,Hydrated
44,Male,63.47,3.04,Low,At Risk of Dehydration
40,Female,85.49,3.97,High,At Risk of Dehydration
26,Male,99.39,3.67,High,Hydrated
30,Male,89.12,1.47,High,At Risk of Dehydration
52,Male,45.23,2.53,High,Hydrated
48,Male,56.7,3.46,Low,Hydrated
35,Male,70.69,1.39,Moderate,At Risk of Dehydration
27,Male,60.13,3.03,High,Hydrated
24,Male,82.34,1.29,Low,At Risk of Dehydration
53,Male,96.41,2.38,High,Hydrated
44,Male,49.33,1.36,Low,At Risk of Dehydration
57,Female,52.06,1.96,Moderate,At Risk of Dehydration
59,Male,67.05,2.18,Moderate,At Risk of Dehydration
18,Female,70.35,3.87,Low,Hydrated
49,Male,62.25,1.44,High,At Risk of Dehydration
26,Female,58.96,3.99,Moderate,At Risk of Dehydration
23,Male,66.85,3.52,Low,At Risk of Dehydration
34,Male,70.27,1.48,High,At Risk of Dehydration
22,Female,82.32,2.95,Moderate,At Risk of Dehydration
37,Female,64.79,1.53,High,At Risk of Dehydration
30,Female,92.02,1.33,Low,At Risk of Dehydration
52,Female,52.55,2.26,Moderate,At Risk of Dehydration
37,Female,97.67,3.93,Moderate,Hydrated
41,Male,80.58,3.09,Moderate,At Risk of Dehydration
23,Female,47.03,2.54,Moderate,Hydrated
57,Male,80.66,1.64,Moderate,At Risk of Dehydration
49,Female,95.83,1.43,Moderate,At Risk of Dehydration
28,Female,69.67,2.25,Low,At Risk of Dehydration
36,Male,94.16,1.66,Moderate,At Risk of Dehydration
54,Male,74.91,1.46,Low,At Risk of Dehydration
34,Female,59.65,3.7,Moderate,Hydrated
37,Female,81.33,2.53,Moderate,At Risk of Dehydration
50,Male,72.11,2.0,Moderate,At Risk of Dehydration
36,Female,72.45,3.87,Low,Hydrated
33,Male,60.63,2.31,Low,At Risk of Dehydration
22,Male,89.15,1.57,Low,At Risk of Dehydration
33,Male,84.95,2.03,Moderate,Hydrated
26,Male,86.76,3.57,Moderate,At Risk of Dehydration
36,Male,49.92,1.6,Moderate,Hydrated
19,Female,94.04,1.37,High,At Risk of Dehydration
43,Male,76.05,1.0,Low,At Risk of Dehydration
44,Male,52.43,3.07,High,At Risk of Dehydration
20,Male,82.18,3.38,Moderate,Hydrated
48,Female,49.42,2.41,Moderate,Hydrated
37,Female,51.41,2.63,Low,At Risk of Dehydration
46,Male,59.96,3.81,Low,At Risk of Dehydration
46,Female,56.24,1.96,Moderate,At Risk of Dehydration
49,Female,68.93,3.24,High,At Risk of Dehydration
49,Male,79.23,2.61,Moderate,At Risk of Dehydration
36,Male,73.34,2.36,Moderate,At Risk of Dehydration
30,Male,59.77,2.96,Low,At Risk of Dehydration
38,Female,46.38,1.69,Moderate,At Risk of Dehydration
35,Male,50.6,1.63,High,At Risk of Dehydration
40,Female,94.98,1.95,Low,At Risk of Dehydration
38,Female,60.37,1.31,Low,At Risk of Dehydration
55,Female,80.57,1.4,High,At Risk of Dehydration
41,Female,78.0,3.1,Low,At Risk of Dehydration
35,Female,62.16,2.82,Moderate,Hydrated
27,Male,45.46,2.24,Low,At Risk of Dehydration
58,Female,82.41,1.81,Low,At Risk of Dehydration
40,Female,49.92,3.25,High,At Risk of Dehydration
45,Male,51.99,3.3,High,Hydrated
57,Male,75.42,3.95,High,At Risk of Dehydration
57,Male,80.73,2.82,Low,Hydrated
35,Male,84.28,2.45,Low,At Risk of Dehydration
20,Male,61.32,1.63,Moderate,At Risk of Dehydration
27,Female,93.24,2.1,Moderate,At Risk of Dehydration
49,Female,52.49,3.79,Moderate,At Risk of Dehydration
22,Female,62.74,1.85,Low,At Risk of Dehydration
18,Female,69.01,3.72,Low,At Risk of Dehydration
51,Female,67.89,3.57,Moderate,Hydrated
24,Male,63.93,1.28,High,At Risk of Dehydration
49,Male,46.75,1.4,Low,At Risk of Dehydration
54,Male,85.09,1.85,Moderate,At Risk of Dehydration
28,Male,91.25,3.86,High,Hydrated
59,Male,89.88,1.87,Low,At Risk of Dehydration
37,Male,58.18,1.59,High,At Risk of Dehydration
26,Male,87.26,2.92,High,Hydrated
36,Female,85.08,2.55,Low,Hydrated
21,Male,85.67,1.79,High,At Risk of Dehydration
43,Female,49.99,2.88,High,At Risk of Dehydration
58,Male,66.0,1.7,High,At Risk of Dehydration
36,Female,57.61,3.24,High,At Risk of Dehydration
39,Female,97.92,2.33,High,At Risk of Dehydration
57,Male,82.21,1.87,Low,At Risk of Dehydration
49,Male,69.87,1.99,Moderate,At Risk of Dehydration
57,Male,56.74,3.67,High,At Risk of Dehydration
55,Female,92.95,2.29,Moderate,At Risk of Dehydration
56,Female,45.25,3.52,High,At Risk of Dehydration
56,Female,66.41,1.34,Low,At Risk of Dehydration
20,Male,84.45,3.09,High,Hydrated
23,Male,78.56,3.01,High,At Risk of Dehydration
23,Male,75.19,3.88,High,Hydrated
48,Female,53.03,3.32,High,Hydrated
33,Male,65.53,3.9,High,Hydrated
27,Female,61.6,2.03,Moderate,At Risk of Dehydration
27,Male,51.56,1.86,Moderate,At Risk of Dehydration
42,Male,47.57,2.64,Moderate,Hydrated
24,Male,64.85,1.63,High,At Risk of Dehydration
24,Male,94.73,2.87,High,At Risk of Dehydration
32,Male,84.47,2.32,Low,At Risk of Dehydration
55,Female,65.52,2.1,Moderate,At Risk of Dehydration
57,Female,70.13,3.7,Low,Hydrated
42,Female,86.24,1.63,Low,At Risk of Dehydration
57,Female,46.98,1.09,Moderate,At Risk of Dehydration
33,Male,81.06,3.9,Low,Hydrated
38,Female,90.26,2.2,High,At Risk of Dehydration
47,Male,67.29,2.29,Low,At Risk of Dehydration
41,Female,63.17,1.1,High,At Risk of Dehydration
29,Male,64.28,3.64,Moderate,Hydrated
37,Female,73.69,2.52,Low,Hydrated
22,Male,85.91,3.93,High,Hydrated
36,Female,71.97,1.23,High,At Risk of Dehydration
21,Female,57.51,3.74,High,At Risk of Dehydration
47,Male,75.91,2.69,Moderate,Hydrated
51,Male,61.01,1.7,High,At Risk of Dehydration
54,Female,64.14,3.99,Low,Hydrated
37,Male,74.6,1.29,Moderate,At Risk of Dehydration
50,Male,91.96,3.35,Moderate,At Risk of Dehydration
53,Male,64.94,1.92,Low,At Risk of Dehydration
35,Female,87.05,3.71,High,Hydrated
48,Female,48.56,2.04,Low,At Risk of Dehydration
54,Male,64.64,2.17,Moderate,At Risk of Dehydration
43,Male,95.44,2.01,High,At Risk of Dehydration
20,Female,98.43,3.89,Low,Hydrated
24,Female,74.1,2.38,High,At Risk of Dehydration
42,Female,80.16,2.96,High,Hydrated
55,Male,75.02,1.67,Moderate,At Risk of Dehydration
30,Male,70.65,3.19,High,Hydrated
58,Female,55.16,1.02,Low,At Risk of Dehydration
29,Female,55.81,3.88,High,Hydrated
18,Male,59.05,1.72,Low,At Risk of Dehydration
59,Female,63.16,2.96,High,At Risk of Dehydration
38,Male,48.36,3.83,Low,Hydrated
31,Male,60.7,3.67,Moderate,Hydrated
45,Male,83.22,2.4,High,At Risk of Dehydration
21,Male,77.69,2.12,High,At Risk of Dehydration
37,Female,63.35,2.1,Low,At Risk of Dehydration
42,Male,69.35,3.3,Low,At Risk of Dehydration
56,Female,79.04,1.59,Moderate,At Risk of Dehydration
38,Female,58.84,2.24,Low,At Risk of Dehydration
18,Male,60.17,1.83,Low,At Risk of Dehydration
20,Male,98.48,2.72,Moderate,At Risk of Dehydration
23,Female,96.37,3.73,Low,Hydrated
38,Male,66.74,1.17,Low,At Risk of Dehydration
22,Female,79.68,2.73,Moderate,Hydrated
38,Male,65.72,1.89,Moderate,At Risk of Dehydration
36,Female,97.51,3.47,Low,Hydrated
20,Female,80.78,1.37,High,At Risk of Dehydration
55,Female,85.06,2.08,Low,At Risk of Dehydration
23,Female,80.54,3.3,Moderate,At Risk of Dehydration
39,Male,45.61,1.12,Low,At Risk of Dehydration
29,Male,47.78,1.19,Moderate,At Risk of Dehydration
58,Female,69.9,3.48,Moderate,At Risk of Dehydration
25,Female,90.63,1.51,Low,At Risk of Dehydration
18,Female,70.47,1.88,Moderate,At Risk of Dehydration
57,Female,46.71,1.53,Low,At Risk of Dehydration
55,Female,61.29,2.18,Moderate,At Risk of Dehydration
21,Female,67.28,1.94,High,At Risk of Dehydration
36,Male,97.05,2.7,Moderate,At Risk of Dehydration
49,Female,61.27,2.82,High,At Risk of Dehydration
21,Female,77.89,1.03,Moderate,At Risk of Dehydration
23,Female,69.32,3.49,Moderate,At Risk of Dehydration
49,Male,95.69,3.2,Low,At Risk of Dehydration
37,Female,62.08,1.2,Low,At Risk of Dehydration
19,Male,53.95,1.22,Moderate,At Risk of Dehydration
36,Female,99.23,1.46,High,At Risk of Dehydration
24,Male,86.3,1.14,Low,At Risk of Dehydration
57,Male,80.59,1.0,Moderate,At Risk of Dehydration
42,Male,97.11,1.74,High,At Risk of Dehydration
58,Male,58.09,1.01,Low,At Risk of Dehydration
38,Female,61.74,3.44,Moderate,At Risk of Dehydration
32,Female,72.89,2.95,High,At Risk of Dehydration
31,Male,89.97,3.13,Low,At Risk of Dehydration
59,Male,92.28,2.76,Moderate,At Risk of Dehydration
59,Male,51.9,2.69,Moderate,Hydrated
41,Male,85.55,3.9,High,Hydrated
58,Female,45.17,3.23,Moderate,Hydrated
54,Female,69.89,2.15,Low,At Risk of Dehydration
26,Male,59.52,2.42,Moderate,Hydrated
34,Female,58.37,3.93,Low,At Risk of Dehydration
33,Female,85.45,3.04,High,At Risk of Dehydration
34,Female,78.96,3.1,Low,Hydrated
53,Male,90.55,1.85,Moderate,At Risk of Dehydration
38,Male,90.7,3.49,Moderate,At Risk of Dehydration
34,Female,99.89,3.35,Moderate,Hydrated
24,Female,88.78,2.61,High,Hydrated
46,Male,72.93,2.28,Moderate,At Risk of Dehydration
57,Male,62.1,1.54,Low,At Risk of Dehydration
37,Male,84.96,2.98,High,Hydrated
59,Female,76.78,2.6,Low,Hydrated
35,Male,54.77,2.45,Low,Hydrated
54,Female,67.22,2.26,High,Hydrated
25,Female,71.63,3.38,High,Hydrated
55,Female,90.43,2.99,Moderate,At Risk of Dehydration
57,Male,48.5,2.72,Moderate,At Risk of Dehydration
52,Male,77.27,3.71,Low,Hydrated
57,Female,98.54,3.07,Moderate,Hydrated
31,Male,70.3,3.72,Moderate,Hydrated
49,Male,79.2,3.67,High,Hydrated
59,Female,71.26,3.51,Moderate,At Risk of Dehydration
27,Female,94.2,2.96,High,Hydrated
53,Female,99.98,3.75,Moderate,Hydrated
36,Male,82.86,2.8,Low,At Risk of Dehydration
42,Female,58.82,3.65,Low,Hydrated
20,Female,49.08,2.56,High,At Risk of Dehydration
47,Female,94.06,2.16,High,At Risk of Dehydration
29,Female,49.12,3.41,Low,At Risk of Dehydration
38,Female,46.48,1.5,High,At Risk of Dehydration
49,Male,55.2,3.03,Moderate,At Risk of Dehydration
55,Male,52.82,3.36,Low,Hydrated
27,Male,48.0,1.06,High,At Risk of Dehydration
31,Female,86.41,3.1,Low,Hydrated
30,Male,69.21,2.06,Low,Hydrated
26,Female,78.22,1.05,High,At Risk of Dehydration
53,Female,59.51,2.23,Low,Hydrated
54,Male,74.93,2.45,High,At Risk of Dehydration
19,Female,63.45,2.15,High,At Risk of Dehydration
19,Female,48.25,1.06,Low,At Risk of Dehydration
57,Male,90.63,2.03,High,At Risk of Dehydration
52,Male,59.9,3.9,High,Hydrated
40,Female,63.2,3.57,Low,Hydrated
49,Male,93.34,2.83,High,At Risk of Dehydration
31,Male,46.89,2.67,Moderate,At Risk of Dehydration
55,Male,70.26,2.97,Low,At Risk of Dehydration
59,Female,79.42,2.56,Moderate,At Risk of Dehydration
49,Female,98.61,3.29,Moderate,Hydrated
59,Female,89.57,2.37,Moderate,At Risk of Dehydration
47,Male,53.69,1.84,Low,At Risk of Dehydration
32,Male,82.13,3.09,High,Hydrated
38,Male,84.72,2.27,Moderate,At Risk of Dehydration
38,Male,85.82,1.32,Moderate,At Risk of Dehydration
36,Male,89.08,3.34,High,At Risk of Dehydration
41,Female,67.27,2.74,High,At Risk of Dehydration
23,Female,89.55,3.46,High,At Risk of Dehydration
30,Male,91.98,2.67,Low,At Risk of Dehydration
46,Female,54.45,1.91,High,At Risk of Dehydration
20,Female,75.01,1.89,High,At Risk of Dehydration
56,Male,80.05,1.65,Low,Hydrated
43,Male,76.65,1.87,High,At Risk of Dehydration
54,Female,97.05,2.58,High,At Risk of Dehydration
33,Male,98.15,2.49,Moderate,At Risk of Dehydration
34,Female,73.41,2.95,High,Hydrated
54,Male,69.33,2.15,Moderate,At Risk of Dehydration
46,Male,59.06,1.89,Moderate,At Risk of Dehydration
46,Male,57.24,1.34,High,At Risk of Dehydration
38,Male,81.66,1.48,Low,At Risk of Dehydration
22,Female,60.01,1.15,High,At Risk of Dehydration
56,Female,95.93,2.73,Low,Hydrated
43,Male,67.25,1.63,Low,At Risk of Dehydration
47,Male,77.64,1.65,Moderate,At Risk of Dehydration
38,Female,53.18,1.3,Low,At Risk of Dehydration
36,Female,84.88,3.8,High,Hydrated
32,Male,63.23,3.67,Moderate,At Risk of Dehydration
32,Male,96.76,3.46,Low,Hydrated
51,Female,61.81,1.31,High,At Risk of Dehydration
35,Female,51.84,2.35,High,At Risk of Dehydration
46,Female,68.61,1.92,High,At Risk of Dehydration
53,Male,72.5,3.98,Low,Hydrated
30,Male,68.62,2.08,Low,At Risk of Dehydration
48,Male,87.59,1.16,Moderate,At Risk of Dehydration
54,Male,98.2,3.17,Low,At Risk of Dehydration
59,Male,61.78,3.09,Moderate,Hydrated
49,Male,63.61,2.17,Moderate,At Risk of Dehydration
33,Male,99.74,2.17,Moderate,At Risk of Dehydration
34,Female,78.0,1.56,Moderate,At Risk of Dehydration
41,Female,90.26,2.31,High,At Risk of Dehydration
28,Male,72.11,3.61,Moderate,Hydrated
53,Female,79.6,3.94,Low,Hydrated
56,Female,50.25,1.24,Low,At Risk of Dehydration
36,Female,77.7,2.13,Moderate,At Risk of Dehydration
51,Female,69.19,3.96,High,At Risk of Dehydration
44,Female,97.21,1.81,High,At Risk of Dehydration
45,Male,77.36,2.5,Moderate,Hydrated
26,Male,82.72,3.06,Low,Hydrated
34,Male,97.55,2.2,Moderate,At Risk of Dehydration
21,Male,82.53,1.77,Low,At Risk of Dehydration
29,Male,95.67,1.73,High,At Risk of Dehydration
36,Male,56.8,1.48,Moderate,At Risk of Dehydration
51,Male,75.73,3.91,Low,Hydrated
51,Male,51.81,1.44,High,At Risk of Dehydration
54,Male,71.53,2.06,High,At Risk of Dehydration
49,Male,52.63,1.3,High,At Risk of Dehydration
32,Male,84.42,3.47,Low,Hydrated
45,Female,81.38,3.34,Low,At Risk of Dehydration
31,Female,53.63,1.83,Low,At Risk of Dehydration
18,Male,98.73,2.93,Moderate,Hydrated
56,Male,74.35,3.36,Moderate,At Risk of Dehydration
57,Male,68.6,1.12,Moderate,At Risk of Dehydration
38,Male,56.94,3.26,Moderate,Hydrated
54,Female,91.28,1.99,High,At Risk of Dehydration
38,Male,49.22,1.29,Low,At Risk of Dehydration
27,Male,66.41,1.94,High,At Risk of Dehydration
43,Male,65.92,2.51,Low,At Risk of Dehydration
35,Male,59.96,2.33,Low,At Risk of Dehydration
40,Female,94.41,3.76,Low,Hydrated
47,Male,91.65,1.86,Low,At Risk of Dehydration
44,Male,56.58,3.57,Moderate,At Risk of Dehydration
31,Female,79.86,2.0,Moderate,At Risk of Dehydration
55,Female,46.18,1.81,Low,At Risk of Dehydration
35,Male,50.86,1.71,High,At Risk of Dehydration
59,Male,52.66,1.99,High,At Risk of Dehydration
59,Male,95.83,1.25,Low,At Risk of Dehydration
21,Female,85.78,1.13,Moderate,At Risk of Dehydration
35,Male,88.99,3.39,High,Hydrated
18,Female,91.96,1.56,Moderate,At Risk of Dehydration
33,Female,53.41,2.88,Moderate,At Risk of Dehydration
43,Female,58.94,3.32,High,At Risk of Dehydration
46,Male,94.82,2.44,High,At Risk of Dehydration
35,Male,81.42,3.69,High,Hydrated
45,Female,61.24,1.55,Low,At Risk of Dehydration
47,Male,46.51,2.25,High,Hydrated
47,Female,71.97,2.7,Low,Hydrated
35,Male,66.45,3.6,Moderate,At Risk of Dehydration
46,Male,97.42,2.03,High,At Risk of Dehydration
33,Female,72.65,3.85,High,Hydrated
57,Female,49.17,3.37,Low,Hydrated
46,Female,45.1,3.51,Low,Hydrated
40,Male,79.04,2.8,Low,At Risk of Dehydration
18,Male,95.75,2.06,Low,At Risk of Dehydration
24,Female,53.48,2.1,Moderate,Hydrated
32,Male,93.29,1.7,Moderate,At Risk of Dehydration
29,Male,88.02,2.73,Moderate,At Risk of Dehydration
56,Male,73.79,1.49,High,At Risk of Dehydration
33,Male,56.86,3.37,Low,Hydrated
49,Female,63.1,3.83,High,At Risk of Dehydration
57,Male,72.31,1.84,High,At Risk of Dehydration
41,Female,52.9,3.91,High,Hydrated
41,Male,49.96,1.23,Moderate,At Risk of Dehydration
36,Male,91.66,3.2,Moderate,At Risk of Dehydration
42,Male,57.27,3.03,Low,Hydrated
21,Female,75.13,3.64,Low,At Risk of Dehydration
48,Female,82.34,1.79,Low,At Risk of Dehydration
53,Male,95.15,2.67,Moderate,At Risk of Dehydration
27,Female,75.88,2.66,Low,At Risk of Dehydration
36,Male,87.95,1.66,Low,At Risk of Dehydration
39,Female,73.74,1.02,High,At Risk of Dehydration
22,Male,51.47,3.48,Moderate,At Risk of Dehydration
31,Male,90.14,2.0,High,At Risk of Dehydration
37,Male,53.31,1.25,Moderate,At Risk of Dehydration
41,Female,69.51,2.72,Low,At Risk of Dehydration
47,Female,50.87,2.85,Moderate,At Risk of Dehydration
28,Male,67.01,3.15,High,Hydrated
25,Male,54.18,3.37,Moderate,Hydrated
31,Male,73.16,1.88,Moderate,At Risk of Dehydration
57,Male,67.95,2.14,High,At Risk of Dehydration
31,Female,79.6,2.54,Moderate,Hydrated
55,Male,82.43,2.3,Low,At Risk of Dehydration
21,Female,55.33,1.07,High,At Risk of Dehydration
46,Female,62.67,1.9,Low,Hydrated
38,Male,59.49,3.45,Moderate,Hydrated
40,Female,60.67,1.43,Moderate,At Risk of Dehydration
52,Male,56.59,1.46,High,At Risk of Dehydration
55,Male,71.13,2.83,Low,Hydrated
56,Male,76.48,3.39,Moderate,Hydrated
40,Female,57.11,1.46,Low,At Risk of Dehydration
21,Male,72.78,2.89,Moderate,Hydrated
34,Male,79.91,1.17,High,At Risk of Dehydration
42,Male,68.42,3.57,Moderate,Hydrated
48,Female,76.64,1.41,High,At Risk of Dehydration
57,Female,77.39,2.61,High,At Risk of Dehydration
43,Male,63.67,3.9,Moderate,Hydrated
44,Male,87.97,2.66,Moderate,At Risk of Dehydration
38,Female,67.81,1.17,Moderate,At Risk of Dehydration
25,Male,83.54,2.79,Moderate,At Risk of Dehydration
46,Male,97.41,2.51,Moderate,At Risk of Dehydration
19,Female,51.36,2.27,High,At Risk of Dehydration
44,Male,65.44,1.37,High,At Risk of Dehydration
59,Female,47.17,2.33,High,At Risk of Dehydration
35,Female,50.36,3.82,Moderate,Hydrated
51,Male,82.61,2.76,Low,Hydrated
38,Female,93.18,3.48,Moderate,Hydrated
40,Female,76.64,1.36,High,At Risk of Dehydration
19,Male,88.06,3.63,Low,At Risk of Dehydration
40,Female,89.15,3.3,Low,At Risk of Dehydration
22,Male,79.16,1.32,Low,At Risk of Dehydration
48,Female,88.07,2.12,High,At Risk of Dehydration
38,Female,99.25,1.18,Moderate,At Risk of Dehydration
40,Female,65.83,2.9,High,At Risk of Dehydration
21,Female,52.23,2.22,High,At Risk of Dehydration
23,Male,84.78,2.14,Moderate,At Risk of Dehydration
25,Female,65.82,2.08,Moderate,At Risk of Dehydration
54,Male,65.54,3.33,Moderate,Hydrated
57,Female,72.33,1.91,Moderate,At Risk of Dehydration
52,Female,53.97,2.26,Low,Hydrated
46,Male,96.38,3.33,High,Hydrated
30,Female,96.46,1.72,Low,At Risk of Dehydration
55,Male,53.18,3.34,High,At Risk of Dehydration
34,Male,71.6,1.12,High,At Risk of Dehydration
21,Female,63.19,2.06,High,At Risk of Dehydration
26,Female,92.48,2.91,Low,Hydrated
20,Female,54.84,3.0,High,Hydrated
50,Female,94.31,2.55,Low,At Risk of Dehydration
47,Male,71.84,3.94,High,Hydrated
21,Male,96.18,3.5,Low,At Risk of Dehydration
19,Female,58.46,1.31,Low,At Risk of Dehydration
53,Male,55.11,3.83,High,At Risk of Dehydration
21,Male,51.14,3.49,Low,At Risk of Dehydration
33,Female,52.65,1.45,Moderate,At Risk of Dehydration
18,Female,95.31,1.7,Low,At Risk of Dehydration
18,Male,71.01,2.14,High,At Risk of Dehydration
59,Female,61.59,2.77,Low,Hydrated
38,Male,54.67,2.8,Moderate,At Risk of Dehydration
40,Male,96.34,3.6,Low,Hydrated
28,Female,54.61,1.41,Low,At Risk of Dehydration
44,Male,76.42,2.6,High,At Risk of Dehydration
34,Female,78.77,3.41,Low,Hydrated
45,Male,94.75,1.27,Moderate,At Risk of Dehydration
54,Male,73.67,3.23,Low,Hydrated
50,Female,80.54,1.51,Moderate,At Risk of Dehydration
23,Female,68.69,3.65,High,Hydrated
44,Female,77.07,3.91,Low,Hydrated
29,Female,61.02,2.87,High,At Risk of Dehydration
48,Female,46.47,3.15,High,Hydrated
47,Female,54.83,1.21,High,At Risk of Dehydration
48,Male,51.12,3.67,High,Hydrated
38,Male,80.66,2.08,Moderate,Hydrated
32,Female,99.5,3.3,Low,At Risk of Dehydration
52,Female,94.94,1.72,High,At Risk of Dehydration
33,Male,81.2,2.13,Moderate,At Risk of Dehydration
18,Female,87.58,1.06,High,At Risk of Dehydration
41,Male,47.6,3.01,High,At Risk of Dehydration
26,Female,78.21,3.77,High,At Risk of Dehydration
44,Female,62.86,1.64,Low,At Risk of Dehydration
35,Female,97.21,2.44,Moderate,At Risk of Dehydration
26,Female,48.61,3.43,Low,Hydrated
25,Female,97.96,2.4,Moderate,At Risk of Dehydration
23,Female,76.08,2.99,Moderate,At Risk of Dehydration
41,Male,77.45,2.62,Moderate,At Risk of Dehydration
43,Female,69.86,3.86,Moderate,Hydrated
53,Female,46.1,2.62,Moderate,At Risk of Dehydration
32,Female,59.79,1.45,High,At Risk of Dehydration
33,Male,91.75,2.21,High,At Risk of Dehydration
43,Male,74.78,3.22,Low,Hydrated
51,Female,98.1,2.37,High,At Risk of Dehydration
18,Female,78.75,2.44,Low,Hydrated
27,Female,53.72,3.74,Low,Hydrated
23,Female,94.7,1.98,High,At Risk of Dehydration
47,Female,63.19,2.65,High,Hydrated
22,Female,63.74,3.86,Low,Hydrated
42,Female,69.59,3.27,Low,At Risk of Dehydration
53,Female,78.34,3.04,Moderate,Hydrated
34,Male,57.42,1.53,Low,At Risk of Dehydration
35,Male,55.94,1.78,Moderate,At Risk of Dehydration
26,Female,72.52,1.49,Low,At Risk of Dehydration
27,Female,71.83,2.57,Low,Hydrated
43,Female,94.76,1.16,Moderate,At Risk of Dehydration
37,Female,90.27,3.45,Moderate,At Risk of Dehydration
23,Male,58.4,2.81,Low,At Risk of Dehydration
46,Male,48.6,3.65,Low,Hydrated
21,Male,87.85,1.76,Moderate,At Risk of Dehydration
31,Male,95.63,3.77,Moderate,At Risk of Dehydration
43,Female,91.16,3.71,Moderate,At Risk of Dehydration
33,Female,72.43,1.51,Moderate,Hydrated
55,Female,49.42,1.76,Low,At Risk of Dehydration
53,Male,95.44,2.3,Low,At Risk of Dehydration
33,Male,58.19,2.66,High,At Risk of Dehydration
23,Male,56.82,3.16,Moderate,At Risk of Dehydration
36,Female,75.74,3.89,High,Hydrated
35,Female,88.54,2.79,High,At Risk of Dehydration
29,Female,63.01,1.16,Moderate,At Risk of Dehydration
37,Female,71.07,2.03,High,At Risk of Dehydration
33,Male,54.55,1.89,Low,At Risk of Dehydration
43,Male,57.62,2.43,High,At Risk of Dehydration
54,Female,61.74,1.75,High,Hydrated
54,Female,84.74,2.59,Low,At Risk of Dehydration
51,Male,69.11,2.56,Low,At Risk of Dehydration
49,Female,96.63,2.25,Moderate,At Risk of Dehydration
32,Male,65.12,2.33,Moderate,At Risk of Dehydration
47,Female,72.29,3.81,Moderate,Hydrated
49,Male,56.21,3.86,High,Hydrated
29,Female,89.15,1.36,Moderate,At Risk of Dehydration
55,Female,85.32,3.45,Low,At Risk of Dehydration
52,Female,48.27,2.93,Moderate,Hydrated
20,Male,98.69,3.23,Low,Hydrated
19,Female,57.32,2.4,Moderate,At Risk of Dehydration
56,Male,78.92,1.66,High,At Risk of Dehydration
57,Male,67.45,3.92,Low,Hydrated
45,Female,80.77,1.48,Moderate,At Risk of Dehydration
34,Male,54.38,2.95,High,At Risk of Dehydration
20,Female,84.95,3.45,High,Hydrated
34,Male,45.81,1.89,Moderate,At Risk of Dehydration
52,Male,67.33,2.94,Moderate,Hydrated
50,Female,83.0,1.38,Moderate,At Risk of Dehydration
51,Male,71.65,1.24,Moderate,At Risk of Dehydration
36,Female,99.24,2.97,High,Hydrated
42,Female,85.55,1.37,Moderate,At Risk of Dehydration
44,Female,98.04,1.9,High,At Risk of Dehydration
36,Male,96.46,3.04,Moderate,At Risk of Dehydration
25,Male,76.33,1.75,Low,At Risk of Dehydration
48,Female,61.06,1.98,Low,At Risk of Dehydration
30,Male,91.69,2.61,Moderate,At Risk of Dehydration
41,Male,82.29,1.73,High,At Risk of Dehydration
25,Female,61.31,1.28,High,At Risk of Dehydration
43,Female,63.8,3.14,Low,At Risk of Dehydration
56,Female,76.59,3.79,High,Hydrated
30,Male,79.29,1.45,Moderate,At Risk of Dehydration
54,Male,85.53,3.49,Moderate,At Risk of Dehydration
42,Male,53.62,2.5,High,At Risk of Dehydration
53,Male,73.93,1.68,Low,At Risk of Dehydration
20,Male,99.64,1.26,Low,At Risk of Dehydration
50,Male,50.55,1.7,High,At Risk of Dehydration
27,Male,72.98,2.19,Low,At Risk of Dehydration
58,Female,46.02,2.6,Low,At Risk of Dehydration
24,Female,56.67,2.78,Low,Hydrated
51,Female,50.01,2.18,Low,At Risk of Dehydration
39,Female,61.01,3.34,Moderate,At Risk of Dehydration
52,Male,62.51,3.96,Moderate,Hydrated
46,Female,97.6,3.39,Low,At Risk of Dehydration
40,Male,78.4,2.48,High,Hydrated
40,Female,93.45,1.65,Moderate,At Risk of Dehydration
55,Male,48.86,1.23,High,At Risk of Dehydration
24,Female,78.28,3.57,Low,At Risk of Dehydration
43,Male,57.19,1.35,Low,At Risk of Dehydration
36,Male,66.71,3.47,High,At Risk of Dehydration
51,Female,58.48,1.35,Moderate,At Risk of Dehydration
42,Male,48.39,1.86,Moderate,Hydrated
55,Female,96.94,1.09,Low,At Risk of Dehydration
56,Female,50.87,3.38,Moderate,At Risk of Dehydration
43,Male,78.69,3.78,High,At Risk of Dehydration
34,Female,76.72,3.17,Moderate,At Risk of Dehydration
30,Female,85.06,3.43,Low,Hydrated
22,Male,82.98,2.96,Moderate,Hydrated
56,Female,65.24,3.24,High,Hydrated
41,Female,58.77,3.87,High,Hydrated
47,Female,87.53,1.79,Moderate,At Risk of Dehydration
35,Male,80.97,1.25,High,At Risk of Dehydration
42,Female,57.63,1.87,Moderate,At Risk of Dehydration
48,Male,97.79,3.81,Moderate,At Risk of Dehydration
46,Male,96.15,3.42,Low,At Risk of Dehydration
53,Female,72.08,2.44,Low,At Risk of Dehydration
19,Female,63.5,2.66,Low,At Risk of Dehydration
55,Female,91.51,1.83,Moderate,Hydrated
18,Male,78.67,2.69,Moderate,At Risk of Dehydration
29,Female,56.43,2.51,High,At Risk of Dehydration
46,Male,74.02,2.58,High,At Risk of Dehydration
34,Male,90.09,2.77,Moderate,Hydrated
58,Female,65.24,2.64,High,At Risk of Dehydration
23,Female,84.56,2.94,Low,At Risk of Dehydration
52,Male,87.36,2.43,Moderate,At Risk of Dehydration
44,Male,49.47,2.89,Low,At Risk of Dehydration
47,Female,82.03,2.37,High,At Risk of Dehydration
47,Female,62.92,1.86,High,At Risk of Dehydration
37,Female,93.28,3.63,High,At Risk of Dehydration
41,Female,75.27,1.58,Low,At Risk of Dehydration
49,Male,94.54,3.0,High,Hydrated
25,Male,98.84,1.45,High,At Risk of Dehydration
18,Male,46.51,2.14,Low,At Risk of Dehydration
36,Male,51.59,1.05,Low,At Risk of Dehydration
37,Male,59.68,3.01,High,At Risk of Dehydration
19,Male,71.45,3.31,High,At Risk of Dehydration
23,Male,74.7,1.06,Low,At Risk of Dehydration
24,Male,90.97,3.29,Moderate,Hydrated
54,Male,93.43,2.43,High,At Risk of Dehydration
58,Male,50.31,3.05,Low,Hydrated
59,Male,70.28,3.51,High,At Risk of Dehydration
35,Male,89.34,1.17,Moderate,At Risk of Dehydration
41,Male,45.01,1.2,Moderate,At Risk of Dehydration
56,Female,53.89,1.02,High,At Risk of Dehydration
22,Male,67.75,3.43,Low,At Risk of Dehydration
30,Female,88.86,2.54,Moderate,At Risk of Dehydration
34,Female,46.33,2.8,High,At Risk of Dehydration
19,Male,87.83,2.85,High,Hydrated
32,Female,84.9,2.34,High,At Risk of Dehydration
34,Female,48.12,3.7,Moderate,Hydrated
39,Male,63.03,2.14,High,At Risk of Dehydration
42,Male,93.92,2.87,Low,At Risk of Dehydration
51,Male,52.58,3.46,Low,Hydrated
24,Female,90.03,2.49,Moderate,At Risk of Dehydration
44,Female,70.26,3.84,Low,Hydrated
43,Male,65.16,1.03,Low,At Risk of Dehydration
58,Male,58.8,1.64,High,At Risk of Dehydration
21,Female,51.55,3.02,Low,Hydrated
30,Male,52.93,3.73,Low,Hydrated
51,Male,95.5,3.07,High,At Risk of Dehydration
41,Male,87.07,2.85,Low,Hydrated
46,Female,79.9,2.58,Moderate,At Risk of Dehydration
47,Male,87.4,2.8,High,Hydrated
41,Female,58.31,1.97,Moderate,At Risk of Dehydration
47,Female,55.62,1.38,High,At Risk of Dehydration
41,Male,83.41,3.13,Low,Hydrated
25,Female,68.25,2.49,High,At Risk of Dehydration
59,Male,45.29,1.95,High,At Risk of Dehydration
39,Male,52.26,2.43,Low,At Risk of Dehydration
21,Female,97.24,1.97,Moderate,At Risk of Dehydration
34,Male,91.33,1.03,High,At Risk of Dehydration
30,Male,86.77,3.08,High,Hydrated
29,Female,76.52,1.16,High,At Risk of Dehydration
19,Female,54.53,2.24,Moderate,At Risk of Dehydration
30,Male,56.67,3.0,High,At Risk of Dehydration
20,Female,69.94,2.51,Moderate,At Risk of Dehydration
34,Male,49.05,1.76,Low,At Risk of Dehydration
42,Female,53.22,1.89,Moderate,At Risk of Dehydration
25,Male,51.43,1.59,Moderate,At Risk of Dehydration
32,Male,58.48,2.17,Low,Hydrated
22,Female,83.42,3.3,Low,Hydrated
24,Male,58.53,3.01,High,Hydrated
34,Male,72.63,1.73,Low,At Risk of Dehydration
57,Female,95.64,3.94,Moderate,Hydrated
29,Female,98.71,2.86,High,Hydrated
34,Female,88.88,1.23,Low,At Risk of Dehydration
32,Male,86.62,2.48,Moderate,Hydrated
57,Male,78.64,1.27,Low,At Risk of Dehydration
59,Male,66.71,3.74,Moderate,Hydrated
49,Female,69.42,3.64,High,At Risk of Dehydration
51,Male,58.33,1.3,Moderate,Hydrated
52,Male,50.7,1.27,High,At Risk of Dehydration
25,Male,76.65,3.35,Moderate,Hydrated
57,Female,46.14,2.78,Low,At Risk of Dehydration
35,Male,72.57,3.01,Moderate,Hydrated
26,Male,99.36,3.93,High,Hydrated
18,Female,97.38,3.98,High,Hydrated
18,Male,57.88,2.66,High,Hydrated
20,Female,99.21,2.9,Low,Hydrated
43,Male,51.62,1.11,Moderate,At Risk of Dehydration
48,Female,90.52,3.04,Low,Hydrated
29,Female,67.4,1.9,Moderate,Hydrated
31,Male,56.02,2.14,Low,At Risk of Dehydration
45,Female,98.46,2.66,Low,Hydrated
48,Female,54.82,3.34,Low,Hydrated
20,Male,50.05,2.22,Moderate,At Risk of Dehydration
31,Male,62.86,1.9,Moderate,At Risk of Dehydration
58,Female,55.23,1.79,High,At Risk of Dehydration
25,Female,69.7,2.78,Low,Hydrated
18,Female,85.42,1.68,Moderate,At Risk of Dehydration
46,Male,83.18,2.61,Moderate,At Risk of Dehydration
46,Male,51.69,2.16,Moderate,At Risk of Dehydration
39,Female,54.41,1.68,High,At Risk of Dehydration
29,Female,50.17,3.44,High,Hydrated
54,Female,92.3,3.21,Low,Hydrated
38,Male,50.87,2.17,High,At Risk of Dehydration
20,Male,48.49,1.51,High,At Risk of Dehydration
31,Male,47.07,3.02,Low,At Risk of Dehydration
46,Female,75.56,2.36,Low,At Risk of Dehydration
47,Male,88.89,1.23,High,At Risk of Dehydration
22,Male,65.95,3.64,High,Hydrated
45,Male,59.07,3.8,Moderate,Hydrated
49,Female,67.77,3.0,Low,Hydrated
19,Female,90.09,3.21,Low,Hydrated
19,Female,68.29,1.21,High,At Risk of Dehydration
41,Female,87.55,1.9,High,At Risk of Dehydration
37,Female,51.68,2.82,Low,At Risk of Dehydration
39,Female,84.74,3.8,High,At Risk of Dehydration
20,Male,85.35,2.48,Low,Hydrated
27,Male,93.43,1.02,High,At Risk of Dehydration
59,Female,48.17,2.1,Low,At Risk of Dehydration
43,Male,50.11,1.48,Low,At Risk of Dehydration
29,Male,94.93,2.35,Moderate,Hydrated
54,Female,78.76,2.89,Moderate,Hydrated
58,Female,68.28,2.85,Low,Hydrated
28,Male,49.09,1.25,High,At Risk of Dehydration
19,Male,85.43,3.03,Moderate,At Risk of Dehydration
32,Male,65.61,3.75,Low,Hydrated
28,Male,45.26,3.81,Moderate,Hydrated
45,Male,53.01,2.7,Moderate,At Risk of Dehydration
55,Female,75.29,3.92,High,At Risk of Dehydration
34,Female,96.9,3.56,High,At Risk of Dehydration
46,Female,60.81,2.4,Low,At Risk of Dehydration
48,Male,65.14,1.84,High,At Risk of Dehydration
57,Female,53.7,3.94,High,At Risk of Dehydration
21,Female,98.58,1.21,Moderate,At Risk of Dehydration
29,Male,88.08,3.74,Moderate,At Risk of Dehydration
43,Male,89.02,2.07,High,At Risk of Dehydration
42,Male,54.44,2.55,High,At Risk of Dehydration
48,Male,83.88,3.75,High,At Risk of Dehydration
28,Female,78.97,1.18,High,At Risk of Dehydration
37,Male,90.64,1.52,Low,At Risk of Dehydration
24,Female,47.51,3.37,High,Hydrated
59,Male,77.73,3.39,High,Hydrated
45,Male,94.98,1.53,Low,At Risk of Dehydration
39,Male,52.73,2.89,Low,Hydrated
56,Male,71.56,3.53,Moderate,Hydrated
40,Male,70.5,3.95,High,Hydrated
36,Female,92.81,3.21,Low,Hydrated
36,Male,45.12,3.62,Low,Hydrated
19,Female,55.67,1.24,High,At Risk of Dehydration
42,Male,76.98,2.66,Moderate,At Risk of Dehydration
52,Female,45.01,1.94,High,Hydrated
38,Female,60.77,2.53,Moderate,At Risk of Dehydration
35,Female,72.55,3.35,High,Hydrated
40,Male,88.34,2.38,Low,At Risk of Dehydration
43,Female,78.81,2.43,Low,At Risk of Dehydration
42,Male,57.45,3.7,Low,Hydrated
31,Female,68.11,2.74,Moderate,At Risk of Dehydration
42,Female,92.39,1.05,Moderate,At Risk of Dehydration
49,Male,54.2,2.31,High,At Risk of Dehydration
27,Female,85.62,1.42,High,At Risk of Dehydration
18,Male,58.92,3.05,High,At Risk of Dehydration
50,Female,50.07,1.53,High,At Risk of Dehydration
35,Female,99.68,3.84,Moderate,At Risk of Dehydration
29,Male,66.43,1.82,Moderate,At Risk of Dehydration
48,Male,90.43,2.58,Low,At Risk of Dehydration
59,Male,84.23,3.42,High,At Risk of Dehydration
55,Female,91.78,3.69,Low,Hydrated
23,Female,57.99,1.9,Low,At Risk of Dehydration
41,Female,66.25,1.33,High,Hydrated
24,Female,57.2,1.88,Low,At Risk of Dehydration
22,Female,89.12,2.23,High,At Risk of Dehydration
38,Male,48.69,2.48,High,At Risk of Dehydration
40,Female,74.74,3.61,Moderate,Hydrated
35,Female,53.39,1.29,High,At Risk of Dehydration
37,Male,92.25,2.61,Moderate,Hydrated
49,Male,86.0,1.05,Moderate,At Risk of Dehydration
46,Female,92.35,3.92,High,Hydrated
49,Male,95.84,1.78,Low,At Risk of Dehydration
48,Male,72.15,2.94,Low,Hydrated
30,Female,46.98,2.33,High,At Risk of Dehydration
24,Male,45.07,1.86,Low,Hydrated
54,Female,94.71,1.1,High,At Risk of Dehydration
18,Male,54.54,1.86,High,At Risk of Dehydration
34,Female,54.51,3.62,High,Hydrated
34,Male,66.15,2.42,Low,At Risk of Dehydration
40,Male,78.82,2.1,Moderate,At Risk of Dehydration
42,Male,50.71,2.51,Low,At Risk of Dehydration
39,Female,48.15,2.08,Low,At Risk of Dehydration
51,Female,72.09,2.44,Moderate,Hydrated
56,Female,80.7,1.78,High,At Risk of Dehydration
35,Male,60.2,1.4,High,At Risk of Dehydration
51,Female,68.04,2.05,Moderate,At Risk of Dehydration
50,Female,85.44,1.83,Low,At Risk of Dehydration
20,Male,67.31,3.67,High,At Risk of Dehydration
30,Male,96.41,1.28,Moderate,At Risk of Dehydration
54,Female,83.37,3.74,Low,Hydrated
29,Male,55.12,3.8,High,Hydrated
49,Female,85.48,3.02,Moderate,At Risk of Dehydration
29,Male,82.31,3.45,High,At Risk of Dehydration
32,Male,88.55,1.61,High,At Risk of Dehydration
46,Female,87.97,1.29,High,At Risk of Dehydration
54,Female,93.01,2.28,Moderate,At Risk of Dehydration
43,Female,48.73,1.79,Moderate,At Risk of Dehydration
36,Male,64.03,3.52,Moderate,At Risk of Dehydration
32,Female,71.91,2.76,Moderate,At Risk of Dehydration
43,Male,80.94,2.91,Moderate,At Risk of Dehydration
34,Male,62.07,2.22,Low,At Risk of Dehydration
35,Male,45.46,1.35,Moderate,At Risk of Dehydration
43,Female,80.89,3.45,Moderate,Hydrated
27,Male,66.63,1.2,Moderate,At Risk of Dehydration
48,Male,88.26,1.1,High,At Risk of Dehydration
59,Male,73.46,1.67,Moderate,At Risk of Dehydration
23,Male,47.27,2.98,Low,Hydrated
24,Female,89.95,1.93,High,At Risk of Dehydration
28,Male,80.69,2.04,High,At Risk of Dehydration
21,Male,49.35,1.03,High,At Risk of Dehydration
54,Male,86.37,3.18,High,At Risk of Dehydration
32,Male,87.54,2.37,Moderate,Hydrated
24,Female,69.08,1.12,High,At Risk of Dehydration
39,Female,46.25,1.07,Low,At Risk of Dehydration
46,Female,56.3,1.52,Low,At Risk of Dehydration
58,Female,82.97,2.7,Low,Hydrated
57,Female,62.87,2.86,Moderate,At Risk of Dehydration
19,Female,65.2,2.62,High,At Risk of Dehydration
59,Female,59.87,3.37,Low,At Risk of Dehydration
40,Male,46.97,3.02,Low,At Risk of Dehydration
36,Male,95.38,1.62,Low,At Risk of Dehydration
43,Female,76.83,2.76,Moderate,At Risk of Dehydration
40,Female,61.95,3.4,Low,Hydrated
31,Male,89.24,2.68,Moderate,At Risk of Dehydration
23,Male,69.84,2.85,High,Hydrated
28,Male,96.63,3.4,Moderate,Hydrated
34,Male,95.52,2.18,Moderate,At Risk of Dehydration
30,Female,49.0,2.45,Low,Hydrated
38,Female,98.62,2.73,Moderate,At Risk of Dehydration
20,Female,86.4,3.26,Low,Hydrated
37,Female,87.4,1.67,Moderate,At Risk of Dehydration
53,Female,82.23,1.73,Low,At Risk of Dehydration
40,Female,91.7,2.89,Moderate,At Risk of Dehydration
33,Male,79.9,2.16,Moderate,At Risk of Dehydration
40,Male,75.04,1.89,High,At Risk of Dehydration
58,Male,67.71,1.9,Moderate,Hydrated
48,Male,86.87,1.11,Moderate,At Risk of Dehydration
59,Female,77.85,2.95,Low,At Risk of Dehydration
55,Female,99.56,1.85,Low,At Risk of Dehydration
23,Female,89.78,2.89,Moderate,Hydrated
53,Female,57.07,2.77,Low,At Risk of Dehydration
44,Male,52.82,2.7,Moderate,At Risk of Dehydration
19,Female,90.76,1.7,High,At Risk of Dehydration
32,Male,69.1,3.55,Moderate,At Risk of Dehydration
20,Male,53.08,1.5,High,At Risk of Dehydration
50,Female,49.4,2.14,High,At Risk of Dehydration
51,Female,81.45,2.58,Moderate,At Risk of Dehydration
23,Female,61.02,2.34,High,At Risk of Dehydration
18,Male,73.71,3.84,Moderate,Hydrated
49,Female,50.94,1.39,Moderate,At Risk of Dehydration
18,Female,78.21,1.88,Moderate,At Risk of Dehydration
21,Female,86.48,2.89,Low,At Risk of Dehydration
29,Female,80.27,1.24,Low,At Risk of Dehydration
21,Female,97.8,2.34,Moderate,At Risk of Dehydration
37,Male,51.15,2.66,Moderate,Hydrated
31,Male,57.92,1.58,Moderate,At Risk of Dehydration
40,Male,87.56,3.97,Moderate,Hydrated
49,Male,88.89,1.89,High,At Risk of Dehydration
32,Female,60.31,3.36,Low,Hydrated
40,Male,65.49,1.94,High,At Risk of Dehydration
24,Male,88.51,1.29,Moderate,At Risk of Dehydration
45,Male,45.18,2.96,Low,Hydrated
38,Male,79.55,3.83,High,At Risk of Dehydration
27,Female,62.26,3.66,Low,Hydrated
48,Male,67.13,1.96,High,At Risk of Dehydration
31,Female,76.89,2.86,Moderate,At Risk of Dehydration
44,Female,63.32,3.64,High,At Risk of Dehydration
23,Male,73.23,3.54,Moderate,At Risk of Dehydration
32,Female,67.09,2.51,Moderate,At Risk of Dehydration
50,Female,72.61,1.68,Moderate,At Risk of Dehydration
21,Male,98.66,1.3,Moderate,At Risk of Dehydration
34,Female,93.46,1.19,Low,At Risk of Dehydration
58,Female,49.07,3.99,Moderate,Hydrated
21,Female,96.32,3.43,Moderate,At Risk of Dehydration
56,Female,52.56,1.25,Low,At Risk of Dehydration
30,Male,51.01,1.43,Moderate,At Risk of Dehydration
55,Female,90.84,3.54,High,At Risk of Dehydration
56,Female,98.34,3.39,High,Hydrated
24,Female,73.11,1.2,Low,At Risk of Dehydration
23,Female,89.08,1.87,High,At Risk of Dehydration
19,Female,74.79,1.87,Low,At Risk of Dehydration
39,Female,73.65,2.77,High,At Risk of Dehydration
23,Male,48.72,1.36,Moderate,At Risk of Dehydration
56,Female,90.46,2.92,Moderate,At Risk of Dehydration
53,Male,58.05,2.93,High,At Risk of Dehydration
52,Male,99.7,2.76,High,At Risk of Dehydration
55,Male,78.0,1.66,Moderate,At Risk of Dehydration
22,Female,48.6,3.1,Low,Hydrated
21,Female,75.32,3.37,Low,Hydrated
37,Male,94.61,3.0,Low,At Risk of Dehydration
55,Female,56.89,3.7,High,Hydrated
53,Female,50.4,1.58,High,At Risk of Dehydration
19,Male,92.0,1.01,High,At Risk of Dehydration
56,Male,81.51,1.31,Moderate,At Risk of Dehydration
32,Female,86.24,1.57,High,At Risk of Dehydration
31,Male,60.74,3.55,Low,At Risk of Dehydration
43,Male,45.19,1.32,Moderate,At Risk of Dehydration
57,Female,56.86,1.87,Low,At Risk of Dehydration
42,Male,75.8,2.09,Moderate,At Risk of Dehydration
47,Female,66.42,1.15,High,At Risk of Dehydration
37,Female,57.97,1.16,Moderate,At Risk of Dehydration
21,Male,57.93,1.94,Low,At Risk of Dehydration
47,Male,60.63,1.49,Low,At Risk of Dehydration
37,Male,57.91,3.63,Low,Hydrated
30,Male,90.23,3.78,High,At Risk of Dehydration
24,Female,65.62,3.61,High,Hydrated
22,Male,52.76,1.98,Low,Hydrated
54,Female,48.36,3.22,Low,At Risk of Dehydration
26,Male,56.0,1.89,Moderate,Hydrated
18,Male,72.97,1.66,Moderate,At Risk of Dehydration
21,Male,95.16,2.71,High,At Risk of Dehydration
49,Male,70.57,2.5,Moderate,At Risk of Dehydration
53,Male,59.62,2.51,Low,At Risk of Dehydration
37,Female,87.69,3.96,Moderate,Hydrated
52,Female,99.84,1.54,High,At Risk of Dehydration
56,Male,56.72,3.5,Moderate,At Risk of Dehydration
39,Male,88.51,3.71,Moderate,At Risk of Dehydration
46,Female,71.32,2.57,High,Hydrated
30,Male,95.85,2.4,Moderate,At Risk of Dehydration
20,Male,73.33,1.96,Moderate,At Risk of Dehydration
58,Female,56.15,1.61,Low,At Risk of Dehydration
30,Female,46.67,3.84,Low,Hydrated
57,Female,61.65,3.43,Moderate,At Risk of Dehydration
42,Female,57.95,1.41,Low,At Risk of Dehydration
40,Male,88.67,2.64,Moderate,At Risk of Dehydration
25,Male,64.85,3.54,Moderate,At Risk of Dehydration
30,Male,68.69,2.57,High,At Risk of Dehydration
51,Female,50.66,3.92,High,Hydrated
30,Male,92.71,1.71,Low,At Risk of Dehydration
24,Female,90.37,2.72,Moderate,At Risk of Dehydration
57,Female,45.33,1.8,High,At Risk of Dehydration
29,Female,98.64,2.43,Low,At Risk of Dehydration
52,Female,56.7,1.4,High,At Risk of Dehydration
30,Female,60.93,3.78,High,At Risk of Dehydration
50,Female,68.94,2.86,High,Hydrated
27,Male,76.42,2.65,Low,At Risk of Dehydration
34,Female,93.92,2.62,Moderate,Hydrated
25,Female,57.04,3.34,High,Hydrated
27,Female,53.42,2.26,Moderate,At Risk of Dehydration
49,Female,78.7,2.41,High,At Risk of Dehydration
57,Female,57.46,2.54,Moderate,Hydrated
31,Female,75.7,2.87,Low,At Risk of Dehydration
39,Female,80.87,3.39,Moderate,Hydrated
30,Female,96.02,1.11,High,At Risk of Dehydration
28,Male,90.92,2.67,Moderate,Hydrated
20,Male,94.43,2.72,High,At Risk of Dehydration
47,Male,77.19,1.85,High,At Risk of Dehydration
41,Male,81.55,3.02,High,At Risk of Dehydration
22,Male,50.69,3.93,High,Hydrated
59,Male,66.66,1.02,Moderate,At Risk of Dehydration
41,Female,97.36,1.65,High,At Risk of Dehydration
27,Male,47.98,2.91,High,At Risk of Dehydration
36,Male,81.27,1.93,Moderate,At Risk of Dehydration
50,Male,49.89,2.49,Moderate,At Risk of Dehydration
39,Female,77.84,1.39,High,At Risk of Dehydration
25,Male,65.64,2.21,High,At Risk of Dehydration
58,Male,78.29,1.51,Moderate,At Risk of Dehydration
35,Male,73.0,2.33,Moderate,At Risk of Dehydration
49,Female,59.3,2.31,Moderate,At Risk of Dehydration
21,Female,84.06,3.75,Moderate,Hydrated
29,Female,82.91,3.64,High,Hydrated
31,Female,58.53,2.3,Moderate,At Risk of Dehydration
23,Male,95.57,1.75,Moderate,At Risk of Dehydration
23,Male,83.2,1.22,High,At Risk of Dehydration
22,Female,62.96,1.05,Low,At Risk of Dehydration
39,Female,79.71,1.07,Moderate,At Risk of Dehydration
42,Male,49.64,3.53,Low,Hydrated
43,Male,54.06,1.55,Moderate,Hydrated
59,Male,93.58,3.04,High,At Risk of Dehydration
25,Female,52.58,2.83,Moderate,At Risk of Dehydration
40,Male,80.28,2.76,Low,Hydrated
28,Male,92.96,2.89,High,At Risk of Dehydration
36,Female,68.77,3.45,High,At Risk of Dehydration
51,Female,65.28,3.45,High,At Risk of Dehydration
25,Male,87.86,1.08,Low,At Risk of Dehydration
54,Male,67.1,3.77,Moderate,Hydrated
28,Male,50.61,3.4,High,Hydrated
27,Male,81.52,1.22,High,At Risk of Dehydration
48,Female,72.45,1.12,High,At Risk of Dehydration
49,Female,97.75,1.3,High,At Risk of Dehydration
24,Male,99.76,2.7,Low,At Risk of Dehydration
34,Female,52.97,3.06,Low,Hydrated
46,Male,78.9,2.47,High,At Risk of Dehydration
19,Male,63.99,3.16,High,Hydrated
48,Female,94.5,2.65,Moderate,At Risk of Dehydration
29,Male,75.7,1.18,High,At Risk of Dehydration
29,Male,50.97,1.94,High,At Risk of Dehydration
25,Male,60.56,1.23,Moderate,At Risk of Dehydration
19,Male,66.59,2.02,Moderate,At Risk of Dehydration
32,Female,62.11,2.98,High,At Risk of Dehydration
45,Female,70.13,3.51,High,At Risk of Dehydration
44,Male,64.44,3.29,Moderate,Hydrated
58,Female,98.17,3.97,High,At Risk of Dehydration
27,Female,67.48,2.86,High,At Risk of Dehydration
24,Female,70.27,2.73,Low,At Risk of Dehydration
40,Female,61.92,2.57,Low,Hydrated
37,Male,89.22,3.6,Moderate,Hydrated
35,Female,98.29,1.82,High,At Risk of Dehydration
47,Female,93.18,2.02,High,At Risk of Dehydration
30,Male,67.91,2.87,Moderate,At Risk of Dehydration
28,Male,78.63,1.35,High,At Risk of Dehydration
19,Female,73.05,1.23,Moderate,At Risk of Dehydration
32,Female,94.99,2.63,Moderate,At Risk of Dehydration
36,Male,90.31,3.39,Moderate,Hydrated
56,Male,75.43,3.76,Low,Hydrated
18,Male,55.7,1.98,Moderate,At Risk of Dehydration
23,Male,81.54,3.81,Moderate,Hydrated
53,Male,93.86,3.01,Low,Hydrated
18,Male,76.67,1.4,Low,At Risk of Dehydration
35,Female,89.47,1.08,Moderate,At Risk of Dehydration
56,Female,93.39,1.85,High,At Risk of Dehydration
45,Female,81.57,2.14,Moderate,At Risk of Dehydration
32,Male,51.14,3.33,Moderate,At Risk of Dehydration
49,Female,93.34,2.0,Moderate,At Risk of Dehydration
50,Male,60.38,1.03,Moderate,At Risk of Dehydration
27,Female,84.03,3.37,Moderate,At Risk of Dehydration
44,Male,63.41,3.59,Low,Hydrated
37,Male,99.64,1.03,High,At Risk of Dehydration
36,Female,94.68,2.81,High,Hydrated
44,Male,59.16,1.21,Moderate,At Risk of Dehydration
35,Female,91.83,3.66,High,Hydrated
21,Male,81.77,1.97,Low,At Risk of Dehydration
43,Female,91.61,3.62,Low,Hydrated
59,Male,62.44,2.9,Low,At Risk of Dehydration
45,Male,69.48,2.84,Low,Hydrated
43,Male,64.43,2.86,Moderate,At Risk of Dehydration
52,Male,54.7,3.26,Low,Hydrated
34,Male,83.53,2.02,High,At Risk of Dehydration
49,Male,65.53,3.27,Moderate,At Risk of Dehydration
59,Male,55.91,1.1,Moderate,At Risk of Dehydration
41,Female,56.3,3.62,High,Hydrated
22,Male,93.15,3.3,Moderate,At Risk of Dehydration
46,Female,72.78,3.37,Moderate,Hydrated
23,Female,51.72,2.01,High,At Risk of Dehydration
41,Female,64.74,2.51,Moderate,At Risk of Dehydration
54,Female,68.81,1.9,Moderate,At Risk of Dehydration
27,Female,78.68,1.78,High,At Risk of Dehydration
54,Female,55.04,1.02,Low,At Risk of Dehydration
34,Female,67.96,1.64,Moderate,At Risk of Dehydration
45,Male,88.96,2.92,Moderate,At Risk of Dehydration
45,Female,80.11,3.38,Moderate,Hydrated
25,Male,88.25,3.0,High,At Risk of Dehydration
40,Female,99.35,3.04,Moderate,Hydrated
36,Male,61.77,2.27,Low,At Risk of Dehydration
25,Female,83.85,3.05,Low,Hydrated
50,Female,78.97,2.58,High,Hydrated
46,Female,83.07,2.4,Low,At Risk of Dehydration
29,Female,98.03,1.61,Low,At Risk of Dehydration
46,Female,62.1,3.51,Moderate,Hydrated
49,Male,90.5,3.39,Moderate,Hydrated
46,Female,75.62,3.59,Low,Hydrated
24,Male,49.87,1.67,Moderate,At Risk of Dehydration
56,Male,88.76,1.36,Moderate,At Risk of Dehydration
19,Male,99.77,1.0,Moderate,At Risk of Dehydration
19,Male,89.59,1.22,Low,At Risk of Dehydration
53,Female,65.58,3.02,Low,Hydrated
26,Male,94.19,3.45,Moderate,Hydrated
21,Female,74.04,3.72,Moderate,Hydrated
39,Female,51.66,2.16,Low,At Risk of Dehydration
41,Male,47.46,2.48,Low,At Risk of Dehydration
29,Male,75.38,2.77,High,At Risk of Dehydration
29,Female,98.28,1.24,Low,At Risk of Dehydration
42,Female,87.81,2.55,Low,Hydrated
19,Male,59.68,1.21,Moderate,At Risk of Dehydration
45,Male,45.79,1.5,Moderate,At Risk of Dehydration
56,Female,83.28,2.9,Low,Hydrated
27,Female,72.98,3.23,High,At Risk of Dehydration
27,Female,94.6,3.57,Moderate,Hydrated
45,Female,73.4,1.77,Low,At Risk of Dehydration
53,Male,59.06,1.77,High,At Risk of Dehydration
26,Female,78.98,2.59,Low,At Risk of Dehydration
58,Female,66.63,3.12,Low,At Risk of Dehydration
34,Male,73.58,2.4,High,At Risk of Dehydration
31,Female,82.65,2.43,Low,At Risk of Dehydration
48,Female,61.06,1.98,Low,At Risk of Dehydration
18,Female,51.95,1.41,Moderate,At Risk of Dehydration
47,Female,90.1,2.17,Low,At Risk of Dehydration
34,Male,99.31,1.58,Moderate,At Risk of Dehydration
49,Female,62.75,1.44,High,At Risk of Dehydration
26,Male,75.47,1.19,High,At Risk of Dehydration
32,Male,84.18,3.82,High,Hydrated
21,Female,96.0,1.9,Low,At Risk of Dehydration
41,Female,56.82,2.16,Moderate,At Risk of Dehydration
29,Female,85.51,1.44,High,At Risk of Dehydration
34,Female,91.94,2.09,High,At Risk of Dehydration
59,Male,93.91,3.64,Low,Hydrated
44,Female,50.69,2.7,Low,At Risk of Dehydration
40,Male,97.33,3.73,High,At Risk of Dehydration
43,Male,75.82,2.92,High,At Risk of Dehydration
35,Male,76.26,3.96,Low,Hydrated
39,Female,65.86,2.89,Moderate,Hydrated
26,Male,71.26,1.54,High,At Risk of Dehydration
54,Female,87.69,2.8,Moderate,At Risk of Dehydration
40,Female,68.46,1.6,High,At Risk of Dehydration
30,Male,74.7,3.23,High,At Risk of Dehydration
56,Male,55.45,2.24,Moderate,At Risk of Dehydration
45,Male,56.37,1.06,Moderate,Hydrated
40,Male,84.5,2.61,Moderate,At Risk of Dehydration
35,Male,93.81,3.94,Low,Hydrated
29,Female,71.64,1.75,Moderate,At Risk of Dehydration
54,Male,78.53,1.45,Moderate,At Risk of Dehydration
21,Female,90.44,2.19,High,At Risk of Dehydration
48,Male,67.27,1.3,Moderate,At Risk of Dehydration
51,Male,93.56,1.52,Moderate,At Risk of Dehydration
25,Male,93.51,2.33,Moderate,At Risk of Dehydration
41,Male,72.4,3.01,Moderate,Hydrated
27,Male,96.38,3.07,Moderate,At Risk of Dehydration
43,Female,95.14,2.96,Moderate,Hydrated
43,Female,89.58,3.7,Low,Hydrated
24,Female,55.24,3.06,Moderate,At Risk of Dehydration
32,Male,83.2,3.78,Low,Hydrated
43,Female,53.48,1.2,High,At Risk of Dehydration
48,Male,85.59,1.9,Moderate,At Risk of Dehydration
58,Male,73.93,3.58,Low,Hydrated
39,Male,58.86,1.44,Low,At Risk of Dehydration
50,Male,83.7,1.4,Moderate,At Risk of Dehydration
33,Male,55.86,1.71,Low,At Risk of Dehydration
48,Male,70.42,2.19,Low,At Risk of Dehydration
31,Male,85.5,3.37,Low,At Risk of Dehydration
38,Male,67.92,2.43,Low,Hydrated
21,Male,50.98,3.33,Moderate,Hydrated
31,Female,93.47,3.21,High,Hydrated
39,Male,61.11,1.53,High,At Risk of Dehydration
56,Female,68.2,3.92,Moderate,Hydrated
21,Female,98.88,1.1,Low,At Risk of Dehydration
35,Female,97.14,1.36,Moderate,At Risk of Dehydration
54,Male,88.03,1.0,Moderate,At Risk of Dehydration
48,Male,84.73,1.92,Low,At Risk of Dehydration
25,Male,90.86,2.56,Moderate,At Risk of Dehydration
33,Female,49.04,1.36,Moderate,At Risk of Dehydration
46,Female,75.8,1.55,High,At Risk of Dehydration
42,Male,77.32,1.56,Low,At Risk of Dehydration
48,Female,64.12,2.82,High,At Risk of Dehydration
42,Male,76.45,2.91,Moderate,Hydrated
59,Female,55.96,3.09,High,Hydrated
34,Male,64.55,2.97,Low,At Risk of Dehydration
18,Male,65.31,1.23,Low,At Risk of Dehydration
26,Male,87.6,2.66,High,At Risk of Dehydration
23,Male,53.91,2.74,Moderate,At Risk of Dehydration
32,Female,57.29,2.53,Low,Hydrated
59,Male,76.81,2.97,Moderate,At Risk of Dehydration
52,Male,96.46,1.77,Low,At Risk of Dehydration
43,Male,89.6,3.61,High,Hydrated
32,Male,93.03,2.48,Moderate,At Risk of Dehydration
57,Male,72.08,1.2,High,At Risk of Dehydration
58,Male,54.69,3.86,Low,Hydrated
51,Male,85.15,3.3,Moderate,Hydrated
58,Male,46.8,3.8,Moderate,Hydrated
59,Male,95.16,1.61,Moderate,At Risk of Dehydration
24,Female,46.09,1.23,High,At Risk of Dehydration
36,Male,99.58,2.75,High,At Risk of Dehydration
31,Female,57.48,3.74,Moderate,Hydrated
53,Male,97.01,2.62,Moderate,Hydrated
24,Female,45.91,2.36,High,At Risk of Dehydration
55,Female,83.14,3.34,High,Hydrated
35,Male,74.65,1.39,High,At Risk of Dehydration
46,Male,74.65,3.99,High,Hydrated
20,Female,51.97,3.05,Low,Hydrated
43,Male,51.83,2.44,Low,Hydrated
41,Female,77.65,3.92,Low,Hydrated
41,Female,58.18,2.31,High,At Risk of Dehydration
29,Male,96.92,3.96,Moderate,At Risk of Dehydration
48,Female,67.99,3.33,High,At Risk of Dehydration
41,Male,48.13,1.87,Moderate,At Risk of Dehydration
33,Male,68.79,3.93,High,At Risk of Dehydration
38,Female,57.54,3.79,Low,Hydrated
50,Female,96.81,1.95,Low,At Risk of Dehydration
42,Male,64.16,1.61,Low,At Risk of Dehydration
38,Female,54.94,2.35,High,Hydrated
18,Female,45.78,1.83,High,At Risk of Dehydration
48,Male,66.03,1.03,High,At Risk of Dehydration
36,Male,77.05,2.28,High,At Risk of Dehydration
38,Female,95.31,2.51,High,At Risk of Dehydration
26,Male,75.01,1.91,High,At Risk of Dehydration
58,Male,60.99,1.14,Low,At Risk of Dehydration
46,Male,75.74,1.33,High,At Risk of Dehydration
45,Female,51.47,2.06,Low,Hydrated
39,Female,79.17,3.35,High,At Risk of Dehydration
19,Male,46.61,2.73,Low,At Risk of Dehydration
32,Female,79.4,2.4,Low,At Risk of Dehydration
18,Female,63.02,2.93,Low,Hydrated
43,Female,84.65,1.7,Moderate,At Risk of Dehydration
19,Female,49.81,2.25,High,Hydrated
38,Female,79.43,2.9,Low,Hydrated
40,Female,95.12,2.93,High,Hydrated
31,Female,60.44,3.03,High,At Risk of Dehydration
28,Male,58.33,2.91,Moderate,Hydrated
37,Female,68.04,2.35,Low,At Risk of Dehydration
25,Male,61.15,3.25,High,At Risk of Dehydration
53,Male,54.95,3.97,Low,Hydrated
47,Female,53.79,1.44,Low,At Risk of Dehydration
57,Male,98.81,2.84,Low,Hydrated
22,Female,48.73,3.17,High,Hydrated
25,Male,54.84,2.61,Moderate,At Risk of Dehydration
57,Female,60.16,1.8,Low,At Risk of Dehydration
49,Male,75.86,1.28,High,At Risk of Dehydration
49,Female,87.6,2.92,Moderate,At Risk of Dehydration
25,Male,65.11,2.77,High,At Risk of Dehydration
34,Male,99.16,3.39,Moderate,At Risk of Dehydration
51,Female,74.29,3.0,Moderate,At Risk of Dehydration
37,Male,90.81,1.29,Low,At Risk of Dehydration
58,Male,47.59,3.64,Low,At Risk of Dehydration
40,Female,77.44,2.18,Moderate,At Risk of Dehydration
30,Male,68.85,2.78,Low,Hydrated
57,Female,90.42,2.9,Moderate,At Risk of Dehydration
46,Female,75.15,3.04,Low,Hydrated
53,Female,63.38,3.43,Moderate,Hydrated
41,Male,92.33,3.48,High,Hydrated
43,Female,93.88,3.57,High,At Risk of Dehydration
58,Female,62.04,3.15,Moderate,At Risk of Dehydration
47,Male,57.72,1.28,Moderate,At Risk of Dehydration
41,Female,67.3,3.52,High,Hydrated
44,Female,64.95,2.69,High,At Risk of Dehydration
41,Female,89.04,3.05,Moderate,Hydrated
24,Female,73.22,3.68,High,At Risk of Dehydration
55,Female,64.67,2.44,Low,At Risk of Dehydration
37,Male,62.37,1.36,High,At Risk of Dehydration
53,Male,81.41,3.11,Moderate,At Risk of Dehydration
52,Female,53.9,3.15,High,Hydrated
24,Male,96.78,1.26,High,At Risk of Dehydration
23,Female,83.85,1.11,Moderate,At Risk of Dehydration
33,Male,78.35,2.54,Moderate,At Risk of Dehydration
48,Male,64.13,2.9,Moderate,At Risk of Dehydration
46,Female,59.51,1.52,High,At Risk of Dehydration
18,Male,58.18,1.67,Low,At Risk of Dehydration
38,Female,48.96,3.88,Low,Hydrated
18,Male,81.36,1.32,Low,At Risk of Dehydration
30,Female,58.99,2.94,Moderate,At Risk of Dehydration
53,Male,64.66,2.94,Moderate,Hydrated
54,Male,64.22,1.81,Low,At Risk of Dehydration
41,Female,79.55,3.64,Low,At Risk of Dehydration
25,Female,63.2,2.11,Moderate,At Risk of Dehydration
44,Male,98.48,1.54,High,At Risk of Dehydration
50,Female,71.31,2.31,Low,At Risk of Dehydration
19,Female,73.56,2.0,High,At Risk of Dehydration
40,Female,66.09,2.87,Moderate,Hydrated
36,Male,83.88,3.23,Low,Hydrated
34,Female,45.47,2.45,High,Hydrated
40,Male,47.65,3.52,Low,Hydrated
58,Female,62.12,1.09,High,At Risk of Dehydration
18,Male,76.4,3.43,Low,Hydrated
56,Male,74.34,2.3,High,At Risk of Dehydration
45,Female,45.92,3.48,High,Hydrated
50,Female,69.62,3.05,Low,At Risk of Dehydration
53,Female,85.84,1.58,Moderate,At Risk of Dehydration
45,Male,49.33,3.9,Moderate,Hydrated
25,Female,98.06,1.89,Low,At Risk of Dehydration
45,Female,94.75,3.53,High,At Risk of Dehydration
36,Female,99.07,3.96,High,Hydrated
39,Female,46.68,1.57,Low,At Risk of Dehydration
27,Male,77.93,1.82,Moderate,At Risk of Dehydration
38,Male,59.16,3.49,Low,Hydrated
48,Male,91.09,1.18,High,At Risk of Dehydration
48,Female,52.67,2.83,Low,At Risk of Dehydration
32,Female,67.16,2.84,Moderate,At Risk of Dehydration
19,Male,60.01,1.47,Low,At Risk of Dehydration
37,Female,98.35,1.93,Moderate,At Risk of Dehydration
46,Male,63.0,1.34,Low,At Risk of Dehydration
56,Female,62.12,3.73,Low,At Risk of Dehydration
34,Male,70.14,1.97,Moderate,Hydrated
38,Male,45.8,3.98,High,Hydrated
28,Female,74.45,1.14,Low,At Risk of Dehydration
48,Female,74.3,1.14,Moderate,At Risk of Dehydration
20,Male,84.11,2.64,Low,At Risk of Dehydration
56,Female,53.72,2.86,High,Hydrated
34,Male,53.66,2.3,Low,At Risk of Dehydration
38,Male,53.38,2.47,Low,At Risk of Dehydration
38,Male,77.53,1.8,Low,At Risk of Dehydration
41,Female,55.89,1.04,High,At Risk of Dehydration
36,Female,80.68,2.64,Low,At Risk of Dehydration
46,Male,85.49,2.83,Low,At Risk of Dehydration
43,Female,93.53,3.7,Moderate,Hydrated
37,Female,66.52,3.91,High,At Risk of Dehydration
39,Male,72.54,3.82,High,Hydrated
40,Male,81.11,3.17,Low,At Risk of Dehydration
56,Male,90.47,1.41,Moderate,At Risk of Dehydration
56,Female,63.66,1.37,Moderate,At Risk of Dehydration
29,Female,50.15,2.12,High,At Risk of Dehydration
54,Female,56.74,1.8,Moderate,At Risk of Dehydration
56,Male,69.92,2.88,Moderate,Hydrated
32,Female,85.19,1.6,High,At Risk of Dehydration
18,Male,91.64,1.05,High,At Risk of Dehydration
19,Male,48.09,2.97,High,Hydrated
57,Female,75.67,2.44,Moderate,At Risk of Dehydration
32,Male,79.28,2.46,Low,At Risk of Dehydration
27,Female,71.53,2.36,High,Hydrated
24,Male,74.48,3.05,Moderate,Hydrated
27,Female,63.3,1.1,Moderate,At Risk of Dehydration
29,Male,62.38,1.27,High,At Risk of Dehydration
23,Male,58.84,1.45,High,At Risk of Dehydration
31,Male,58.26,3.22,Low,At Risk of Dehydration
50,Female,69.41,1.12,Low,At Risk of Dehydration
32,Female,72.42,1.56,Moderate,Hydrated
29,Female,51.3,1.74,High,At Risk of Dehydration
26,Male,66.9,3.51,Low,Hydrated
42,Male,99.54,2.65,High,Hydrated
30,Male,48.86,3.65,Moderate,At Risk of Dehydration
32,Female,80.66,1.58,Moderate,At Risk of Dehydration
30,Female,56.14,1.13,Moderate,At Risk of Dehydration
46,Female,75.55,2.34,High,At Risk of Dehydration
56,Male,50.93,2.25,High,At Risk of Dehydration
42,Male,75.0,1.63,High,At Risk of Dehydration
43,Female,57.13,3.35,High,At Risk of Dehydration
30,Male,74.19,2.01,Moderate,At Risk of Dehydration
33,Male,70.05,1.96,Moderate,At Risk of Dehydration
26,Female,60.55,3.19,Low,At Risk of Dehydration
20,Female,84.41,3.86,High,At Risk of Dehydration
27,Female,53.7,1.35,Moderate,At Risk of Dehydration
30,Female,57.85,3.11,High,Hydrated
40,Female,78.26,2.72,Moderate,Hydrated
45,Female,84.54,3.89,High,Hydrated
38,Female,81.53,2.95,Low,Hydrated
46,Male,91.87,2.28,High,At Risk of Dehydration
55,Female,89.78,1.21,High,At Risk of Dehydration
37,Male,56.6,2.53,Low,At Risk of Dehydration
56,Female,70.45,3.61,Moderate,At Risk of Dehydration
35,Female,73.28,3.43,High,At Risk of Dehydration
52,Male,96.3,3.88,Low,Hydrated
50,Female,50.73,3.72,Low,At Risk of Dehydration
29,Male,52.9,2.07,High,At Risk of Dehydration
39,Female,69.84,1.11,High,At Risk of Dehydration
55,Male,75.74,2.6,High,At Risk of Dehydration
26,Female,74.74,3.69,High,At Risk of Dehydration
36,Male,72.97,3.61,Moderate,Hydrated
50,Male,98.29,2.95,Moderate,At Risk of Dehydration
32,Male,60.71,2.35,Low,At Risk of Dehydration
43,Female,51.03,2.65,Moderate,At Risk of Dehydration
37,Female,83.97,3.0,Moderate,At Risk of Dehydration
18,Male,60.25,1.8,High,At Risk of Dehydration
23,Male,52.56,1.09,Low,At Risk of Dehydration
29,Female,46.26,2.52,High,Hydrated
43,Male,68.08,1.37,High,At Risk of Dehydration
29,Male,73.4,3.02,High,Hydrated
51,Female,76.26,1.4,Low,At Risk of Dehydration
36,Male,49.97,1.96,High,At Risk of Dehydration
30,Male,60.12,2.51,Low,At Risk of Dehydration
53,Female,65.75,1.53,Moderate,At Risk of Dehydration
30,Male,91.89,1.92,Moderate,At Risk of Dehydration
36,Male,84.7,3.63,Moderate,Hydrated
29,Female,76.91,3.23,High,Hydrated
58,Female,54.74,2.45,High,At Risk of Dehydration
46,Female,73.61,3.03,High,At Risk of Dehydration
23,Male,86.78,3.21,High,At Risk of Dehydration
35,Male,99.35,3.43,Low,At Risk of Dehydration
44,Male,50.07,1.7,Low,At Risk of Dehydration
32,Female,50.1,2.63,High,Hydrated
56,Female,91.5,1.93,Low,At Risk of Dehydration
52,Female,57.76,1.29,Low,At Risk of Dehydration
53,Male,58.0,3.64,Moderate,Hydrated
54,Male,53.52,2.24,Moderate,At Risk of Dehydration
34,Male,77.49,2.73,Moderate,At Risk of Dehydration
50,Female,76.58,1.44,Low,At Risk of Dehydration
28,Female,64.0,3.43,Moderate,At Risk of Dehydration
43,Male,79.3,1.72,High,At Risk of Dehydration
19,Male,73.68,2.37,Moderate,At Risk of Dehydration
54,Female,99.38,1.47,Low,At Risk of Dehydration
51,Female,73.48,3.53,Low,Hydrated
24,Male,97.31,2.63,Low,Hydrated
56,Female,80.81,1.86,High,At Risk of Dehydration
19,Male,72.47,2.6,Low,Hydrated
31,Male,75.61,2.55,High,At Risk of Dehydration
35,Female,55.41,1.85,Moderate,At Risk of Dehydration
32,Male,49.66,3.11,High,Hydrated
44,Male,72.75,1.45,High,At Risk of Dehydration
30,Female,70.02,2.01,Low,At Risk of Dehydration
55,Female,52.57,3.74,High,At Risk of Dehydration
40,Male,76.24,3.86,High,Hydrated
22,Female,54.16,1.15,Low,At Risk of Dehydration
22,Male,51.98,1.7,Low,At Risk of Dehydration
28,Male,97.47,2.97,High,At Risk of Dehydration
57,Female,88.17,3.51,High,Hydrated
44,Male,53.56,3.94,High,Hydrated
33,Male,97.32,3.99,Low,Hydrated
42,Female,47.25,3.73,Moderate,Hydrated
23,Female,82.2,1.66,Moderate,At Risk of Dehydration
43,Female,50.36,3.74,Moderate,At Risk of Dehydration
27,Male,81.56,3.9,High,At Risk of Dehydration
41,Male,56.34,2.13,High,At Risk of Dehydration
44,Male,96.47,1.12,Moderate,At Risk of Dehydration
38,Female,91.64,1.53,Low,At Risk of Dehydration
23,Male,57.74,2.59,High,At Risk of Dehydration
38,Male,67.88,1.91,Moderate,At Risk of Dehydration
20,Female,77.25,3.45,Moderate,Hydrated
18,Female,86.83,2.54,High,Hydrated
32,Male,86.38,2.62,High,Hydrated
41,Male,87.08,1.43,Low,At Risk of Dehydration
46,Male,63.22,1.46,Low,At Risk of Dehydration
53,Female,63.37,3.2,Moderate,At Risk of Dehydration
28,Female,78.47,1.54,Moderate,At Risk of Dehydration
53,Male,54.95,1.33,High,At Risk of Dehydration
52,Male,56.19,3.9,Moderate,Hydrated
29,Male,70.15,1.51,Moderate,At Risk of Dehydration
31,Female,81.82,3.12,Moderate,Hydrated
39,Male,55.22,1.85,Moderate,At Risk of Dehydration
31,Female,57.17,3.51,High,Hydrated
23,Female,53.99,1.49,Moderate,At Risk of Dehydration
39,Male,94.05,3.19,Low,At Risk of Dehydration
33,Male,81.83,2.85,Low,Hydrated
39,Female,93.64,2.9,Moderate,Hydrated
52,Male,90.61,2.92,Low,Hydrated
30,Male,57.57,3.6,Moderate,Hydrated
19,Female,62.11,3.36,Low,At Risk of Dehydration
32,Male,74.92,3.48,Moderate,At Risk of Dehydration
30,Male,53.31,2.13,Moderate,At Risk of Dehydration
31,Male,95.96,2.18,High,At Risk of Dehydration
58,Female,67.85,3.38,High,At Risk of Dehydration
18,Male,74.21,2.3,Low,At Risk of Dehydration
50,Male,58.96,1.99,High,At Risk of Dehydration
22,Female,75.88,2.93,Low,Hydrated
39,Male,77.26,2.17,High,At Risk of Dehydration
51,Male,57.45,3.61,High,Hydrated
34,Female,86.3,3.08,Low,At Risk of Dehydration
21,Female,54.46,2.13,High,At Risk of Dehydration
31,Male,95.08,3.18,High,At Risk of Dehydration
20,Female,55.52,3.44,Moderate,At Risk of Dehydration
45,Female,59.69,1.09,Moderate,At Risk of Dehydration
29,Female,77.9,1.03,High,At Risk of Dehydration
55,Female,66.58,1.02,Low,At Risk of Dehydration
27,Male,59.13,2.0,High,At Risk of Dehydration
50,Female,53.67,1.72,Moderate,At Risk of Dehydration
23,Male,66.51,1.68,Moderate,At Risk of Dehydration
34,Male,92.87,2.13,Low,Hydrated
20,Male,57.69,1.68,Low,At Risk of Dehydration
33,Male,45.66,2.62,High,At Risk of Dehydration
36,Male,54.8,2.02,High,At Risk of Dehydration
36,Female,63.28,3.46,High,At Risk of Dehydration
19,Female,73.57,3.05,Low,At Risk of Dehydration
33,Female,57.55,3.07,High,Hydrated
49,Male,59.85,2.61,Moderate,Hydrated
40,Female,82.91,2.95,Low,Hydrated
46,Male,59.64,3.92,Moderate,Hydrated
56,Male,61.55,1.12,Moderate,At Risk of Dehydration
31,Female,88.98,2.15,Moderate,At Risk of Dehydration
39,Male,76.86,3.88,Moderate,Hydrated
22,Female,67.67,3.19,Low,At Risk of Dehydration
31,Male,87.03,2.0,Moderate,At Risk of Dehydration
39,Female,46.41,3.97,Moderate,At Risk of Dehydration
50,Male,84.03,1.58,Moderate,At Risk of Dehydration
53,Male,83.27,3.59,Moderate,At Risk of Dehydration
47,Male,80.76,1.8,Low,At Risk of Dehydration
37,Female,51.34,2.14,Moderate,Hydrated
53,Female,68.8,3.81,Low,Hydrated
41,Male,60.55,1.27,High,At Risk of Dehydration
52,Male,85.68,2.29,High,At Risk of Dehydration
37,Male,64.1,3.48,High,At Risk of Dehydration
52,Male,50.55,3.66,Low,Hydrated
27,Female,92.58,2.1,High,At Risk of Dehydration
28,Female,64.09,1.37,Moderate,At Risk of Dehydration
53,Male,78.04,2.71,Moderate,At Risk of Dehydration
48,Female,53.82,1.68,Moderate,At Risk of Dehydration
21,Male,70.84,3.08,High,Hydrated
53,Male,72.83,1.26,Moderate,At Risk of Dehydration
52,Male,78.61,3.32,Low,Hydrated
20,Male,65.97,3.76,Low,Hydrated
42,Male,93.08,3.09,High,At Risk of Dehydration
31,Male,91.08,1.68,High,At Risk of Dehydration
58,Male,81.74,2.47,Low,At Risk of Dehydration
59,Female,50.36,1.26,Moderate,At Risk of Dehydration
24,Male,86.89,3.04,High,At Risk of Dehydration
18,Male,67.93,2.24,Low,At Risk of Dehydration
21,Male,69.12,1.54,Low,At Risk of Dehydration
54,Male,86.31,3.68,Moderate,At Risk of Dehydration
30,Male,68.19,1.31,Moderate,At Risk of Dehydration
49,Female,52.11,3.0,High,Hydrated
22,Male,98.46,3.88,Moderate,At Risk of Dehydration
53,Female,45.57,2.85,Low,At Risk of Dehydration
45,Male,90.89,2.3,Low,At Risk of Dehydration
44,Male,92.42,1.1,Low,At Risk of Dehydration
49,Female,70.49,2.0,Moderate,At Risk of Dehydration
58,Female,81.38,1.77,Moderate,At Risk of Dehydration
31,Female,89.24,1.03,Low,At Risk of Dehydration
26,Female,65.8,1.11,High,At Risk of Dehydration
58,Female,87.93,2.1,Moderate,At Risk of Dehydration
21,Male,70.88,2.86,Low,At Risk of Dehydration
56,Female,53.2,2.52,Moderate,At Risk of Dehydration
23,Female,50.83,3.12,High,Hydrated
29,Male,89.85,1.37,High,At Risk of Dehydration
50,Male,56.39,2.18,Low,At Risk of Dehydration
58,Female,57.77,2.37,Low,At Risk of Dehydration
41,Male,75.99,3.68,Low,At Risk of Dehydration
45,Male,64.67,1.28,Low,At Risk of Dehydration
25,Male,86.48,2.24,Moderate,At Risk of Dehydration
53,Male,65.51,3.72,Moderate,At Risk of Dehydration
40,Female,46.23,3.93,High,Hydrated
52,Female,97.5,3.02,Low,At Risk of Dehydration
22,Female,89.98,3.52,Low,At Risk of Dehydration
18,Male,99.47,2.94,Low,Hydrated
30,Female,55.6,2.62,Moderate,Hydrated
54,Male,57.26,3.39,Moderate,Hydrated
50,Female,82.96,1.17,High,At Risk of Dehydration
48,Female,65.64,1.68,Moderate,At Risk of Dehydration
42,Female,80.8,1.6,High,Hydrated
34,Female,46.68,2.01,High,At Risk of Dehydration
31,Female,80.77,3.66,Moderate,At Risk of Dehydration
18,Female,64.41,2.39,Moderate,Hydrated
38,Male,87.81,2.21,Low,At Risk of Dehydration
35,Female,71.84,3.18,High,At Risk of Dehydration
35,Male,87.05,3.44,Moderate,At Risk of Dehydration
52,Female,45.6,1.15,Low,At Risk of Dehydration
25,Female,87.69,3.48,Low,Hydrated
33,Male,85.05,1.1,Low,At Risk of Dehydration
25,Male,87.51,2.99,Moderate,At Risk of Dehydration
36,Male,60.56,3.03,Moderate,At Risk of Dehydration
50,Male,64.44,2.18,Moderate,At Risk of Dehydration
48,Female,67.66,3.46,Low,At Risk of Dehydration
32,Female,78.36,2.31,Low,At Risk of Dehydration
46,Male,80.08,2.93,Moderate,At Risk of Dehydration
22,Male,48.33,1.61,Low,At Risk of Dehydration
53,Male,80.92,3.85,High,Hydrated
48,Male,86.76,1.16,High,At Risk of Dehydration
46,Male,56.19,3.16,High,Hydrated
34,Male,53.83,2.58,High,At Risk of Dehydration
30,Male,60.4,3.68,Moderate,At Risk of Dehydration
54,Female,48.97,3.4,Low,Hydrated
46,Male,68.02,3.25,Low,Hydrated
42,Male,86.38,2.87,Moderate,At Risk of Dehydration
21,Female,90.17,1.41,Moderate,At Risk of Dehydration
33,Female,91.17,3.87,Low,Hydrated
38,Male,45.45,2.83,Low,At Risk of Dehydration
19,Female,57.69,1.19,Moderate,At Risk of Dehydration
44,Female,97.67,2.01,Low,At Risk of Dehydration
27,Female,65.25,3.78,Low,Hydrated
53,Female,46.17,1.39,Low,At Risk of Dehydration
49,Male,95.77,1.51,Low,At Risk of Dehydration
56,Female,83.95,2.7,Low,At Risk of Dehydration
20,Male,99.12,1.73,Low,At Risk of Dehydration
36,Female,48.83,3.21,Low,Hydrated
29,Male,84.0,2.7,Low,Hydrated
55,Female,99.92,3.24,Moderate,Hydrated
24,Male,46.32,1.23,Moderate,At Risk of Dehydration
53,Male,84.19,3.27,Moderate,Hydrated
21,Female,53.83,3.16,Moderate,Hydrated
32,Female,64.46,3.43,Low,Hydrated
55,Female,99.54,1.11,Moderate,At Risk of Dehydration
31,Male,89.35,3.57,Moderate,Hydrated
37,Female,87.51,2.66,Low,At Risk of Dehydration
28,Female,75.96,3.97,Moderate,Hydrated
18,Female,81.1,3.94,Moderate,At Risk of Dehydration
29,Male,50.05,2.15,Moderate,At Risk of Dehydration
18,Male,98.53,1.15,High,At Risk of Dehydration
27,Male,46.5,1.81,Moderate,At Risk of Dehydration
58,Female,87.3,2.46,Low,At Risk of Dehydration
34,Female,53.13,1.24,Low,At Risk of Dehydration
34,Female,76.56,1.1,Moderate,At Risk of Dehydration
51,Male,64.8,2.08,High,At Risk of Dehydration
42,Male,82.09,1.99,Moderate,At Risk of Dehydration
32,Male,93.23,3.4,Low,At Risk of Dehydration
39,Female,85.73,3.91,High,Hydrated
40,Female,96.58,2.98,Low,At Risk of Dehydration
58,Male,91.2,2.99,Moderate,At Risk of Dehydration
53,Female,75.57,3.24,Moderate,Hydrated
19,Male,59.23,3.76,Low,Hydrated
21,Female,81.4,3.25,Moderate,Hydrated
22,Female,86.93,3.95,Moderate,At Risk of Dehydration
31,Female,97.62,1.83,Moderate,At Risk of Dehydration
35,Female,59.62,3.46,High,Hydrated
35,Female,61.42,3.0,Low,At Risk of Dehydration
54,Male,69.58,2.37,Low,At Risk of Dehydration
27,Female,53.62,2.73,High,At Risk of Dehydration
32,Male,69.55,2.22,High,At Risk of Dehydration
27,Female,72.27,1.16,Moderate,At Risk of Dehydration
58,Female,66.33,2.93,Moderate,Hydrated
49,Female,90.61,2.77,Low,At Risk of Dehydration
52,Male,63.49,2.67,Moderate,At Risk of Dehydration
41,Male,64.73,3.8,High,Hydrated
51,Female,81.61,2.02,Moderate,At Risk of Dehydration
48,Female,57.12,2.4,Moderate,Hydrated
50,Male,81.87,3.83,Moderate,Hydrated
32,Male,95.3,3.76,Moderate,At Risk of Dehydration
48,Female,86.27,1.49,High,At Risk of Dehydration
33,Male,87.01,3.46,Moderate,Hydrated
41,Female,60.69,1.09,Moderate,At Risk of Dehydration
33,Female,59.23,3.25,High,Hydrated
36,Female,79.31,2.09,High,At Risk of Dehydration
18,Female,48.88,3.0,Low,Hydrated
49,Female,52.78,1.92,High,At Risk of Dehydration
23,Male,70.2,2.83,Low,At Risk of Dehydration
44,Female,57.91,3.66,Moderate,Hydrated
47,Male,67.29,2.29,Low,At Risk of Dehydration
45,Female,91.33,3.87,Moderate,Hydrated
29,Male,46.44,3.61,Low,Hydrated
45,Male,56.52,1.72,High,At Risk of Dehydration
37,Female,51.87,1.19,High,At Risk of Dehydration
42,Female,93.19,1.79,High,At Risk of Dehydration
31,Female,73.57,2.04,High,At Risk of Dehydration
59,Female,90.6,2.2,Moderate,At Risk of Dehydration
58,Female,51.59,2.69,High,At Risk of Dehydration
35,Female,70.12,3.45,Low,Hydrated
51,Male,88.37,1.62,High,At Risk of Dehydration
32,Male,74.28,3.97,High,Hydrated
24,Male,89.2,3.64,High,At Risk of Dehydration
29,Female,45.9,1.23,High,At Risk of Dehydration
38,Female,96.3,1.41,High,At Risk of Dehydration
58,Female,88.94,2.39,High,At Risk of Dehydration
41,Male,63.46,3.49,Low,Hydrated
28,Female,94.53,3.71,Low,At Risk of Dehydration
58,Female,78.95,2.77,High,At Risk of Dehydration
27,Female,54.37,1.67,High,At Risk of Dehydration
21,Female,88.06,1.99,High,At Risk of Dehydration
54,Male,75.55,2.52,Low,Hydrated
24,Male,63.57,2.19,Moderate,At Risk of Dehydration
50,Female,49.26,1.39,Moderate,At Risk of Dehydration
39,Male,70.97,3.65,Moderate,Hydrated
25,Male,46.28,1.69,Moderate,Hydrated
59,Male,53.63,2.31,Low,At Risk of Dehydration
49,Male,45.62,1.17,High,At Risk of Dehydration
53,Male,68.14,3.51,High,At Risk of Dehydration
51,Female,47.22,2.93,High,At Risk of Dehydration
41,Male,47.19,1.49,Moderate,At Risk of Dehydration
24,Male,46.96,2.74,High,Hydrated
26,Female,65.42,3.02,Moderate,At Risk of Dehydration
21,Female,49.88,1.41,Moderate,At Risk of Dehydration
19,Male,79.73,2.55,High,At Risk of Dehydration
20,Male,47.31,2.47,Low,Hydrated
49,Female,59.67,3.87,Low,Hydrated
45,Male,67.53,1.8,Low,At Risk of Dehydration
36,Female,81.13,3.55,Low,Hydrated
35,Female,60.16,3.04,Low,Hydrated
46,Female,54.8,3.5,Low,Hydrated
30,Male,70.63,2.08,Moderate,At Risk of Dehydration
52,Female,93.28,3.95,High,Hydrated
27,Male,60.6,1.72,Low,At Risk of Dehydration
18,Male,75.56,3.83,Moderate,Hydrated
27,Male,64.2,3.93,Moderate,Hydrated
51,Female,63.21,1.1,Low,At Risk of Dehydration
42,Female,70.4,1.31,Low,At Risk of Dehydration
47,Male,84.02,3.35,Low,At Risk of Dehydration
51,Female,89.07,2.08,Moderate,At Risk of Dehydration
33,Female,76.76,2.02,Low,At Risk of Dehydration
42,Female,53.75,3.48,Low,At Risk of Dehydration
45,Female,58.23,2.35,Moderate,At Risk of Dehydration
57,Female,70.6,1.27,Low,At Risk of Dehydration
35,Female,47.52,1.61,Low,At Risk of Dehydration
55,Female,77.81,3.62,Low,Hydrated
42,Male,95.28,2.26,Moderate,At Risk of Dehydration
50,Male,84.41,1.97,Moderate,At Risk of Dehydration
37,Female,83.09,1.88,High,At Risk of Dehydration
35,Male,98.47,2.34,High,At Risk of Dehydration
53,Female,70.02,3.53,Moderate,At Risk of Dehydration
27,Female,76.46,2.71,High,Hydrated
50,Male,69.0,2.08,High,At Risk of Dehydration
29,Male,92.68,2.86,High,Hydrated
43,Male,75.64,2.48,High,At Risk of Dehydration
20,Female,83.45,1.78,Moderate,At Risk of Dehydration
32,Female,52.48,2.92,Moderate,At Risk of Dehydration
54,Female,56.4,3.06,High,At Risk of Dehydration
24,Female,60.74,2.21,Low,At Risk of Dehydration
56,Female,66.85,3.24,High,At Risk of Dehydration
45,Female,58.97,3.04,Low,At Risk of Dehydration
42,Female,66.14,1.91,Low,At Risk of Dehydration
36,Male,92.64,2.03,High,At Risk of Dehydration
31,Female,97.62,1.83,Moderate,At Risk of Dehydration
47,Female,83.82,2.71,Moderate,At Risk of Dehydration
48,Male,76.48,2.26,High,At Risk of Dehydration
53,Male,55.74,2.56,High,At Risk of Dehydration
23,Male,82.98,2.14,High,At Risk of Dehydration
53,Female,75.31,3.79,Moderate,Hydrated
32,Female,87.56,3.7,Low,Hydrated
33,Male,99.54,3.27,High,At Risk of Dehydration
55,Female,76.35,2.32,Moderate,At Risk of Dehydration
54,Male,83.67,1.24,Moderate,At Risk of Dehydration
50,Male,92.1,1.87,Moderate,At Risk of Dehydration
34,Male,74.99,1.36,High,At Risk of Dehydration
40,Female,84.12,1.15,High,At Risk of Dehydration
37,Female,65.55,1.66,Moderate,At Risk of Dehydration
43,Female,48.87,2.26,Low,At Risk of Dehydration
52,Female,61.94,2.5,Moderate,At Risk of Dehydration
56,Female,79.27,2.34,Moderate,Hydrated
20,Male,49.06,1.62,Moderate,At Risk of Dehydration
32,Male,51.41,3.24,High,Hydrated
57,Male,49.74,2.62,High,At Risk of Dehydration
49,Female,50.65,1.63,Moderate,At Risk of Dehydration
58,Male,54.27,2.89,Moderate,At Risk of Dehydration
55,Male,59.23,1.2,Moderate,At Risk of Dehydration
30,Female,47.58,1.33,High,At Risk of Dehydration
59,Female,51.02,3.33,Low,At Risk of Dehydration
54,Male,65.31,2.78,Moderate,At Risk of Dehydration
20,Male,84.35,1.52,Low,At Risk of Dehydration
36,Male,56.97,3.81,High,Hydrated
25,Male,56.15,1.38,Low,At Risk of Dehydration
34,Male,66.27,1.08,Low,At Risk of Dehydration
29,Male,63.07,3.33,High,At Risk of Dehydration
52,Male,65.71,3.68,Moderate,At Risk of Dehydration
53,Male,66.98,1.34,Low,At Risk of Dehydration
34,Female,88.25,2.92,Moderate,At Risk of Dehydration
54,Female,88.33,3.89,High,Hydrated
19,Female,64.42,2.89,Moderate,At Risk of Dehydration
27,Female,64.38,1.17,High,At Risk of Dehydration
23,Female,67.44,3.31,Low,Hydrated
37,Female,87.57,2.69,High,At Risk of Dehydration
25,Male,65.18,3.3,High,Hydrated
55,Male,78.09,2.81,Moderate,At Risk of Dehydration
46,Female,50.43,3.75,High,Hydrated
50,Female,90.59,1.93,High,At Risk of Dehydration
53,Male,79.9,1.1,Moderate,At Risk of Dehydration
52,Female,77.4,3.02,Low,At Risk of Dehydration
22,Female,84.15,1.94,Moderate,At Risk of Dehydration
57,Male,64.16,3.04,Moderate,Hydrated
30,Female,92.98,1.45,High,At Risk of Dehydration
55,Female,49.92,3.7,High,Hydrated
33,Female,86.21,2.83,Low,Hydrated
19,Female,45.58,1.64,Low,At Risk of Dehydration
49,Male,73.53,1.16,High,At Risk of Dehydration
47,Male,99.36,2.72,Moderate,At Risk of Dehydration
28,Female,93.37,3.23,Moderate,At Risk of Dehydration
48,Female,65.38,3.22,High,At Risk of Dehydration
59,Female,57.44,3.61,High,At Risk of Dehydration
42,Male,94.66,2.32,Low,At Risk of Dehydration
41,Female,76.94,3.15,Moderate,At Risk of Dehydration
27,Female,86.08,1.38,Low,At Risk of Dehydration
30,Female,85.62,1.64,Low,At Risk of Dehydration
26,Male,47.48,1.84,Low,At Risk of Dehydration
35,Male,47.22,3.11,High,Hydrated
56,Male,45.8,1.99,High,At Risk of Dehydration
28,Male,66.41,2.28,High,At Risk of Dehydration
32,Female,54.41,3.65,Low,Hydrated
42,Male,73.1,1.32,High,At Risk of Dehydration
57,Male,79.01,1.5,Moderate,At Risk of Dehydration
25,Male,48.84,1.51,Moderate,At Risk of Dehydration
50,Female,57.55,3.53,Moderate,At Risk of Dehydration
26,Male,79.36,1.41,Moderate,Hydrated
36,Female,72.38,2.51,Low,At Risk of Dehydration
28,Male,85.08,2.55,Moderate,Hydrated
57,Male,99.0,3.07,Moderate,Hydrated
57,Female,85.99,1.6,Low,At Risk of Dehydration
55,Male,99.01,2.62,Moderate,Hydrated
35,Female,52.08,3.67,High,At Risk of Dehydration
41,Male,55.48,3.6,Low,Hydrated
27,Female,88.16,3.67,Moderate,At Risk of Dehydration
51,Male,68.87,2.67,Low,Hydrated
47,Female,50.99,2.34,Moderate,Hydrated
23,Male,69.39,1.66,High,At Risk of Dehydration
33,Male,77.53,3.94,High,Hydrated
58,Female,90.84,1.27,Moderate,At Risk of Dehydration
43,Female,52.25,1.49,Moderate,At Risk of Dehydration
51,Female,77.17,3.64,Moderate,Hydrated
53,Male,94.52,2.11,Moderate,At Risk of Dehydration
57,Female,87.53,3.25,Moderate,At Risk of Dehydration
34,Female,45.5,3.83,Low,Hydrated
59,Male,73.92,2.63,Low,Hydrated
25,Female,57.14,1.64,Moderate,At Risk of Dehydration
59,Female,72.11,3.51,Moderate,At Risk of Dehydration
34,Male,81.63,1.18,High,At Risk of Dehydration
42,Male,75.49,2.78,High,At Risk of Dehydration
33,Male,91.62,1.2,Moderate,At Risk of Dehydration
58,Male,45.82,3.98,Low,Hydrated
51,Female,83.32,3.23,High,At Risk of Dehydration
20,Female,96.9,3.02,Moderate,At Risk of Dehydration
43,Male,74.8,1.36,Low,At Risk of Dehydration
48,Female,59.43,2.48,High,At Risk of Dehydration
57,Female,50.73,3.51,High,Hydrated
19,Male,56.54,1.31,Moderate,At Risk of Dehydration
38,Male,45.01,2.4,Moderate,At Risk of Dehydration
25,Male,97.24,1.06,Low,At Risk of Dehydration
33,Female,92.28,1.89,Low,At Risk of Dehydration
43,Male,87.68,1.72,Low,At Risk of Dehydration
57,Male,69.21,1.99,Low,At Risk of Dehydration
54,Female,64.74,3.53,Moderate,At Risk of Dehydration
51,Male,91.31,2.78,Low,Hydrated
31,Male,52.4,3.76,High,Hydrated
41,Male,53.21,2.03,High,At Risk of Dehydration
46,Male,97.36,3.02,Moderate,At Risk of Dehydration
45,Male,94.69,2.52,Low,Hydrated
57,Male,68.45,1.85,Low,At Risk of Dehydration
41,Male,91.13,1.38,Low,At Risk of Dehydration
21,Male,75.38,3.11,Low,Hydrated
34,Female,71.24,3.0,Low,Hydrated
23,Male,63.82,3.33,Moderate,Hydrated
29,Female,93.86,2.42,Low,At Risk of Dehydration
54,Male,90.98,3.97,Moderate,Hydrated
49,Male,96.29,3.59,Moderate,Hydrated
34,Male,53.97,3.37,Low,Hydrated
55,Female,58.28,3.52,Low,Hydrated
59,Female,68.79,1.4,Moderate,At Risk of Dehydration
38,Male,68.43,2.4,Moderate,At Risk of Dehydration
41,Female,87.22,1.64,Moderate,At Risk of Dehydration
55,Male,93.63,1.92,High,At Risk of Dehydration
37,Male,45.59,3.94,Low,Hydrated
31,Male,47.24,2.5,High,At Risk of Dehydration
29,Female,56.3,1.8,High,At Risk of Dehydration
29,Female,91.53,1.87,Low,At Risk of Dehydration
46,Female,56.55,3.87,Low,Hydrated
33,Female,80.22,3.19,Low,At Risk of Dehydration
41,Female,97.36,1.2,Low,At Risk of Dehydration
27,Male,98.15,2.36,High,Hydrated
32,Male,77.8,1.86,High,At Risk of Dehydration
50,Female,94.26,1.81,Low,At Risk of Dehydration
46,Female,78.14,1.12,Low,At Risk of Dehydration
25,Female,49.56,2.6,Low,At Risk of Dehydration
45,Female,79.58,1.68,High,At Risk of Dehydration
50,Male,95.26,3.95,High,Hydrated
39,Male,54.61,3.15,High,At Risk of Dehydration
43,Female,62.14,3.62,Low,Hydrated
33,Male,74.82,2.06,Low,At Risk of Dehydration
46,Male,55.71,2.27,Moderate,At Risk of Dehydration
43,Male,49.45,2.0,Moderate,At Risk of Dehydration
57,Male,55.01,3.08,High,At Risk of Dehydration
58,Female,49.08,1.47,Moderate,At Risk of Dehydration
31,Female,71.24,2.44,Low,Hydrated
25,Male,64.33,2.1,High,At Risk of Dehydration
42,Female,65.55,3.57,High,Hydrated
38,Male,86.68,1.04,High,At Risk of Dehydration
42,Female,95.04,3.06,Moderate,Hydrated
34,Female,46.99,3.09,Low,Hydrated
25,Male,59.94,2.47,High,At Risk of Dehydration
31,Female,85.41,2.31,Low,At Risk of Dehydration
31,Female,76.83,3.61,Moderate,Hydrated
43,Male,45.04,2.85,Moderate,At Risk of Dehydration
51,Male,46.75,2.6,Low,Hydrated
51,Male,96.17,3.58,Low,Hydrated
30,Male,56.07,2.1,Low,Hydrated
31,Male,60.34,3.53,High,Hydrated
49,Male,55.14,3.1,High,Hydrated
54,Male,85.32,3.51,Low,Hydrated
54,Female,50.96,2.5,Moderate,At Risk of Dehydration
46,Male,92.63,3.1,Low,At Risk of Dehydration
33,Male,72.96,1.03,High,At Risk of Dehydration
44,Male,58.73,2.05,Low,At Risk of Dehydration
24,Female,53.43,2.52,Moderate,At Risk of Dehydration
39,Female,96.21,1.31,Low,At Risk of Dehydration
36,Female,49.15,3.7,Moderate,At Risk of Dehydration
30,Female,86.9,3.73,Low,Hydrated
33,Male,95.49,1.9,Moderate,At Risk of Dehydration
38,Female,62.62,1.32,Moderate,At Risk of Dehydration
48,Female,68.04,1.78,High,At Risk of Dehydration
21,Female,60.6,1.23,Low,At Risk of Dehydration
49,Male,47.77,1.04,Low,At Risk of Dehydration
23,Female,98.89,2.97,High,At Risk of Dehydration
38,Male,89.91,3.91,High,At Risk of Dehydration
48,Male,70.92,3.32,Low,At Risk of Dehydration
26,Female,69.9,1.55,Low,At Risk of Dehydration
42,Male,58.47,2.56,Low,At Risk of Dehydration
34,Male,46.16,1.14,Moderate,At Risk of Dehydration
23,Female,64.98,3.57,High,Hydrated
53,Female,68.37,2.64,High,Hydrated
33,Male,99.8,2.22,Moderate,At Risk of Dehydration
21,Female,87.65,1.66,Moderate,At Risk of Dehydration
52,Female,55.75,2.98,Moderate,Hydrated
34,Female,62.37,3.33,Moderate,Hydrated
39,Male,62.08,3.88,High,Hydrated
38,Female,96.51,1.52,Low,At Risk of Dehydration
33,Male,69.9,1.49,High,At Risk of Dehydration
42,Male,74.37,2.17,High,At Risk of Dehydration
37,Male,87.1,1.95,High,At Risk of Dehydration
31,Female,68.0,1.63,Moderate,At Risk of Dehydration
56,Male,57.21,3.66,High,Hydrated
55,Female,56.15,2.81,High,At Risk of Dehydration
39,Female,77.46,2.09,Low,At Risk of Dehydration
33,Female,72.2,3.08,High,At Risk of Dehydration
36,Female,55.0,1.42,Moderate,At Risk of Dehydration
29,Male,53.1,1.35,Moderate,At Risk of Dehydration
30,Male,89.39,2.16,Moderate,At Risk of Dehydration
46,Male,86.88,3.5,High,At Risk of Dehydration
36,Female,52.38,1.17,Moderate,At Risk of Dehydration
58,Male,79.06,1.57,Moderate,At Risk of Dehydration
54,Male,47.89,1.55,Low,At Risk of Dehydration
31,Female,65.15,1.97,High,At Risk of Dehydration
56,Male,67.94,2.2,Moderate,At Risk of Dehydration
53,Female,58.05,1.38,High,At Risk of Dehydration
40,Female,89.79,1.61,High,At Risk of Dehydration
33,Male,74.84,1.2,Moderate,At Risk of Dehydration
18,Female,85.26,3.41,High,At Risk of Dehydration
55,Male,67.86,3.29,High,Hydrated
53,Male,59.93,2.93,High,At Risk of Dehydration
52,Male,99.18,1.78,High,At Risk of Dehydration
26,Male,68.28,1.47,Moderate,At Risk of Dehydration
53,Female,61.28,3.49,Low,At Risk of Dehydration
44,Male,66.65,2.91,Low,Hydrated
53,Male,73.39,1.29,Moderate,At Risk of Dehydration
56,Female,69.49,3.5,High,At Risk of Dehydration
19,Male,63.1,1.44,Moderate,At Risk of Dehydration
53,Female,59.46,3.78,Low,Hydrated
59,Female,52.16,2.01,Low,At Risk of Dehydration
27,Male,67.96,1.62,High,At Risk of Dehydration
27,Female,99.66,1.72,Low,At Risk of Dehydration
58,Male,72.44,2.45,Low,At Risk of Dehydration
18,Female,90.89,2.0,Moderate,At Risk of Dehydration
49,Male,46.64,3.7,Moderate,Hydrated
22,Female,94.96,1.25,Moderate,At Risk of Dehydration
45,Male,93.9,1.69,High,At Risk of Dehydration
54,Male,55.17,2.56,Low,At Risk of Dehydration
24,Female,69.9,3.03,High,At Risk of Dehydration
43,Female,84.92,3.17,Moderate,At Risk of Dehydration
21,Male,70.28,3.42,High,At Risk of Dehydration
44,Female,90.24,3.57,Low,Hydrated
32,Male,78.37,3.96,Moderate,At Risk of Dehydration
55,Male,86.84,2.98,High,Hydrated
47,Male,92.71,3.07,High,Hydrated
40,Female,78.17,1.84,Low,At Risk of Dehydration
29,Female,92.06,3.8,Moderate,Hydrated
29,Male,98.85,1.43,High,At Risk of Dehydration
37,Male,64.32,3.78,Moderate,At Risk of Dehydration
39,Female,60.18,2.31,Moderate,At Risk of Dehydration
33,Male,55.18,3.12,High,At Risk of Dehydration
59,Female,46.55,1.75,Moderate,At Risk of Dehydration
35,Male,65.81,2.64,Moderate,At Risk of Dehydration
41,Female,50.75,1.58,Low,At Risk of Dehydration
42,Male,81.2,2.29,High,At Risk of Dehydration
18,Female,83.15,1.95,High,At Risk of Dehydration
34,Female,71.14,3.65,Low,Hydrated
48,Female,79.51,1.1,High,At Risk of Dehydration
31,Female,85.77,1.45,Moderate,At Risk of Dehydration
49,Male,74.32,1.64,High,At Risk of Dehydration
57,Female,45.08,3.74,Low,Hydrated
37,Male,47.67,1.93,High,At Risk of Dehydration
50,Male,55.6,4.0,Moderate,Hydrated
34,Male,74.73,2.64,High,At Risk of Dehydration
41,Female,85.17,1.46,High,At Risk of Dehydration
44,Female,88.91,3.38,High,At Risk of Dehydration
24,Male,51.42,3.78,Moderate,Hydrated
24,Female,47.74,2.0,Low,Hydrated
50,Female,78.94,3.1,High,At Risk of Dehydration
58,Male,45.4,1.18,Moderate,At Risk of Dehydration
29,Female,67.4,3.55,Low,Hydrated
55,Female,54.2,2.96,Moderate,At Risk of Dehydration
49,Male,85.5,1.54,Moderate,At Risk of Dehydration
24,Male,46.47,3.69,High,Hydrated
20,Male,79.39,2.17,Low,Hydrated
51,Male,71.18,3.64,High,At Risk of Dehydration
40,Male,83.02,2.91,High,At Risk of Dehydration
57,Female,99.08,1.67,Low,At Risk of Dehydration
49,Male,93.6,1.63,High,At Risk of Dehydration
32,Female,90.25,1.11,High,At Risk of Dehydration
28,Female,97.22,3.51,High,At Risk of Dehydration
50,Female,89.42,3.7,Low,Hydrated
23,Female,94.36,2.56,Low,Hydrated
29,Female,46.71,3.29,High,Hydrated
20,Male,46.94,3.71,Moderate,Hydrated
40,Male,93.37,2.74,Low,At Risk of Dehydration
42,Male,87.72,2.83,Low,At Risk of Dehydration
32,Female,90.16,1.14,Low,At Risk of Dehydration
25,Male,64.7,1.27,Moderate,At Risk of Dehydration
37,Female,95.63,1.01,Moderate,At Risk of Dehydration
39,Female,95.84,3.53,Low,Hydrated
56,Female,74.14,3.5,High,At Risk of Dehydration
59,Female,96.67,2.56,Low,Hydrated
44,Male,79.69,2.6,Low,At Risk of Dehydration
59,Male,87.29,3.73,Low,Hydrated
22,Male,58.37,1.47,Low,At Risk of Dehydration
46,Female,68.01,1.77,Moderate,At Risk of Dehydration
47,Male,90.58,1.31,High,At Risk of Dehydration
43,Male,68.44,2.96,High,Hydrated
40,Male,76.66,1.62,High,At Risk of Dehydration
27,Female,92.92,1.42,Low,At Risk of Dehydration
55,Male,86.42,1.28,Low,At Risk of Dehydration
18,Female,58.25,1.54,Low,At Risk of Dehydration
40,Female,92.17,1.71,Moderate,At Risk of Dehydration
43,Female,89.77,1.05,Low,At Risk of Dehydration
44,Female,48.63,2.64,Moderate,Hydrated
33,Female,48.19,1.95,Low,At Risk of Dehydration
59,Female,66.13,1.78,High,At Risk of Dehydration
58,Male,98.77,2.71,Low,Hydrated
19,Male,90.03,3.3,Low,At Risk of Dehydration
39,Female,48.3,2.0,Moderate,At Risk of Dehydration
33,Male,82.86,1.23,Moderate,At Risk of Dehydration
53,Female,98.41,1.04,Low,At Risk of Dehydration
31,Female,67.56,2.5,Low,At Risk of Dehydration
22,Female,83.35,1.48,Moderate,At Risk of Dehydration
53,Male,54.71,2.27,Moderate,At Risk of Dehydration
34,Female,78.23,2.95,Moderate,At Risk of Dehydration
43,Male,92.19,1.05,Moderate,At Risk of Dehydration
44,Male,96.1,3.82,Moderate,At Risk of Dehydration
37,Male,62.59,3.68,Low,Hydrated
45,Male,54.16,3.4,High,At Risk of Dehydration
50,Male,92.14,2.06,High,At Risk of Dehydration
39,Male,65.08,3.61,Low,At Risk of Dehydration
27,Male,59.39,1.79,Moderate,At Risk of Dehydration
49,Male,49.76,2.8,High,Hydrated
47,Female,73.57,3.99,High,Hydrated
28,Male,69.88,1.74,Moderate,At Risk of Dehydration
33,Male,52.94,3.09,Moderate,At Risk of Dehydration
57,Female,63.04,2.71,High,At Risk of Dehydration
21,Male,54.54,1.99,Low,At Risk of Dehydration
23,Female,94.37,2.17,Moderate,At Risk of Dehydration
52,Male,72.28,3.83,Moderate,Hydrated
51,Female,74.82,3.47,Low,At Risk of Dehydration
35,Female,60.83,1.75,High,At Risk of Dehydration
40,Male,86.94,3.13,Moderate,At Risk of Dehydration
33,Male,82.96,2.76,Low,Hydrated
50,Female,60.12,1.15,High,At Risk of Dehydration
48,Male,85.21,2.33,High,At Risk of Dehydration
56,Female,75.2,2.76,High,At Risk of Dehydration
56,Female,58.43,1.66,Low,At Risk of Dehydration
25,Female,63.69,1.21,Moderate,At Risk of Dehydration
51,Female,87.71,2.5,Moderate,At Risk of Dehydration
23,Male,58.45,1.73,Low,At Risk of Dehydration
57,Female,90.29,2.86,High,At Risk of Dehydration
39,Male,83.36,1.8,Moderate,At Risk of Dehydration
40,Male,55.18,3.09,Moderate,Hydrated
54,Female,76.08,2.17,High,At Risk of Dehydration
51,Female,59.59,2.57,High,Hydrated
28,Female,84.85,1.38,Moderate,At Risk of Dehydration
43,Female,63.85,3.23,Low,At Risk of Dehydration
41,Female,92.65,3.98,Low,At Risk of Dehydration
23,Male,81.72,1.89,Low,At Risk of Dehydration
32,Female,57.04,2.71,High,At Risk of Dehydration
23,Male,98.09,1.93,Low,At Risk of Dehydration
36,Male,69.97,3.39,High,At Risk of Dehydration
28,Female,76.87,1.58,Moderate,At Risk of Dehydration
41,Male,55.47,2.51,Moderate,At Risk of Dehydration
40,Male,90.67,3.9,Low,Hydrated
45,Female,98.23,2.36,High,At Risk of Dehydration
43,Male,61.8,1.4,Low,At Risk of Dehydration
51,Male,78.85,2.67,Low,Hydrated
42,Female,75.48,3.73,High,Hydrated
45,Female,76.62,3.6,Moderate,Hydrated
37,Male,78.32,1.28,Low,At Risk of Dehydration
22,Female,72.55,1.13,Moderate,At Risk of Dehydration
46,Male,80.59,1.89,Moderate,At Risk of Dehydration
34,Male,50.02,3.43,High,Hydrated
51,Male,80.85,3.38,Moderate,At Risk of Dehydration
58,Female,70.75,1.59,Moderate,At Risk of Dehydration
31,Female,89.69,1.16,Moderate,At Risk of Dehydration
35,Female,78.31,2.21,High,At Risk of Dehydration
40,Female,53.45,1.03,Moderate,At Risk of Dehydration
57,Female,94.1,3.48,Low,Hydrated
21,Male,88.31,3.25,Moderate,Hydrated
56,Female,66.61,3.99,Low,Hydrated
18,Female,83.37,2.01,Low,At Risk of Dehydration
22,Male,71.85,1.31,Low,At Risk of Dehydration
41,Female,61.47,2.61,Moderate,At Risk of Dehydration
51,Female,69.63,2.54,Moderate,At Risk of Dehydration
45,Female,64.62,3.04,High,At Risk of Dehydration
26,Male,82.73,2.47,Moderate,At Risk of Dehydration
25,Male,98.05,3.49,High,At Risk of Dehydration
29,Female,63.63,2.83,Low,At Risk of Dehydration
50,Male,69.44,3.47,High,At Risk of Dehydration
50,Female,55.78,1.14,Moderate,At Risk of Dehydration
52,Male,98.02,3.27,Moderate,Hydrated
54,Female,72.12,2.36,Low,At Risk of Dehydration
53,Female,97.83,1.11,High,At Risk of Dehydration
43,Male,74.73,2.91,Low,At Risk of Dehydration
58,Female,54.38,1.44,Low,At Risk of Dehydration
35,Male,58.78,2.36,High,At Risk of Dehydration
42,Male,65.59,3.19,Moderate,At Risk of Dehydration
37,Female,64.3,2.91,Moderate,Hydrated
28,Male,78.3,2.8,High,At Risk of Dehydration
23,Female,49.77,2.26,High,Hydrated
20,Male,51.8,1.48,High,At Risk of Dehydration
43,Female,56.98,1.7,Low,At Risk of Dehydration
30,Male,59.45,2.0,High,At Risk of Dehydration
32,Female,45.55,1.18,Low,At Risk of Dehydration
21,Male,61.28,1.28,Low,At Risk of Dehydration
30,Female,97.35,2.05,High,At Risk of Dehydration
39,Female,62.92,3.11,Low,Hydrated
44,Female,83.13,3.69,Moderate,At Risk of Dehydration
21,Female,95.06,1.96,Moderate,At Risk of Dehydration
23,Female,70.27,3.74,High,Hydrated
25,Female,69.15,3.62,High,At Risk of Dehydration
53,Female,48.65,2.2,Moderate,At Risk of Dehydration
34,Female,66.84,1.86,Moderate,At Risk of Dehydration
59,Male,52.83,1.48,Low,At Risk of Dehydration
58,Male,93.34,3.22,High,At Risk of Dehydration
52,Male,78.44,3.84,Moderate,Hydrated
21,Female,84.68,2.27,High,At Risk of Dehydration
25,Male,79.58,2.04,Moderate,At Risk of Dehydration
21,Female,50.0,2.16,Moderate,At Risk of Dehydration
21,Male,63.46,1.16,Moderate,At Risk of Dehydration
55,Female,49.5,2.29,Moderate,At Risk of Dehydration
20,Male,52.52,3.32,Low,At Risk of Dehydration
55,Male,88.03,3.25,High,At Risk of Dehydration
28,Female,53.15,1.16,High,At Risk of Dehydration
47,Female,83.71,1.01,Moderate,At Risk of Dehydration
29,Male,64.43,2.69,Moderate,Hydrated
45,Female,80.68,3.88,High,Hydrated
42,Male,48.78,3.32,Moderate,Hydrated
56,Male,81.37,1.71,Low,At Risk of Dehydration
22,Female,55.55,3.48,Low,Hydrated
20,Female,56.74,1.68,Low,At Risk of Dehydration
48,Male,45.21,1.28,High,At Risk of Dehydration
22,Female,57.21,1.42,Low,At Risk of Dehydration
30,Male,80.1,1.14,Low,At Risk of Dehydration
49,Female,69.41,2.19,Moderate,Hydrated
31,Male,82.85,3.99,Low,Hydrated
52,Female,53.8,3.25,High,At Risk of Dehydration
20,Female,85.16,1.12,Moderate,At Risk of Dehydration
59,Female,68.89,3.76,Moderate,Hydrated
35,Female,82.07,2.08,Moderate,At Risk of Dehydration
37,Male,54.99,3.3,Low,Hydrated
25,Female,60.54,1.19,Moderate,At Risk of Dehydration
50,Female,55.84,3.98,Moderate,Hydrated
56,Male,96.04,2.85,Low,Hydrated
49,Female,99.48,1.54,High,At Risk of Dehydration
19,Male,56.59,1.79,High,At Risk of Dehydration
59,Female,65.74,3.5,Moderate,At Risk of Dehydration
38,Female,68.39,1.34,Moderate,At Risk of Dehydration
33,Male,86.09,1.8,Low,At Risk of Dehydration
39,Male,80.16,1.2,High,At Risk of Dehydration
18,Female,96.27,1.62,Moderate,At Risk of Dehydration
28,Female,57.24,3.63,Moderate,At Risk of Dehydration
30,Male,81.42,1.77,Moderate,At Risk of Dehydration
29,Female,60.84,3.37,High,Hydrated
27,Female,56.85,3.0,High,Hydrated
58,Female,59.14,3.68,Low,Hydrated
52,Male,58.58,2.4,Low,Hydrated
42,Male,99.54,1.14,Low,At Risk of Dehydration
48,Male,74.18,2.5,Low,At Risk of Dehydration
57,Male,74.02,2.98,Moderate,At Risk of Dehydration
26,Female,74.13,3.21,High,At Risk of Dehydration
49,Female,75.35,2.99,High,At Risk of Dehydration
26,Female,78.4,2.32,High,At Risk of Dehydration
56,Female,60.65,1.19,Low,At Risk of Dehydration
52,Male,88.59,2.36,Low,At Risk of Dehydration
53,Male,65.72,1.28,High,At Risk of Dehydration
19,Male,92.45,3.34,Moderate,Hydrated
57,Female,71.08,2.97,Moderate,Hydrated
59,Male,72.63,1.51,High,At Risk of Dehydration
34,Male,71.79,1.12,Low,At Risk of Dehydration
43,Female,89.53,2.12,Moderate,At Risk of Dehydration
59,Female,61.32,1.13,Low,At Risk of Dehydration
29,Male,86.46,2.26,Low,Hydrated
24,Female,77.37,2.44,High,At Risk of Dehydration
25,Female,81.33,2.56,High,At Risk of Dehydration
55,Male,84.02,2.85,Moderate,Hydrated
53,Male,66.05,3.74,Moderate,Hydrated
45,Female,97.65,1.95,Low,At Risk of Dehydration
31,Male,94.86,2.48,High,At Risk of Dehydration
49,Female,45.56,3.23,High,Hydrated
42,Male,72.05,1.96,Low,At Risk of Dehydration
51,Female,80.99,1.1,High,At Risk of Dehydration
22,Male,70.88,3.48,Low,Hydrated
38,Female,55.53,1.88,Moderate,Hydrated
39,Male,87.26,1.18,High,At Risk of Dehydration
50,Female,52.33,2.08,High,At Risk of Dehydration
35,Male,86.55,2.84,Moderate,At Risk of Dehydration
55,Male,90.99,2.71,Low,Hydrated
48,Female,59.31,3.95,High,Hydrated
41,Male,74.86,3.5,Moderate,Hydrated
35,Male,65.54,2.31,Moderate,At Risk of Dehydration
29,Female,85.68,1.02,Moderate,At Risk of Dehydration
46,Male,77.95,3.5,High,Hydrated
22,Female,97.72,2.34,High,At Risk of Dehydration
43,Female,73.57,2.3,Low,At Risk of Dehydration
51,Female,82.46,2.38,High,Hydrated
35,Female,97.31,3.84,High,Hydrated
18,Male,72.15,2.41,Moderate,At Risk of Dehydration
41,Male,72.11,3.26,High,At Risk of Dehydration
47,Male,57.43,2.43,Low,At Risk of Dehydration
33,Male,76.44,3.05,Low,Hydrated
59,Female,66.2,2.83,High,Hydrated
24,Male,63.48,3.54,Moderate,At Risk of Dehydration
54,Female,63.9,1.47,High,At Risk of Dehydration
27,Male,92.89,1.92,Low,Hydrated
23,Female,92.95,3.37,Low,Hydrated
37,Female,85.46,1.33,Moderate,At Risk of Dehydration
44,Female,57.81,1.12,Low,At Risk of Dehydration
46,Male,45.99,2.11,Low,Hydrated
36,Female,63.85,2.56,Low,Hydrated
24,Female,53.06,2.66,Low,Hydrated
44,Male,82.2,3.85,High,Hydrated
41,Male,54.01,2.07,Low,At Risk of Dehydration
49,Male,53.23,3.71,Low,Hydrated
22,Female,69.54,3.27,Low,At Risk of Dehydration
36,Female,46.58,1.73,Low,At Risk of Dehydration
52,Female,78.28,2.72,Low,Hydrated
59,Female,90.46,1.64,Low,Hydrated
32,Male,93.88,1.43,Moderate,At Risk of Dehydration
30,Male,75.49,3.16,Moderate,Hydrated
46,Female,65.16,1.45,High,At Risk of Dehydration
31,Female,59.98,2.11,Moderate,At Risk of Dehydration
47,Female,60.57,3.92,Moderate,At Risk of Dehydration
29,Female,90.73,3.85,High,Hydrated
51,Female,97.65,3.71,Moderate,Hydrated
31,Female,81.35,3.23,High,Hydrated
51,Male,90.44,1.26,High,At Risk of Dehydration
30,Female,51.9,3.67,Moderate,Hydrated
43,Male,63.49,1.82,Low,At Risk of Dehydration
49,Male,59.15,1.14,Moderate,At Risk of Dehydration
27,Female,56.45,2.44,High,At Risk of Dehydration
24,Female,81.18,1.35,High,At Risk of Dehydration
51,Male,81.53,1.68,Moderate,At Risk of Dehydration
39,Male,88.87,1.21,High,At Risk of Dehydration
46,Female,62.69,2.41,Moderate,At Risk of Dehydration
21,Male,87.89,1.13,Moderate,At Risk of Dehydration
22,Male,64.17,3.89,High,Hydrated
26,Female,62.92,3.53,Moderate,At Risk of Dehydration
53,Male,55.22,2.63,High,At Risk of Dehydration
29,Male,94.56,1.57,Moderate,Hydrated
45,Male,98.39,3.6,Moderate,Hydrated
51,Male,80.63,3.22,Moderate,Hydrated
37,Male,73.18,1.96,Moderate,At Risk of Dehydration
28,Male,64.34,2.09,Low,At Risk of Dehydration
38,Male,96.08,2.54,Low,Hydrated
32,Male,92.01,1.1,Moderate,At Risk of Dehydration
44,Female,94.02,3.3,Moderate,Hydrated
40,Female,67.41,3.63,High,At Risk of Dehydration
41,Male,80.53,3.58,Moderate,Hydrated
54,Male,91.73,2.78,Moderate,At Risk of Dehydration
43,Male,67.51,1.4,Moderate,At Risk of Dehydration
21,Female,66.61,1.03,High,At Risk of Dehydration
36,Male,57.38,3.94,High,Hydrated
31,Male,55.59,1.72,Moderate,At Risk of Dehydration
53,Male,66.15,2.14,Moderate,At Risk of Dehydration
59,Female,47.89,1.89,Moderate,At Risk of Dehydration
45,Male,59.29,1.14,Moderate,At Risk of Dehydration
22,Female,83.6,1.86,Moderate,At Risk of Dehydration
47,Female,58.88,3.77,Moderate,Hydrated
44,Male,55.49,2.22,High,Hydrated
39,Female,80.37,3.11,Moderate,At Risk of Dehydration
35,Male,82.07,2.85,Moderate,At Risk of Dehydration
52,Male,97.75,1.79,Low,At Risk of Dehydration
50,Female,71.91,1.81,High,At Risk of Dehydration
36,Male,67.47,2.39,High,At Risk of Dehydration
39,Male,69.57,1.37,Moderate,At Risk of Dehydration
23,Male,54.51,3.87,Moderate,At Risk of Dehydration
23,Male,79.64,1.98,Low,At Risk of Dehydration
18,Female,74.94,3.83,Moderate,Hydrated
27,Female,55.13,2.78,Low,Hydrated
34,Male,71.58,1.74,High,At Risk of Dehydration
48,Male,69.72,2.88,Moderate,At Risk of Dehydration
20,Male,79.34,1.49,High,At Risk of Dehydration
59,Female,83.55,3.63,Moderate,At Risk of Dehydration
54,Female,87.12,1.67,Low,At Risk of Dehydration
32,Male,79.46,2.96,Low,Hydrated
33,Female,46.57,2.22,High,At Risk of Dehydration
56,Female,70.31,1.09,High,At Risk of Dehydration
22,Male,89.11,3.12,High,Hydrated
50,Male,59.31,2.6,Low,Hydrated
19,Male,57.25,2.18,Low,Hydrated
25,Female,52.62,2.98,Low,At Risk of Dehydration
57,Female,58.47,2.07,Low,At Risk of Dehydration
30,Female,80.65,2.55,Moderate,At Risk of Dehydration
55,Male,57.76,2.93,Moderate,At Risk of Dehydration
55,Female,72.54,2.91,Moderate,At Risk of Dehydration
53,Female,61.85,2.89,Low,Hydrated
54,Male,57.66,3.58,Moderate,Hydrated
46,Female,59.03,1.86,High,Hydrated
29,Male,94.88,3.28,Low,At Risk of Dehydration
54,Female,58.18,1.26,High,At Risk of Dehydration
57,Female,90.94,3.43,High,At Risk of Dehydration
35,Male,62.46,1.28,High,At Risk of Dehydration
57,Female,94.54,2.19,Low,At Risk of Dehydration
27,Male,90.41,1.86,Low,At Risk of Dehydration
49,Female,56.2,3.94,Moderate,Hydrated
25,Female,65.5,2.0,Moderate,At Risk of Dehydration
33,Female,87.34,3.28,Low,Hydrated
48,Male,79.46,3.84,Moderate,Hydrated
54,Male,73.41,2.35,Moderate,At Risk of Dehydration
36,Female,99.92,3.54,High,At Risk of Dehydration
51,Male,66.3,2.68,Moderate,At Risk of Dehydration
37,Male,88.23,2.87,High,At Risk of Dehydration
58,Female,71.36,1.74,Low,At Risk of Dehydration
28,Male,89.71,3.6,Low,At Risk of Dehydration
57,Female,83.77,3.47,Moderate,Hydrated
24,Male,64.03,2.43,Moderate,At Risk of Dehydration
41,Male,49.29,2.51,High,At Risk of Dehydration
58,Male,80.08,3.11,Low,At Risk of Dehydration
20,Male,54.6,3.61,High,Hydrated
21,Male,69.62,2.2,Low,At Risk of Dehydration
40,Male,95.61,1.65,Low,At Risk of Dehydration
43,Female,59.56,2.84,High,At Risk of Dehydration
43,Male,94.92,2.96,Low,At Risk of Dehydration
27,Female,87.02,2.54,Low,At Risk of Dehydration
26,Female,97.81,2.39,Low,Hydrated
30,Female,66.57,3.55,Low,Hydrated
43,Female,87.1,1.07,Low,At Risk of Dehydration
19,Female,82.46,3.16,High,Hydrated
55,Male,72.74,1.59,High,At Risk of Dehydration
47,Female,89.36,3.75,Moderate,At Risk of Dehydration
20,Male,52.8,2.3,Low,At Risk of Dehydration
39,Female,65.27,2.41,Moderate,At Risk of Dehydration
46,Female,74.53,2.43,Moderate,At Risk of Dehydration
25,Female,63.61,1.01,Moderate,At Risk of Dehydration
38,Female,49.72,2.03,High,At Risk of Dehydration
19,Female,53.96,1.71,Moderate,At Risk of Dehydration
22,Female,74.19,2.53,Moderate,At Risk of Dehydration
25,Female,69.71,3.34,High,Hydrated
49,Male,82.92,2.5,Moderate,Hydrated
19,Male,55.55,3.99,Moderate,Hydrated
39,Male,62.13,1.46,Low,At Risk of Dehydration
59,Female,68.91,2.1,High,At Risk of Dehydration
51,Male,95.94,3.34,Moderate,Hydrated
50,Female,71.93,2.44,High,At Risk of Dehydration
54,Male,88.59,3.55,Moderate,At Risk of Dehydration
39,Female,61.6,3.54,Low,Hydrated
37,Male,50.1,3.09,Moderate,At Risk of Dehydration
37,Male,48.72,2.45,Moderate,At Risk of Dehydration
33,Male,90.98,3.56,High,Hydrated
38,Female,89.27,1.94,Low,At Risk of Dehydration
54,Male,85.29,3.54,High,Hydrated
54,Male,50.08,1.15,Moderate,At Risk of Dehydration
42,Female,80.18,1.07,High,At Risk of Dehydration
28,Female,47.24,1.36,Low,At Risk of Dehydration
24,Male,96.9,2.06,Moderate,At Risk of Dehydration
36,Female,96.08,2.45,High,Hydrated
29,Male,98.17,3.74,High,At Risk of Dehydration
57,Male,97.02,1.66,Low,At Risk of Dehydration
49,Male,52.82,1.07,High,At Risk of Dehydration
26,Male,51.04,2.3,Moderate,At Risk of Dehydration
50,Female,62.59,1.0,Low,At Risk of Dehydration
41,Male,70.1,1.97,Low,At Risk of Dehydration
34,Female,66.1,1.05,Low,At Risk of Dehydration
39,Female,48.71,3.35,Low,At Risk of Dehydration
48,Male,51.44,3.51,Moderate,Hydrated
52,Female,59.59,2.36,Moderate,At Risk of Dehydration
50,Male,77.2,3.43,High,Hydrated
36,Male,87.95,1.38,Low,At Risk of Dehydration
54,Female,49.57,2.07,Moderate,At Risk of Dehydration
24,Female,97.38,2.61,High,Hydrated
43,Male,62.02,3.26,High,At Risk of Dehydration
58,Female,67.75,1.03,Low,At Risk of Dehydration
38,Female,95.39,1.12,Low,At Risk of Dehydration
45,Male,52.03,1.48,Low,At Risk of Dehydration
46,Male,80.75,3.67,High,Hydrated
28,Male,66.56,3.11,High,Hydrated
39,Male,49.55,1.14,Low,At Risk of Dehydration
21,Male,92.59,3.38,Low,Hydrated
37,Male,71.77,2.99,High,At Risk of Dehydration
18,Female,56.65,1.27,High,At Risk of Dehydration
24,Female,71.59,2.65,High,At Risk of Dehydration
47,Male,66.44,1.19,Moderate,At Risk of Dehydration
24,Female,95.7,1.37,Moderate,At Risk of Dehydration
30,Male,46.74,3.14,Low,At Risk of Dehydration
35,Male,49.75,3.92,Moderate,Hydrated
53,Female,95.68,3.93,Moderate,Hydrated
47,Male,72.9,3.25,Low,At Risk of Dehydration
31,Female,90.74,3.84,Moderate,At Risk of Dehydration
50,Female,55.31,1.32,Moderate,At Risk of Dehydration
56,Male,76.06,1.62,High,At Risk of Dehydration
31,Female,71.74,2.99,Low,Hydrated
48,Male,91.02,2.45,High,At Risk of Dehydration
46,Female,97.0,1.02,High,At Risk of Dehydration
44,Female,52.7,1.62,Low,At Risk of Dehydration
51,Female,76.0,3.17,Low,At Risk of Dehydration
26,Female,71.72,3.09,Low,Hydrated
57,Male,73.77,3.12,High,At Risk of Dehydration
56,Male,85.88,3.33,High,Hydrated
42,Male,46.67,3.2,Low,At Risk of Dehydration
59,Male,97.07,2.55,High,At Risk of Dehydration
51,Female,62.3,1.02,High,At Risk of Dehydration
18,Male,45.21,3.39,High,At Risk of Dehydration
52,Female,63.38,3.92,High,Hydrated
52,Male,97.91,3.23,Moderate,Hydrated
25,Male,60.86,1.1,Moderate,Hydrated
23,Female,57.04,1.38,Moderate,At Risk of Dehydration
36,Male,69.37,2.22,Moderate,At Risk of Dehydration
40,Female,54.29,2.66,Moderate,Hydrated
21,Female,54.64,1.1,High,At Risk of Dehydration
20,Male,65.37,2.13,Low,At Risk of Dehydration
48,Male,50.38,1.47,Low,At Risk of Dehydration
33,Female,82.34,3.29,High,At Risk of Dehydration
20,Male,93.01,3.4,Moderate,At Risk of Dehydration
21,Female,79.17,3.58,Moderate,Hydrated
29,Female,61.77,2.24,Moderate,At Risk of Dehydration
59,Male,93.92,3.45,Low,At Risk of Dehydration
35,Female,79.48,2.14,Moderate,At Risk of Dehydration
32,Female,66.2,1.01,Moderate,At Risk of Dehydration
54,Female,50.55,3.05,Low,Hydrated
59,Female,98.29,1.07,Moderate,At Risk of Dehydration
26,Male,88.93,2.84,High,At Risk of Dehydration
57,Female,87.24,1.18,High,At Risk of Dehydration
39,Male,58.08,2.28,Low,At Risk of Dehydration
56,Male,51.16,2.01,Moderate,At Risk of Dehydration
26,Male,71.47,1.99,Low,At Risk of Dehydration
39,Female,92.51,1.56,Low,At Risk of Dehydration
55,Male,61.22,3.87,Low,Hydrated
21,Female,48.8,2.48,Moderate,Hydrated
34,Female,79.84,3.39,High,Hydrated
34,Male,61.01,1.0,Low,At Risk of Dehydration
30,Male,82.21,2.27,Moderate,At Risk of Dehydration
33,Male,83.75,2.41,Low,At Risk of Dehydration
49,Male,95.82,1.86,High,At Risk of Dehydration
58,Male,48.82,3.79,Low,Hydrated
29,Male,54.46,2.7,High,At Risk of Dehydration
34,Female,96.99,3.3,Low,At Risk of Dehydration
42,Male,72.44,3.33,Low,At Risk of Dehydration
54,Female,63.79,3.84,Low,Hydrated
49,Male,57.67,1.74,High,Hydrated
19,Male,87.16,2.24,Moderate,At Risk of Dehydration
41,Female,75.29,2.46,Moderate,At Risk of Dehydration
51,Male,81.94,2.31,Moderate,At Risk of Dehydration
47,Male,71.07,2.58,Low,At Risk of Dehydration
27,Male,45.38,2.52,Moderate,At Risk of Dehydration
58,Female,84.58,3.3,Low,At Risk of Dehydration
36,Male,47.57,3.74,Moderate,Hydrated
32,Female,85.68,3.16,Low,At Risk of Dehydration
23,Female,52.15,2.57,Low,Hydrated
26,Female,87.95,3.58,Low,Hydrated
47,Female,84.71,3.85,Moderate,Hydrated
22,Male,89.26,1.38,High,At Risk of Dehydration
42,Male,45.74,1.55,Moderate,At Risk of Dehydration
31,Male,45.39,1.59,Moderate,At Risk of Dehydration
35,Male,82.8,3.17,High,At Risk of Dehydration
20,Female,51.97,3.32,High,Hydrated
54,Male,96.39,1.57,High,At Risk of Dehydration
20,Female,65.18,3.36,High,At Risk of Dehydration
38,Female,90.42,3.22,High,Hydrated
44,Female,98.98,1.27,Low,At Risk of Dehydration
40,Male,63.41,1.52,High,At Risk of Dehydration
48,Male,69.72,1.33,Low,At Risk of Dehydration
31,Male,75.03,3.43,Moderate,Hydrated
38,Female,69.49,1.13,Moderate,At Risk of Dehydration
57,Female,82.16,2.8,Moderate,At Risk of Dehydration
55,Female,76.3,3.67,Low,At Risk of Dehydration
40,Male,71.48,1.34,Moderate,At Risk of Dehydration
54,Female,71.2,1.11,Low,At Risk of Dehydration
56,Male,74.99,3.3,Low,Hydrated
32,Male,83.53,1.16,Low,At Risk of Dehydration
18,Male,97.69,1.04,High,At Risk of Dehydration
55,Female,97.52,1.37,Moderate,At Risk of Dehydration
49,Female,53.3,1.24,Moderate,At Risk of Dehydration
38,Female,46.63,2.09,High,At Risk of Dehydration
27,Male,93.82,3.89,Low,At Risk of Dehydration
56,Male,78.84,2.8,Moderate,Hydrated
30,Female,51.93,2.17,Low,At Risk of Dehydration
59,Female,63.36,2.42,Moderate,At Risk of Dehydration
34,Female,91.22,1.85,Low,At Risk of Dehydration
32,Female,88.04,2.98,Moderate,Hydrated
18,Male,77.91,3.89,Low,Hydrated
47,Female,67.4,2.47,Low,At Risk of Dehydration
58,Female,46.26,3.81,Moderate,Hydrated
52,Female,62.58,2.29,High,At Risk of Dehydration
39,Female,72.16,3.26,Low,Hydrated
44,Female,49.79,1.97,Low,At Risk of Dehydration
32,Female,59.76,3.18,Moderate,Hydrated
41,Male,98.07,1.2,High,At Risk of Dehydration
52,Female,59.7,1.84,Low,At Risk of Dehydration
39,Female,75.91,1.79,High,At Risk of Dehydration
40,Male,46.87,3.44,High,At Risk of Dehydration
32,Female,48.69,1.79,High,At Risk of Dehydration
40,Male,69.16,1.17,High,At Risk of Dehydration
33,Male,73.41,1.04,High,At Risk of Dehydration
34,Male,81.49,3.3,High,At Risk of Dehydration
30,Male,95.3,2.52,Low,Hydrated
45,Female,88.23,3.99,Moderate,Hydrated
53,Female,57.17,3.47,Moderate,At Risk of Dehydration
58,Male,61.32,3.9,High,Hydrated
41,Male,88.29,1.14,High,At Risk of Dehydration
34,Male,95.56,3.33,High,Hydrated
48,Male,70.15,1.65,Low,At Risk of Dehydration
36,Male,97.07,3.32,High,At Risk of Dehydration
35,Female,50.51,2.77,Moderate,Hydrated
29,Female,54.09,1.83,Moderate,Hydrated
52,Female,89.02,1.67,High,At Risk of Dehydration
36,Male,87.57,3.1,Low,At Risk of Dehydration
51,Female,68.17,2.98,Low,Hydrated
42,Male,76.07,3.18,Low,At Risk of Dehydration
19,Male,67.43,1.46,Low,At Risk of Dehydration
32,Male,58.41,2.07,High,At Risk of Dehydration
41,Female,75.08,2.46,Low,At Risk of Dehydration
50,Female,71.7,1.7,Low,Hydrated
33,Female,88.04,3.01,High,At Risk of Dehydration
32,Male,69.41,1.31,Moderate,At Risk of Dehydration
42,Female,79.65,1.82,Moderate,At Risk of Dehydration
27,Female,54.72,1.71,Low,At Risk of Dehydration
40,Male,46.45,3.03,Moderate,At Risk of Dehydration
19,Male,50.08,3.32,Moderate,Hydrated
51,Female,63.27,2.67,Low,At Risk of Dehydration
31,Male,93.66,2.86,Low,At Risk of Dehydration
59,Female,48.17,2.1,Low,At Risk of Dehydration
58,Male,87.06,2.38,Moderate,At Risk of Dehydration
51,Female,54.58,1.85,Low,At Risk of Dehydration
26,Female,71.13,3.31,Moderate,At Risk of Dehydration
43,Female,65.63,2.06,Low,At Risk of Dehydration
19,Female,65.1,3.97,Low,Hydrated
51,Male,82.55,3.39,Low,At Risk of Dehydration
20,Male,50.71,2.97,High,At Risk of Dehydration
49,Male,56.03,1.31,Low,At Risk of Dehydration
20,Female,89.57,2.0,Low,At Risk of Dehydration
37,Female,96.72,2.69,Moderate,At Risk of Dehydration
51,Male,66.15,1.11,Low,At Risk of Dehydration
57,Male,97.43,2.19,High,At Risk of Dehydration
52,Female,99.9,3.33,High,At Risk of Dehydration
40,Female,91.51,3.43,High,At Risk of Dehydration
32,Male,52.82,2.51,High,At Risk of Dehydration
21,Female,93.68,1.54,Low,At Risk of Dehydration
30,Male,65.04,2.4,Moderate,At Risk of Dehydration
20,Male,82.58,2.42,Moderate,At Risk of Dehydration
43,Male,97.42,1.82,Moderate,At Risk of Dehydration
46,Male,81.76,1.86,Moderate,At Risk of Dehydration
18,Male,66.03,2.26,High,Hydrated
57,Female,62.5,1.91,High,At Risk of Dehydration
42,Female,86.04,2.98,High,Hydrated
54,Male,89.69,1.97,Low,At Risk of Dehydration
47,Male,67.54,2.32,Moderate,At Risk of Dehydration
19,Female,84.3,2.66,Moderate,At Risk of Dehydration
48,Male,60.93,2.44,Moderate,At Risk of Dehydration
22,Female,51.66,2.38,Moderate,At Risk of Dehydration
33,Male,54.93,1.17,Low,At Risk of Dehydration
23,Male,81.44,2.75,Low,At Risk of Dehydration
23,Female,45.97,1.28,Moderate,At Risk of Dehydration
59,Male,78.06,3.06,High,At Risk of Dehydration
29,Female,84.74,3.45,Low,Hydrated
22,Male,82.23,3.87,Moderate,At Risk of Dehydration
52,Female,66.46,1.28,Moderate,At Risk of Dehydration
35,Male,54.31,3.07,Moderate,Hydrated
56,Female,59.95,1.1,Moderate,At Risk of Dehydration
19,Male,55.89,1.58,Low,At Risk of Dehydration
26,Male,93.82,3.89,High,Hydrated
27,Female,56.15,3.64,High,At Risk of Dehydration
21,Male,98.07,1.07,Low,At Risk of Dehydration
18,Male,94.33,1.45,Moderate,At Risk of Dehydration
43,Female,66.26,3.41,Moderate,Hydrated
45,Male,50.83,2.55,High,At Risk of Dehydration
41,Female,47.74,1.98,Moderate,At Risk of Dehydration
47,Male,99.22,3.38,Moderate,Hydrated
45,Female,83.96,1.71,High,At Risk of Dehydration
33,Female,97.57,2.29,High,At Risk of Dehydration
22,Female,64.8,1.73,High,At Risk of Dehydration
22,Male,48.86,1.96,Moderate,Hydrated
38,Female,63.69,3.39,High,At Risk of Dehydration
54,Female,88.93,2.13,Low,Hydrated
37,Female,53.58,2.39,Low,At Risk of Dehydration
31,Female,97.02,1.7,Moderate,At Risk of Dehydration
49,Male,98.55,2.8,High,At Risk of Dehydration
26,Male,87.48,3.05,High,At Risk of Dehydration
33,Female,65.17,2.16,Moderate,At Risk of Dehydration
52,Male,66.37,2.95,Moderate,Hydrated
25,Female,89.14,3.66,Low,Hydrated
25,Male,65.91,1.47,Moderate,At Risk of Dehydration
36,Female,54.17,2.38,Moderate,At Risk of Dehydration
36,Female,65.15,3.83,Low,Hydrated
35,Male,71.5,2.54,High,Hydrated
34,Female,73.2,1.71,High,At Risk of Dehydration
52,Male,66.23,2.05,Low,At Risk of Dehydration
40,Female,86.76,3.36,Low,Hydrated
49,Male,53.25,2.71,Low,At Risk of Dehydration
54,Female,46.71,1.67,Moderate,At Risk of Dehydration
58,Female,56.7,3.73,Low,Hydrated
56,Male,95.17,2.52,High,At Risk of Dehydration
24,Female,64.56,2.51,Low,At Risk of Dehydration
23,Female,83.52,2.51,Moderate,At Risk of Dehydration
23,Female,84.46,2.1,Low,At Risk of Dehydration
18,Female,73.1,1.81,Low,At Risk of Dehydration
56,Male,83.64,2.87,Low,At Risk of Dehydration
48,Female,91.95,3.9,Moderate,Hydrated
26,Male,90.24,1.98,Low,At Risk of Dehydration
24,Female,67.28,1.65,Low,At Risk of Dehydration
50,Female,89.77,2.15,Low,At Risk of Dehydration
38,Male,81.19,3.5,Low,At Risk of Dehydration
52,Male,90.91,3.57,Moderate,Hydrated
37,Female,56.96,1.94,Low,At Risk of Dehydration
30,Female,78.9,2.15,Low,At Risk of Dehydration
24,Female,80.2,2.16,Low,At Risk of Dehydration
45,Female,67.12,1.04,High,At Risk of Dehydration
32,Female,48.37,3.99,Low,Hydrated
31,Male,69.54,1.97,High,At Risk of Dehydration
50,Female,45.48,2.04,Moderate,At Risk of Dehydration
53,Female,94.15,2.19,Moderate,At Risk of Dehydration
38,Female,89.61,2.7,Low,Hydrated
57,Female,83.85,3.4,Low,Hydrated
41,Male,46.5,1.78,High,At Risk of Dehydration
21,Male,66.1,1.76,Moderate,At Risk of Dehydration
18,Male,94.45,1.88,Moderate,Hydrated
47,Female,59.58,2.43,Moderate,At Risk of Dehydration
37,Male,75.87,1.79,Low,At Risk of Dehydration
38,Female,83.95,3.95,Moderate,Hydrated
43,Male,77.9,3.66,Low,Hydrated
24,Female,64.01,1.16,Moderate,At Risk of Dehydration
18,Female,48.65,2.39,Low,At Risk of Dehydration
19,Female,48.1,2.13,Moderate,At Risk of Dehydration
18,Male,54.42,3.49,High,At Risk of Dehydration
26,Female,49.75,3.04,Moderate,Hydrated
57,Female,80.33,3.51,Moderate,Hydrated
47,Female,67.49,2.06,High,At Risk of Dehydration
41,Female,59.83,2.59,Low,At Risk of Dehydration
48,Male,98.42,1.8,Low,At Risk of Dehydration
29,Female,49.81,3.18,Moderate,At Risk of Dehydration
47,Male,70.05,1.74,Low,At Risk of Dehydration
30,Male,63.1,3.73,Low,At Risk of Dehydration
23,Female,97.44,1.35,Low,At Risk of Dehydration
19,Male,46.35,1.26,Low,At Risk of Dehydration
54,Male,63.96,2.88,Low,Hydrated
36,Female,83.17,2.19,Low,At Risk of Dehydration
36,Male,85.76,1.15,Low,At Risk of Dehydration
38,Female,50.78,2.65,Low,At Risk of Dehydration
51,Female,81.28,3.63,Moderate,At Risk of Dehydration
50,Female,48.76,3.69,Low,Hydrated
37,Male,87.61,3.0,Low,Hydrated
23,Female,70.63,3.44,High,At Risk of Dehydration
24,Female,89.08,1.67,Low,Hydrated
26,Male,68.41,2.71,High,Hydrated
52,Male,73.19,1.9,High,At Risk of Dehydration
57,Female,62.91,3.8,Low,Hydrated
53,Female,76.46,3.85,Moderate,Hydrated
57,Female,88.41,2.18,Low,At Risk of Dehydration
42,Male,79.25,1.36,Moderate,At Risk of Dehydration
49,Male,70.89,3.01,High,At Risk of Dehydration
29,Male,52.17,2.98,High,At Risk of Dehydration
27,Male,66.23,2.37,Low,Hydrated
30,Female,93.11,1.47,High,At Risk of Dehydration
41,Female,70.12,1.59,High,At Risk of Dehydration
33,Male,66.77,2.09,Low,At Risk of Dehydration
19,Male,60.08,1.84,High,Hydrated
21,Female,63.21,1.02,Moderate,At Risk of Dehydration
41,Male,55.14,1.17,High,At Risk of Dehydration
29,Male,80.56,1.86,Low,At Risk of Dehydration
51,Male,55.08,3.85,Low,Hydrated
37,Male,95.0,2.61,High,At Risk of Dehydration
27,Female,98.97,1.73,Moderate,At Risk of Dehydration
21,Male,55.89,2.37,Moderate,At Risk of Dehydration
29,Female,45.47,3.21,Moderate,At Risk of Dehydration
50,Male,76.76,3.32,Low,Hydrated
50,Female,56.31,2.3,Low,Hydrated
31,Male,86.21,2.92,Low,At Risk of Dehydration
53,Male,48.68,3.61,Low,At Risk of Dehydration
21,Male,86.19,1.56,High,At Risk of Dehydration
44,Male,51.33,3.52,High,Hydrated
19,Female,98.07,3.79,High,Hydrated
30,Male,78.38,3.5,Low,Hydrated
38,Female,49.78,2.09,Moderate,At Risk of Dehydration
36,Male,95.4,3.3,Low,Hydrated
56,Male,68.61,1.84,Moderate,Hydrated
53,Male,98.43,3.0,Low,At Risk of Dehydration
48,Male,74.62,3.77,Low,Hydrated
54,Female,51.02,2.22,Moderate,At Risk of Dehydration
19,Female,48.12,2.53,High,At Risk of Dehydration
31,Male,57.38,3.05,High,At Risk of Dehydration
32,Male,91.4,3.38,High,At Risk of Dehydration
46,Female,55.11,3.13,High,At Risk of Dehydration
30,Female,61.71,1.21,High,At Risk of Dehydration
44,Female,74.3,2.62,Low,At Risk of Dehydration
38,Male,63.99,1.82,High,At Risk of Dehydration
58,Male,58.5,1.07,High,At Risk of Dehydration
18,Male,83.35,1.36,High,At Risk of Dehydration
33,Female,91.81,1.0,Low,At Risk of Dehydration
46,Female,81.85,2.62,Low,At Risk of Dehydration
40,Female,82.96,2.63,Low,Hydrated
38,Female,61.03,1.83,Low,At Risk of Dehydration
40,Male,71.97,2.35,Moderate,At Risk of Dehydration
41,Female,60.1,3.77,Low,Hydrated
53,Male,54.29,2.34,Moderate,At Risk of Dehydration
44,Male,58.57,2.94,High,Hydrated
45,Female,52.98,3.8,High,Hydrated
22,Male,94.0,2.5,Moderate,At Risk of Dehydration
47,Male,77.15,1.36,Moderate,At Risk of Dehydration
32,Male,85.86,2.89,High,At Risk of Dehydration
27,Male,66.77,1.99,Moderate,At Risk of Dehydration
29,Male,48.6,1.24,Moderate,At Risk of Dehydration
19,Male,68.39,1.52,Low,At Risk of Dehydration
19,Female,87.55,3.79,Moderate,At Risk of Dehydration
55,Female,81.72,1.59,Low,At Risk of Dehydration
36,Female,82.9,1.78,Low,At Risk of Dehydration
23,Female,56.81,2.5,Moderate,At Risk of Dehydration
39,Male,54.3,1.25,High,At Risk of Dehydration
50,Male,72.88,2.94,Moderate,Hydrated
31,Male,79.1,3.33,High,Hydrated
56,Female,86.02,2.7,High,At Risk of Dehydration
43,Male,86.39,3.19,Low,Hydrated
21,Male,56.03,3.97,Moderate,Hydrated
36,Female,51.1,2.77,Moderate,Hydrated
38,Male,82.08,1.11,Low,At Risk of Dehydration
49,Male,94.3,1.84,Moderate,At Risk of Dehydration
30,Male,91.64,2.36,High,At Risk of Dehydration
28,Female,81.45,3.13,Moderate,At Risk of Dehydration
31,Female,76.3,1.41,High,At Risk of Dehydration
27,Female,83.9,1.77,Moderate,At Risk of Dehydration
51,Male,94.33,1.57,Low,Hydrated
24,Female,79.48,2.78,High,At Risk of Dehydration
29,Male,88.51,3.36,Low,Hydrated
36,Female,70.78,3.97,High,Hydrated
20,Male,46.27,1.29,Moderate,At Risk of Dehydration
20,Male,52.3,3.17,Low,Hydrated
38,Male,48.13,1.31,High,At Risk of Dehydration
23,Female,87.33,1.11,Moderate,At Risk of Dehydration
37,Female,91.35,3.15,High,At Risk of Dehydration
57,Male,56.74,1.5,High,At Risk of Dehydration
19,Female,57.69,2.36,High,At Risk of Dehydration
44,Female,61.56,2.96,High,Hydrated
58,Male,63.11,1.55,High,At Risk of Dehydration
33,Female,85.69,3.39,Low,At Risk of Dehydration
27,Male,60.36,1.04,Moderate,At Risk of Dehydration
46,Female,69.22,1.64,Low,At Risk of Dehydration
19,Female,57.52,1.75,Low,At Risk of Dehydration
35,Male,72.51,2.21,Moderate,At Risk of Dehydration
44,Male,79.48,3.35,Low,Hydrated
44,Male,45.61,3.95,Low,Hydrated
45,Female,55.94,1.51,Low,At Risk of Dehydration
49,Female,95.78,2.24,High,At Risk of Dehydration
21,Male,93.56,2.35,Moderate,At Risk of Dehydration
38,Male,97.89,3.9,High,Hydrated
47,Male,70.61,2.47,Low,At Risk of Dehydration
57,Male,70.34,3.96,Moderate,Hydrated
24,Male,66.71,1.96,High,At Risk of Dehydration
50,Female,59.38,3.12,Moderate,Hydrated
18,Female,77.87,2.39,Moderate,At Risk of Dehydration
30,Female,75.05,2.51,Moderate,Hydrated
40,Male,46.95,2.0,High,Hydrated
19,Female,95.37,3.45,High,At Risk of Dehydration
21,Female,97.12,1.93,High,At Risk of Dehydration
18,Male,52.83,1.99,High,At Risk of Dehydration
42,Female,80.26,1.07,Low,Hydrated
55,Female,67.77,3.43,Low,At Risk of Dehydration
36,Female,49.1,1.32,High,At Risk of Dehydration
42,Female,47.94,3.31,Moderate,Hydrated
19,Male,94.2,3.58,High,At Risk of Dehydration
31,Female,84.74,1.94,Moderate,At Risk of Dehydration
42,Male,69.72,1.47,Moderate,At Risk of Dehydration
48,Male,45.12,2.23,Moderate,At Risk of Dehydration
34,Male,88.43,2.34,High,At Risk of Dehydration
30,Male,46.67,1.67,High,At Risk of Dehydration
41,Female,57.23,2.89,Moderate,At Risk of Dehydration
46,Female,88.32,3.61,Low,Hydrated
30,Female,84.76,1.42,High,Hydrated
54,Female,87.69,2.54,Moderate,At Risk of Dehydration
20,Female,81.14,3.95,Low,Hydrated
59,Female,80.96,1.48,High,At Risk of Dehydration
51,Male,83.74,2.42,Moderate,At Risk of Dehydration
27,Male,78.77,3.59,Moderate,Hydrated
18,Female,63.87,2.82,Moderate,Hydrated
36,Female,72.59,2.9,Moderate,Hydrated
41,Male,99.28,2.2,High,At Risk of Dehydration
51,Male,50.82,2.21,Moderate,At Risk of Dehydration
54,Female,95.97,1.41,High,At Risk of Dehydration
22,Male,78.84,1.46,High,At Risk of Dehydration
55,Male,83.91,3.78,Low,At Risk of Dehydration
36,Female,49.34,2.27,Low,At Risk of Dehydration
26,Male,80.38,2.51,High,At Risk of Dehydration
41,Female,64.08,3.18,Low,At Risk of Dehydration
25,Male,64.94,3.15,Low,Hydrated
25,Male,46.19,1.42,Moderate,At Risk of Dehydration
34,Female,67.9,3.4,Moderate,At Risk of Dehydration
50,Male,64.74,3.62,High,At Risk of Dehydration
23,Male,53.04,2.24,Moderate,At Risk of Dehydration
34,Female,65.44,3.45,Low,Hydrated
31,Female,91.27,1.96,High,At Risk of Dehydration
51,Female,76.65,3.59,Moderate,Hydrated
54,Male,87.36,3.17,Moderate,Hydrated
42,Female,92.5,3.15,High,Hydrated
42,Female,92.81,2.86,Low,Hydrated
50,Female,74.1,2.2,Moderate,At Risk of Dehydration
45,Female,91.42,1.42,Moderate,At Risk of Dehydration
59,Female,57.47,3.23,High,Hydrated
56,Female,56.48,2.67,Moderate,Hydrated
32,Female,60.43,1.62,Low,At Risk of Dehydration
30,Male,81.41,1.14,High,At Risk of Dehydration
50,Male,73.42,3.36,Low,At Risk of Dehydration
43,Female,82.29,3.07,High,Hydrated
49,Female,83.97,2.26,Moderate,Hydrated
41,Male,48.58,2.17,High,At Risk of Dehydration
24,Male,99.82,1.88,Moderate,At Risk of Dehydration
18,Male,90.48,3.57,Moderate,At Risk of Dehydration
58,Male,55.33,2.08,Low,Hydrated
32,Male,98.84,3.15,High,Hydrated
49,Male,86.97,3.91,Moderate,Hydrated
46,Female,76.78,1.02,High,At Risk of Dehydration
19,Male,63.69,1.65,Moderate,At Risk of Dehydration
36,Male,73.27,2.72,High,At Risk of Dehydration
59,Male,96.84,2.0,Low,At Risk of Dehydration
25,Female,46.24,3.08,Low,At Risk of Dehydration
47,Female,49.21,2.09,Moderate,At Risk of Dehydration
36,Female,59.32,1.29,Moderate,At Risk of Dehydration
20,Male,84.97,1.68,Moderate,At Risk of Dehydration
25,Female,55.84,1.55,Low,At Risk of Dehydration
44,Male,99.02,3.35,High,Hydrated
24,Male,77.73,2.51,Low,At Risk of Dehydration
50,Female,78.78,2.49,High,At Risk of Dehydration
36,Male,82.14,1.27,Low,Hydrated
27,Female,75.86,1.26,High,At Risk of Dehydration
21,Female,59.62,1.42,High,At Risk of Dehydration
33,Male,56.36,2.17,Low,At Risk of Dehydration
59,Female,90.16,1.86,Moderate,At Risk of Dehydration
31,Male,46.47,1.3,High,At Risk of Dehydration
34,Male,45.8,2.52,High,At Risk of Dehydration
18,Female,68.35,3.84,High,At Risk of Dehydration
20,Female,47.59,2.12,Low,At Risk of Dehydration
55,Female,99.13,1.38,Low,At Risk of Dehydration
27,Female,50.74,1.25,High,At Risk of Dehydration
40,Male,45.81,2.9,Moderate,At Risk of Dehydration
24,Male,78.74,1.11,Moderate,At Risk of Dehydration
21,Male,82.18,1.41,Low,At Risk of Dehydration
19,Male,71.59,1.01,Low,At Risk of Dehydration
56,Female,81.95,3.12,Moderate,At Risk of Dehydration
26,Female,67.65,3.7,Moderate,At Risk of Dehydration
54,Female,73.46,2.27,Moderate,At Risk of Dehydration
41,Male,51.78,1.94,High,At Risk of Dehydration
39,Male,78.66,1.19,Moderate,At Risk of Dehydration
52,Female,49.27,1.81,Moderate,At Risk of Dehydration
37,Male,72.04,2.48,Low,At Risk of Dehydration
43,Female,70.81,1.05,High,At Risk of Dehydration
21,Male,99.35,3.77,Low,Hydrated
43,Female,45.03,3.06,High,At Risk of Dehydration
18,Female,85.35,2.64,Low,At Risk of Dehydration
55,Male,98.32,2.34,Low,At Risk of Dehydration
45,Male,65.6,2.81,Low,Hydrated
38,Female,76.78,2.6,Moderate,Hydrated
39,Female,74.77,1.17,Moderate,At Risk of Dehydration
51,Female,82.14,3.31,Moderate,Hydrated
30,Male,71.06,1.25,Moderate,At Risk of Dehydration
42,Male,80.46,3.05,Low,At Risk of Dehydration
26,Female,91.76,3.5,Moderate,At Risk of Dehydration
31,Female,51.37,1.99,Moderate,At Risk of Dehydration
27,Male,97.85,2.27,Low,At Risk of Dehydration
38,Female,56.41,3.62,Low,Hydrated
42,Male,53.34,2.89,Moderate,At Risk of Dehydration
34,Female,58.36,2.63,High,At Risk of Dehydration
48,Male,70.48,1.8,High,At Risk of Dehydration
26,Male,94.58,3.45,Low,Hydrated
48,Male,86.86,1.69,Moderate,At Risk of Dehydration
33,Male,88.17,2.09,High,At Risk of Dehydration
40,Female,82.52,1.62,Moderate,At Risk of Dehydration
26,Female,68.61,2.86,Moderate,At Risk of Dehydration
28,Male,65.16,1.63,Low,Hydrated
47,Female,81.75,3.48,High,Hydrated
19,Female,76.16,3.97,Low,Hydrated
21,Female,54.54,2.34,High,At Risk of Dehydration
44,Female,52.02,2.62,Low,Hydrated
26,Female,59.15,4.0,High,Hydrated
24,Male,95.21,3.09,Low,Hydrated
34,Female,78.7,2.65,High,Hydrated
22,Male,80.37,3.74,High,Hydrated
31,Male,76.45,1.84,Low,At Risk of Dehydration
56,Male,54.82,3.68,High,Hydrated
23,Male,62.72,3.33,High,Hydrated
46,Male,80.38,2.92,Low,At Risk of Dehydration
39,Male,70.09,3.52,Moderate,Hydrated
31,Female,82.56,3.08,Low,At Risk of Dehydration
45,Female,60.46,3.43,High,Hydrated
37,Male,53.45,3.73,Low,Hydrated
53,Female,78.95,1.39,Low,At Risk of Dehydration
42,Male,72.96,4.0,Low,Hydrated
27,Female,79.7,3.81,High,Hydrated
18,Male,76.94,2.6,Moderate,At Risk of Dehydration
25,Female,86.65,2.52,Low,Hydrated
37,Female,71.43,1.9,High,At Risk of Dehydration
58,Male,60.08,1.9,Moderate,At Risk of Dehydration
55,Male,68.89,1.89,Low,At Risk of Dehydration
36,Female,60.8,1.25,Moderate,At Risk of Dehydration
26,Male,62.28,3.21,Moderate,Hydrated
32,Male,99.44,2.17,Moderate,At Risk of Dehydration
30,Female,70.16,1.55,Moderate,At Risk of Dehydration
25,Male,91.37,3.47,Moderate,Hydrated
47,Female,75.11,3.38,Low,Hydrated
46,Female,59.11,3.83,Low,Hydrated
26,Male,76.06,3.86,Low,Hydrated
32,Male,82.44,3.25,Low,At Risk of Dehydration
34,Female,87.16,2.41,Low,At Risk of Dehydration
48,Male,90.17,3.99,Low,Hydrated
34,Female,64.63,1.87,Low,At Risk of Dehydration
33,Male,68.76,3.81,Low,Hydrated
52,Female,70.95,3.9,Low,At Risk of Dehydration
45,Female,54.53,2.48,Moderate,At Risk of Dehydration
22,Male,88.88,3.1,Low,At Risk of Dehydration
50,Male,49.56,1.78,Moderate,At Risk of Dehydration
25,Male,87.93,1.19,High,At Risk of Dehydration
18,Male,73.72,2.41,High,At Risk of Dehydration
18,Male,64.9,1.04,High,At Risk of Dehydration
50,Male,71.81,2.25,High,At Risk of Dehydration
26,Male,68.4,3.96,Moderate,Hydrated
40,Female,49.25,3.57,High,Hydrated
43,Female,79.73,3.82,Low,Hydrated
34,Male,84.67,1.98,High,At Risk of Dehydration
26,Female,91.13,2.48,High,Hydrated
56,Male,45.84,1.47,High,At Risk of Dehydration
25,Female,86.63,2.58,Low,Hydrated
30,Male,85.25,2.79,Low,Hydrated
57,Male,95.21,2.54,Moderate,At Risk of Dehydration
35,Female,46.68,3.33,High,At Risk of Dehydration
28,Male,52.4,1.62,Low,Hydrated
35,Female,52.88,3.02,Low,At Risk of Dehydration
40,Male,80.35,2.15,High,At Risk of Dehydration
28,Male,57.8,1.01,Moderate,At Risk of Dehydration
58,Female,96.79,1.05,Moderate,At Risk of Dehydration
26,Male,49.41,1.25,Moderate,At Risk of Dehydration
37,Female,81.59,2.26,Moderate,At Risk of Dehydration
20,Female,47.68,3.79,High,Hydrated
35,Male,59.2,2.81,Moderate,At Risk of Dehydration
33,Female,75.24,3.44,Low,At Risk of Dehydration
46,Male,69.08,2.86,High,At Risk of Dehydration
54,Male,68.97,3.79,Low,At Risk of Dehydration
55,Female,96.37,3.32,Moderate,Hydrated
43,Male,53.78,1.0,Moderate,At Risk of Dehydration
41,Male,90.52,2.46,High,At Risk of Dehydration
28,Female,97.96,2.84,Low,At Risk of Dehydration
42,Male,63.98,2.11,Low,At Risk of Dehydration
46,Male,60.74,3.86,Moderate,At Risk of Dehydration
27,Male,80.83,2.69,Low,At Risk of Dehydration
22,Female,47.87,1.1,Low,At Risk of Dehydration
54,Male,59.87,1.12,Low,At Risk of Dehydration
33,Female,69.21,3.6,Low,Hydrated
54,Female,98.33,1.67,Low,At Risk of Dehydration
36,Female,65.61,3.55,Low,At Risk of Dehydration
19,Male,69.13,3.08,High,At Risk of Dehydration
19,Female,77.33,2.4,Low,At Risk of Dehydration
53,Female,93.87,3.28,Low,At Risk of Dehydration
39,Female,74.84,3.64,Moderate,Hydrated
25,Female,52.89,1.54,Low,At Risk of Dehydration
21,Male,92.02,2.04,Moderate,At Risk of Dehydration
48,Male,80.17,2.9,Moderate,At Risk of Dehydration
18,Male,47.14,2.13,Low,At Risk of Dehydration
25,Female,83.05,3.54,Moderate,Hydrated
46,Female,83.21,3.41,High,At Risk of Dehydration
48,Male,98.61,1.39,Moderate,At Risk of Dehydration
49,Male,86.68,3.92,Low,Hydrated
33,Female,90.17,1.39,High,At Risk of Dehydration
48,Female,53.2,3.93,Moderate,Hydrated
23,Male,75.4,3.91,High,At Risk of Dehydration
26,Female,68.1,1.69,High,At Risk of Dehydration
51,Male,92.17,3.13,Moderate,Hydrated
24,Female,46.52,1.58,Low,At Risk of Dehydration
36,Male,53.22,1.18,Low,At Risk of Dehydration
45,Female,94.73,3.63,Moderate,Hydrated
31,Male,49.1,3.97,Moderate,Hydrated
45,Female,63.35,3.47,Moderate,Hydrated
29,Male,96.8,1.41,Low,Hydrated
49,Female,65.52,2.9,Low,At Risk of Dehydration
24,Male,64.23,1.26,Moderate,At Risk of Dehydration
58,Male,86.5,2.57,Moderate,At Risk of Dehydration
53,Female,70.65,3.44,Moderate,At Risk of Dehydration
29,Male,58.66,2.23,Moderate,Hydrated
43,Female,76.87,1.68,Moderate,At Risk of Dehydration
45,Male,97.01,3.91,Moderate,Hydrated
29,Male,57.65,2.31,Moderate,At Risk of Dehydration
23,Male,75.77,1.82,Low,At Risk of Dehydration
45,Female,49.09,2.94,Moderate,At Risk of Dehydration
23,Male,87.62,2.4,Low,Hydrated
51,Male,75.45,1.83,Low,At Risk of Dehydration
22,Male,55.5,1.61,Low,At Risk of Dehydration
55,Male,60.58,2.31,Low,At Risk of Dehydration
56,Male,91.67,1.39,High,At Risk of Dehydration
33,Male,65.02,2.43,Moderate,Hydrated
38,Male,88.67,2.07,Low,At Risk of Dehydration
53,Female,57.99,2.76,Moderate,At Risk of Dehydration
37,Female,78.49,3.62,Moderate,Hydrated
59,Female,62.47,2.91,Low,Hydrated
18,Male,97.71,3.73,High,Hydrated
31,Male,47.28,3.28,Moderate,At Risk of Dehydration
20,Female,57.0,2.02,High,At Risk of Dehydration
51,Female,75.17,2.56,Low,At Risk of Dehydration
19,Male,78.98,3.65,High,At Risk of Dehydration
56,Male,93.71,3.0,Moderate,At Risk of Dehydration
57,Male,66.95,1.45,High,At Risk of Dehydration
43,Male,73.17,2.09,Moderate,At Risk of Dehydration
40,Male,84.64,3.0,Moderate,At Risk of Dehydration
33,Male,56.89,3.12,Moderate,Hydrated
48,Male,51.48,3.74,High,Hydrated
55,Female,88.25,2.2,High,At Risk of Dehydration
21,Female,69.2,1.79,High,Hydrated
20,Female,82.41,1.12,High,At Risk of Dehydration
27,Female,57.31,2.97,Moderate,At Risk of Dehydration
37,Male,93.63,1.93,High,At Risk of Dehydration
26,Female,65.36,2.87,Moderate,Hydrated
18,Female,45.76,1.24,Moderate,At Risk of Dehydration
25,Female,93.95,3.6,High,Hydrated
33,Female,73.44,1.49,Low,At Risk of Dehydration
41,Male,50.55,1.93,Low,At Risk of Dehydration
33,Male,83.49,3.45,High,Hydrated
44,Female,67.91,1.47,Low,At Risk of Dehydration
53,Male,99.46,2.67,Low,At Risk of Dehydration
39,Male,49.08,1.28,Low,At Risk of Dehydration
19,Female,48.79,2.92,Low,At Risk of Dehydration
26,Female,50.99,2.11,Low,At Risk of Dehydration
44,Male,68.43,2.51,Low,At Risk of Dehydration
59,Male,60.72,1.7,Low,At Risk of Dehydration
44,Female,94.92,3.5,High,At Risk of Dehydration
30,Male,59.16,2.04,Low,At Risk of Dehydration
29,Male,92.59,3.14,High,At Risk of Dehydration
30,Female,62.5,2.89,Low,At Risk of Dehydration
20,Male,60.58,1.83,Low,At Risk of Dehydration
40,Male,87.74,3.9,High,At Risk of Dehydration
58,Male,81.57,3.89,High,Hydrated
55,Male,99.91,3.8,Moderate,At Risk of Dehydration
23,Female,86.88,3.94,Moderate,Hydrated
40,Male,63.55,3.27,Moderate,Hydrated
34,Female,80.13,2.44,High,Hydrated
45,Female,54.42,1.18,Moderate,At Risk of Dehydration
49,Female,55.85,1.78,Moderate,At Risk of Dehydration
35,Male,47.59,1.52,High,At Risk of Dehydration
25,Female,99.93,1.73,High,At Risk of Dehydration
45,Male,65.01,3.41,Low,Hydrated
41,Male,55.04,1.31,Low,At Risk of Dehydration
40,Female,95.91,1.43,Moderate,At Risk of Dehydration
32,Male,89.17,3.61,Moderate,At Risk of Dehydration
31,Male,70.46,1.25,Moderate,At Risk of Dehydration
38,Male,49.82,2.45,Low,Hydrated
43,Male,52.58,1.21,Moderate,At Risk of Dehydration
44,Male,95.43,1.32,High,At Risk of Dehydration
20,Male,45.53,2.99,Moderate,At Risk of Dehydration
29,Male,68.65,3.04,Low,At Risk of Dehydration
45,Male,53.92,2.02,Moderate,At Risk of Dehydration
51,Male,69.14,2.62,Low,At Risk of Dehydration
39,Female,45.74,3.69,Moderate,Hydrated
59,Male,58.84,2.26,High,At Risk of Dehydration
44,Male,45.62,1.23,Low,At Risk of Dehydration
29,Female,68.04,3.16,Low,Hydrated
43,Female,51.07,1.49,High,At Risk of Dehydration
52,Female,81.72,2.87,High,Hydrated
53,Female,91.68,3.98,Low,At Risk of Dehydration
43,Female,99.77,1.88,Low,At Risk of Dehydration
52,Female,95.84,1.58,High,At Risk of Dehydration
38,Male,62.66,3.54,Low,At Risk of Dehydration
44,Male,79.11,3.05,Moderate,Hydrated
30,Female,99.1,1.1,High,At Risk of Dehydration
24,Male,78.03,3.1,Moderate,At Risk of Dehydration
44,Male,52.52,3.0,Moderate,At Risk of Dehydration
19,Male,63.0,3.49,Low,Hydrated
27,Female,80.26,2.67,High,At Risk of Dehydration
50,Female,53.67,1.72,Moderate,At Risk of Dehydration
18,Female,55.33,3.31,Low,At Risk of Dehydration
51,Female,83.03,3.36,High,Hydrated
39,Female,58.13,3.66,High,Hydrated
48,Male,70.73,1.91,High,At Risk of Dehydration
20,Male,67.25,2.42,High,At Risk of Dehydration
42,Male,47.4,3.84,Low,At Risk of Dehydration
19,Female,64.71,1.14,Low,Hydrated
38,Male,80.95,2.37,Moderate,At Risk of Dehydration
59,Female,86.03,1.15,Moderate,At Risk of Dehydration
24,Female,68.82,2.52,Low,At Risk of Dehydration
40,Male,80.39,2.85,High,Hydrated
39,Male,51.01,1.71,Low,At Risk of Dehydration
49,Female,91.09,1.59,High,At Risk of Dehydration
49,Female,62.6,1.18,High,At Risk of Dehydration
55,Male,61.29,3.3,High,Hydrated
53,Male,60.5,3.29,Low,Hydrated
20,Male,82.18,2.87,Moderate,Hydrated
24,Female,75.74,3.5,Moderate,At Risk of Dehydration
46,Male,91.93,3.61,Low,Hydrated
45,Male,94.38,3.37,High,At Risk of Dehydration
35,Male,83.73,1.07,High,At Risk of Dehydration
47,Male,55.64,2.24,Moderate,At Risk of Dehydration
36,Male,65.36,2.07,High,At Risk of Dehydration
41,Male,91.54,1.03,Low,At Risk of Dehydration
31,Female,83.57,2.05,Moderate,At Risk of Dehydration
20,Male,67.96,1.74,Low,At Risk of Dehydration
36,Female,57.67,2.03,High,Hydrated
58,Male,72.49,2.24,Moderate,At Risk of Dehydration
25,Male,97.6,3.63,Moderate,Hydrated
40,Male,82.13,1.68,Moderate,At Risk of Dehydration
56,Male,88.58,1.16,Moderate,At Risk of Dehydration
19,Male,60.63,3.42,Moderate,At Risk of Dehydration
48,Male,66.12,3.98,Low,Hydrated
19,Female,54.81,2.86,Moderate,At Risk of Dehydration
58,Female,67.67,1.47,High,At Risk of Dehydration
43,Male,50.87,2.43,Moderate,At Risk of Dehydration
24,Female,55.85,2.1,Moderate,Hydrated
28,Male,94.57,1.21,Low,At Risk of Dehydration
35,Male,58.77,2.03,Moderate,At Risk of Dehydration
34,Female,82.12,1.81,Low,At Risk of Dehydration
27,Female,80.21,2.51,Low,At Risk of Dehydration
57,Male,93.09,2.94,High,At Risk of Dehydration
45,Female,73.68,3.35,Low,Hydrated
44,Female,81.65,3.34,High,Hydrated
30,Male,78.07,1.08,Low,At Risk of Dehydration
24,Female,75.89,1.57,High,At Risk of Dehydration
24,Female,47.63,2.5,Moderate,At Risk of Dehydration
20,Female,90.99,2.04,Low,At Risk of Dehydration
40,Female,54.72,2.38,Low,Hydrated
58,Female,56.72,2.78,High,At Risk of Dehydration
25,Female,90.63,1.51,Low,At Risk of Dehydration
46,Female,64.86,1.24,Low,At Risk of Dehydration
47,Male,92.67,1.78,High,At Risk of Dehydration
21,Male,49.35,1.03,High,At Risk of Dehydration
18,Female,82.14,1.07,Low,At Risk of Dehydration
50,Female,55.87,3.71,Low,At Risk of Dehydration
39,Male,90.51,2.27,Low,Hydrated
46,Male,64.4,1.4,Low,At Risk of Dehydration
45,Female,55.3,1.82,Low,At Risk of Dehydration
33,Male,95.25,1.52,Moderate,At Risk of Dehydration
22,Male,61.24,1.27,Low,At Risk of Dehydration
30,Male,52.8,3.19,Low,Hydrated
56,Female,46.23,3.57,Moderate,At Risk of Dehydration
26,Male,53.27,3.68,Low,Hydrated
24,Female,63.19,1.35,Low,At Risk of Dehydration
39,Male,78.06,2.65,High,At Risk of Dehydration
50,Female,83.13,1.46,Low,At Risk of Dehydration
56,Male,59.66,2.5,Moderate,At Risk of Dehydration
41,Male,51.57,3.96,Moderate,Hydrated
24,Female,61.75,2.33,High,At Risk of Dehydration
30,Male,89.04,2.33,High,At Risk of Dehydration
44,Male,91.6,2.85,Moderate,At Risk of Dehydration
50,Female,71.17,3.29,Low,Hydrated
36,Female,89.1,2.14,Low,At Risk of Dehydration
52,Female,54.09,2.91,Low,Hydrated
37,Female,84.33,2.54,High,At Risk of Dehydration
55,Female,86.37,2.07,High,At Risk of Dehydration
35,Female,56.96,2.01,Moderate,At Risk of Dehydration
46,Female,72.92,2.62,Low,Hydrated
40,Male,98.05,2.84,Moderate,At Risk of Dehydration
25,Female,77.33,3.08,Low,Hydrated
41,Female,51.47,1.57,High,At Risk of Dehydration
58,Female,93.61,2.62,High,Hydrated
57,Female,73.84,1.63,Moderate,At Risk of Dehydration
43,Male,86.66,2.99,High,Hydrated
43,Male,68.42,1.51,High,At Risk of Dehydration
22,Male,75.2,1.53,High,At Risk of Dehydration
46,Female,82.94,2.88,Low,Hydrated
20,Male,77.67,1.22,Low,At Risk of Dehydration
48,Female,82.78,2.68,Low,At Risk of Dehydration
42,Male,94.69,1.48,Low,At Risk of Dehydration
43,Female,50.53,2.99,Moderate,At Risk of Dehydration
29,Female,97.38,1.46,Low,At Risk of Dehydration
37,Female,64.37,3.61,Low,Hydrated
43,Male,91.98,1.95,Low,At Risk of Dehydration
41,Female,56.42,3.52,Moderate,At Risk of Dehydration
51,Female,57.55,3.35,Low,Hydrated
58,Female,59.61,2.59,Low,At Risk of Dehydration
32,Male,99.93,3.08,High,At Risk of Dehydration
34,Female,73.34,2.16,Low,At Risk of Dehydration
25,Male,48.79,3.33,Moderate,Hydrated
43,Female,54.1,1.81,Low,Hydrated
34,Female,69.67,3.6,Low,Hydrated
52,Female,63.12,3.84,Moderate,Hydrated
47,Female,83.11,2.94,Moderate,At Risk of Dehydration
40,Male,64.76,3.45,Moderate,Hydrated
59,Female,71.14,2.58,Moderate,Hydrated
57,Female,69.99,3.84,Low,Hydrated
21,Male,87.17,1.1,Moderate,At Risk of Dehydration
21,Female,67.3,1.9,Moderate,At Risk of Dehydration
58,Male,69.75,1.38,Moderate,At Risk of Dehydration
22,Female,56.76,2.91,High,At Risk of Dehydration
33,Female,67.47,1.68,High,At Risk of Dehydration
56,Male,59.88,1.1,Low,At Risk of Dehydration
59,Male,79.59,3.98,Low,Hydrated
41,Female,85.38,2.36,High,At Risk of Dehydration
40,Female,53.37,1.34,Low,At Risk of Dehydration
33,Male,93.04,3.45,Low,Hydrated
38,Male,71.58,1.8,Low,At Risk of Dehydration
42,Female,56.76,1.01,Low,At Risk of Dehydration
45,Male,78.01,3.37,High,At Risk of Dehydration
58,Female,67.3,2.49,Low,Hydrated
39,Female,77.25,3.28,High,Hydrated
47,Male,72.73,3.52,Low,Hydrated
23,Male,86.8,2.5,Moderate,At Risk of Dehydration
58,Male,99.3,2.43,Low,At Risk of Dehydration
40,Female,86.58,2.14,Moderate,At Risk of Dehydration
27,Female,81.86,1.68,Moderate,At Risk of Dehydration
31,Female,73.31,3.46,Moderate,Hydrated
29,Male,49.01,2.85,Moderate,Hydrated
34,Male,93.34,3.22,Moderate,At Risk of Dehydration
51,Male,95.35,1.84,Moderate,At Risk of Dehydration
20,Male,99.94,3.83,Low,Hydrated
21,Male,80.23,1.73,Low,At Risk of Dehydration
42,Male,50.77,2.57,Low,Hydrated
36,Male,92.72,2.17,High,At Risk of Dehydration
56,Male,66.53,1.62,Moderate,At Risk of Dehydration
38,Female,63.58,1.74,High,At Risk of Dehydration
32,Female,75.82,1.79,Moderate,At Risk of Dehydration
31,Female,68.16,3.4,High,At Risk of Dehydration
37,Female,48.26,3.64,High,Hydrated
31,Female,95.59,1.36,Low,At Risk of Dehydration
48,Male,50.81,3.75,High,At Risk of Dehydration
46,Male,77.26,1.03,High,At Risk of Dehydration
32,Male,82.82,1.02,High,At Risk of Dehydration
36,Male,61.77,2.27,Low,At Risk of Dehydration
44,Male,76.16,1.58,Moderate,At Risk of Dehydration
56,Female,68.88,2.96,Moderate,Hydrated
46,Male,90.04,1.78,Low,At Risk of Dehydration
45,Male,79.68,2.31,Moderate,At Risk of Dehydration
54,Male,58.83,1.26,Low,At Risk of Dehydration
52,Female,62.49,1.2,Low,At Risk of Dehydration
42,Female,69.41,2.72,Low,Hydrated
32,Male,76.83,3.27,High,Hydrated
37,Female,53.18,1.51,High,At Risk of Dehydration
24,Male,94.45,3.86,Low,Hydrated
43,Female,96.97,2.61,Moderate,At Risk of Dehydration
47,Female,90.97,2.66,Moderate,At Risk of Dehydration
24,Female,61.93,3.24,High,At Risk of Dehydration
29,Male,91.49,1.36,High,At Risk of Dehydration
58,Male,50.17,1.95,High,At Risk of Dehydration
52,Male,96.58,3.83,Low,Hydrated
19,Male,94.34,1.21,Moderate,At Risk of Dehydration
43,Female,69.56,1.28,High,At Risk of Dehydration
30,Male,98.06,1.53,Moderate,At Risk of Dehydration
55,Male,99.11,3.72,High,Hydrated
43,Male,77.58,3.15,Low,At Risk of Dehydration
20,Female,69.54,2.08,Moderate,At Risk of Dehydration
54,Male,79.25,3.72,High,Hydrated
42,Male,64.13,3.39,Moderate,At Risk of Dehydration
18,Female,85.81,2.19,Low,At Risk of Dehydration
30,Male,64.57,1.45,Low,At Risk of Dehydration
18,Female,86.72,1.31,High,At Risk of Dehydration
50,Male,79.19,2.53,Moderate,At Risk of Dehydration
57,Female,68.19,3.84,High,At Risk of Dehydration
55,Female,84.26,3.96,Moderate,At Risk of Dehydration
30,Male,86.15,3.33,Moderate,At Risk of Dehydration
29,Female,50.4,1.04,High,At Risk of Dehydration
22,Male,51.96,1.22,Low,At Risk of Dehydration
31,Female,94.66,3.93,High,Hydrated
48,Male,86.91,3.49,High,Hydrated
36,Male,63.46,3.14,Low,Hydrated
37,Male,61.72,2.63,Moderate,At Risk of Dehydration
20,Female,74.68,1.42,High,At Risk of Dehydration
29,Male,78.8,3.98,High,Hydrated
49,Male,61.02,3.65,Moderate,Hydrated
39,Male,64.26,1.86,Moderate,At Risk of Dehydration
24,Female,48.3,1.57,High,At Risk of Dehydration
29,Male,60.42,3.48,Low,Hydrated
26,Male,73.93,2.05,High,At Risk of Dehydration
53,Female,93.22,1.52,High,At Risk of Dehydration
27,Female,50.8,1.0,Moderate,At Risk of Dehydration
21,Female,51.89,3.51,Moderate,At Risk of Dehydration
32,Male,98.46,3.3,Moderate,Hydrated
56,Male,66.11,3.21,Low,Hydrated
44,Female,60.16,2.01,Low,At Risk of Dehydration
20,Female,48.12,3.85,Low,At Risk of Dehydration
51,Female,56.51,1.89,Moderate,At Risk of Dehydration
40,Male,68.89,2.37,Low,At Risk of Dehydration
57,Male,56.62,2.41,High,At Risk of Dehydration
18,Female,69.57,1.68,High,At Risk of Dehydration
54,Male,55.56,1.65,Low,At Risk of Dehydration
32,Male,89.94,3.28,Low,At Risk of Dehydration
23,Female,45.67,2.96,Low,At Risk of Dehydration
31,Male,62.74,1.32,Low,At Risk of Dehydration
55,Female,99.84,1.03,Low,At Risk of Dehydration
36,Female,52.29,1.9,High,At Risk of Dehydration
48,Female,79.02,2.03,Low,Hydrated
57,Female,74.73,1.1,High,At Risk of Dehydration
39,Male,51.84,3.94,Low,Hydrated
47,Male,92.31,3.51,Low,At Risk of Dehydration
50,Male,68.21,3.13,High,At Risk of Dehydration
45,Female,90.26,3.8,High,At Risk of Dehydration
58,Female,87.98,2.87,Low,Hydrated
38,Female,71.29,2.59,Low,Hydrated
48,Female,81.18,1.1,High,At Risk of Dehydration
56,Male,76.25,1.89,High,At Risk of Dehydration
44,Male,45.39,1.9,High,At Risk of Dehydration
53,Male,72.9,2.66,Low,At Risk of Dehydration
23,Male,76.36,1.09,Moderate,At Risk of Dehydration
56,Female,47.44,3.39,Low,At Risk of Dehydration
23,Female,53.21,2.1,High,At Risk of Dehydration
36,Male,81.25,3.25,High,At Risk of Dehydration
42,Female,79.06,2.74,Low,Hydrated
49,Male,79.25,1.48,High,At Risk of Dehydration
28,Female,94.42,3.58,Low,Hydrated
24,Male,93.92,1.17,Moderate,At Risk of Dehydration
25,Male,52.15,2.4,Low,At Risk of Dehydration
47,Male,61.16,2.81,High,At Risk of Dehydration
32,Male,58.13,1.45,High,At Risk of Dehydration
40,Female,59.51,3.33,High,At Risk of Dehydration
24,Male,97.19,3.03,High,Hydrated
29,Male,60.44,3.24,Low,Hydrated
59,Male,86.08,1.45,Low,At Risk of Dehydration
53,Male,97.06,1.61,Moderate,At Risk of Dehydration
25,Female,55.93,2.9,Moderate,Hydrated
56,Female,87.9,3.14,Low,Hydrated
22,Male,58.11,2.54,Low,Hydrated
30,Male,99.48,1.91,Low,At Risk of Dehydration
56,Male,87.55,1.98,Low,Hydrated
54,Female,77.28,2.03,High,Hydrated
24,Male,65.92,2.4,Moderate,At Risk of Dehydration
43,Female,46.17,2.96,Moderate,At Risk of Dehydration
48,Female,73.36,3.26,High,At Risk of Dehydration
30,Male,47.28,2.47,High,At Risk of Dehydration
45,Male,64.99,3.54,Moderate,Hydrated
55,Male,90.76,2.62,High,Hydrated
53,Male,75.56,3.82,Moderate,At Risk of Dehydration
54,Male,51.83,3.91,Low,Hydrated
44,Female,63.73,2.23,High,At Risk of Dehydration
19,Female,97.29,3.9,Low,Hydrated
45,Male,76.87,3.79,Moderate,At Risk of Dehydration
25,Male,81.67,1.27,High,At Risk of Dehydration
49,Male,90.83,1.58,Low,At Risk of Dehydration
30,Male,76.77,2.29,Moderate,Hydrated
47,Male,78.45,3.75,High,Hydrated
43,Female,96.11,3.09,Low,At Risk of Dehydration
22,Female,96.02,2.1,Moderate,Hydrated
36,Male,81.39,3.7,Low,Hydrated
55,Male,63.45,3.34,High,At Risk of Dehydration
56,Male,45.63,3.54,High,At Risk of Dehydration
29,Female,92.74,3.38,Moderate,Hydrated
55,Female,77.14,1.59,Low,At Risk of Dehydration
23,Male,80.97,2.78,High,At Risk of Dehydration
35,Female,48.5,2.59,Low,At Risk of Dehydration
48,Male,83.74,3.98,Low,Hydrated
19,Female,77.48,2.32,High,At Risk of Dehydration
52,Female,46.36,2.91,High,At Risk of Dehydration
38,Female,80.85,3.65,High,Hydrated
45,Male,62.21,2.6,Low,At Risk of Dehydration
59,Male,47.22,2.58,High,At Risk of Dehydration
52,Female,62.53,2.65,High,At Risk of Dehydration
26,Female,46.16,1.08,Low,At Risk of Dehydration
29,Female,83.09,3.21,Low,At Risk of Dehydration
41,Female,53.14,3.26,Low,Hydrated
29,Male,66.48,1.57,Low,Hydrated
52,Female,86.53,3.57,Moderate,At Risk of Dehydration
59,Female,92.32,1.86,Low,At Risk of Dehydration
48,Male,56.45,2.87,High,At Risk of Dehydration
46,Male,77.46,2.78,Moderate,At Risk of Dehydration
22,Male,59.5,1.06,High,At Risk of Dehydration
19,Female,99.25,3.78,High,Hydrated
31,Female,74.67,2.37,Moderate,At Risk of Dehydration
31,Male,99.91,2.08,Moderate,At Risk of Dehydration
44,Female,80.49,1.02,Low,At Risk of Dehydration
24,Female,49.87,2.99,High,At Risk of Dehydration
37,Female,59.82,2.83,High,At Risk of Dehydration
38,Female,61.07,1.92,Moderate,At Risk of Dehydration
47,Male,73.56,2.88,High,At Risk of Dehydration
57,Male,85.14,1.59,High,At Risk of Dehydration
55,Female,86.92,3.14,Low,At Risk of Dehydration
39,Female,64.01,2.27,Low,At Risk of Dehydration
41,Male,64.12,2.78,Moderate,At Risk of Dehydration
54,Male,70.83,1.18,Low,At Risk of Dehydration
40,Female,63.2,2.53,Low,At Risk of Dehydration
55,Male,47.83,1.59,Low,At Risk of Dehydration
34,Female,50.34,2.12,Low,At Risk of Dehydration
22,Female,99.89,1.49,Moderate,At Risk of Dehydration
52,Female,92.56,3.46,High,At Risk of Dehydration
58,Female,86.16,3.81,Moderate,At Risk of Dehydration
36,Female,61.55,2.15,Moderate,At Risk of Dehydration
28,Female,70.62,2.5,Low,At Risk of Dehydration
54,Male,83.53,1.35,High,At Risk of Dehydration
23,Female,46.01,2.19,High,At Risk of Dehydration
25,Female,85.92,2.46,Moderate,Hydrated
18,Female,68.0,2.68,High,Hydrated
31,Male,47.23,3.58,Moderate,Hydrated
53,Male,46.92,1.24,Moderate,At Risk of Dehydration
57,Male,62.72,2.21,Low,Hydrated
27,Female,77.09,3.43,Moderate,At Risk of Dehydration
51,Male,86.14,2.37,High,At Risk of Dehydration
23,Male,45.59,1.54,Moderate,At Risk of Dehydration
37,Male,56.06,1.23,Low,At Risk of Dehydration
54,Male,82.55,2.38,High,At Risk of Dehydration
23,Female,78.51,1.42,High,At Risk of Dehydration
57,Male,71.64,1.34,Moderate,At Risk of Dehydration
57,Male,77.4,3.92,Moderate,Hydrated
39,Female,59.27,3.45,Moderate,Hydrated
40,Male,57.81,3.06,Moderate,Hydrated
21,Male,56.78,2.8,Moderate,At Risk of Dehydration
34,Male,68.65,2.74,Moderate,Hydrated
22,Female,53.47,2.67,High,Hydrated
36,Male,50.13,2.22,High,At Risk of Dehydration
25,Male,51.22,1.27,Low,At Risk of Dehydration
56,Male,71.3,1.45,Moderate,At Risk of Dehydration
37,Female,68.38,1.14,Moderate,At Risk of Dehydration
58,Female,99.52,2.17,Moderate,At Risk of Dehydration
24,Male,47.61,2.59,Moderate,Hydrated
25,Male,54.97,1.24,High,At Risk of Dehydration
20,Male,82.25,2.08,Low,At Risk of Dehydration
52,Male,57.85,1.17,Moderate,At Risk of Dehydration
31,Male,87.76,1.42,Low,At Risk of Dehydration
36,Male,50.51,1.89,Low,At Risk of Dehydration
40,Male,47.37,1.8,High,At Risk of Dehydration
52,Male,47.24,2.31,Moderate,At Risk of Dehydration
19,Female,56.26,2.16,Low,At Risk of Dehydration
26,Female,58.93,3.14,Moderate,At Risk of Dehydration
50,Female,68.25,3.89,Moderate,Hydrated
51,Male,52.58,3.46,Low,Hydrated
21,Male,97.25,3.15,Moderate,At Risk of Dehydration
54,Female,47.16,1.38,Low,At Risk of Dehydration
58,Female,51.87,1.24,High,At Risk of Dehydration
44,Female,78.85,1.08,Low,At Risk of Dehydration
40,Female,76.55,2.9,Moderate,At Risk of Dehydration
31,Male,60.0,1.8,High,At Risk of Dehydration
41,Male,78.88,2.93,Low,At Risk of Dehydration
36,Female,59.01,1.5,Moderate,At Risk of Dehydration
20,Female,60.74,3.45,Moderate,Hydrated
39,Female,54.1,2.16,Moderate,At Risk of Dehydration
49,Male,87.28,3.83,Moderate,Hydrated
42,Female,95.97,1.28,Moderate,At Risk of Dehydration
49,Male,65.4,2.4,Moderate,At Risk of Dehydration
29,Male,54.68,1.64,High,At Risk of Dehydration
40,Female,47.0,2.32,Low,At Risk of Dehydration
29,Female,71.37,2.75,Low,At Risk of Dehydration
22,Male,57.29,1.59,Moderate,At Risk of Dehydration
39,Female,82.88,1.86,Moderate,At Risk of Dehydration
52,Male,79.67,3.05,Moderate,At Risk of Dehydration
57,Male,68.16,3.03,Low,Hydrated
27,Male,70.08,2.06,High,At Risk of Dehydration
19,Male,73.36,3.77,High,Hydrated
21,Female,45.45,3.62,Low,At Risk of Dehydration
34,Female,67.58,2.86,Low,At Risk of Dehydration
44,Male,60.38,3.58,Moderate,Hydrated
42,Female,77.89,3.69,High,Hydrated
29,Male,81.78,2.93,Low,At Risk of Dehydration
51,Female,87.93,1.37,Moderate,At Risk of Dehydration
55,Male,70.28,1.62,Low,At Risk of Dehydration
48,Male,84.97,1.71,High,At Risk of Dehydration
57,Female,55.29,3.98,Moderate,Hydrated
21,Male,51.42,2.86,High,At Risk of Dehydration
48,Male,75.57,1.37,High,At Risk of Dehydration
33,Female,55.39,2.63,High,At Risk of Dehydration
49,Male,84.18,3.88,High,Hydrated
50,Male,78.97,1.17,Moderate,At Risk of Dehydration
31,Male,65.28,1.19,Moderate,At Risk of Dehydration
59,Male,45.77,3.34,Low,At Risk of Dehydration
47,Female,96.93,3.95,High,At Risk of Dehydration
19,Male,75.51,3.74,Low,At Risk of Dehydration
34,Male,74.42,1.61,Moderate,At Risk of Dehydration
18,Female,81.66,1.21,Low,At Risk of Dehydration
19,Female,88.7,1.81,Moderate,At Risk of Dehydration
33,Female,66.03,3.22,High,Hydrated
29,Male,77.95,4.0,High,At Risk of Dehydration
49,Female,95.08,3.83,Moderate,Hydrated
41,Male,87.76,1.82,Low,At Risk of Dehydration
28,Male,50.76,1.27,High,At Risk of Dehydration
47,Female,61.61,1.43,Moderate,At Risk of Dehydration
40,Female,64.77,2.82,Low,At Risk of Dehydration
42,Male,97.49,1.79,Moderate,At Risk of Dehydration
56,Female,60.34,1.43,Moderate,At Risk of Dehydration
42,Male,79.89,2.44,High,At Risk of Dehydration
19,Female,82.38,1.45,Low,At Risk of Dehydration
39,Male,58.13,1.63,Low,At Risk of Dehydration
29,Female,60.92,2.16,High,At Risk of Dehydration
59,Female,86.09,3.71,Low,Hydrated
40,Female,82.02,1.75,High,Hydrated
47,Female,50.16,1.9,High,At Risk of Dehydration
50,Male,66.06,3.0,High,At Risk of Dehydration
30,Male,61.36,3.15,High,At Risk of Dehydration
26,Male,95.41,3.49,Low,Hydrated
29,Male,83.64,2.48,Moderate,At Risk of Dehydration
49,Male,46.61,1.83,Moderate,At Risk of Dehydration
42,Male,58.04,1.79,High,At Risk of Dehydration
39,Female,76.54,2.47,Low,Hydrated
38,Female,71.45,3.85,High,At Risk of Dehydration
54,Male,94.82,1.95,High,At Risk of Dehydration
47,Male,81.66,3.01,Low,At Risk of Dehydration
58,Female,61.16,1.1,Moderate,At Risk of Dehydration
49,Male,90.6,2.08,Low,Hydrated
35,Female,85.18,2.9,Low,At Risk of Dehydration
44,Female,86.46,2.15,High,At Risk of Dehydration
54,Female,49.25,3.39,Low,Hydrated
25,Male,90.48,3.94,Moderate,At Risk of Dehydration
50,Female,67.17,2.21,Low,Hydrated
29,Female,79.96,3.59,Low,Hydrated
36,Male,64.35,2.22,Moderate,At Risk of Dehydration
25,Female,83.93,2.77,Moderate,At Risk of Dehydration
26,Female,94.24,3.94,High,Hydrated
57,Female,62.07,1.94,Moderate,At Risk of Dehydration
48,Female,70.7,2.82,High,At Risk of Dehydration
22,Female,86.72,1.19,High,At Risk of Dehydration
44,Male,87.75,2.56,Low,At Risk of Dehydration
33,Female,88.45,3.6,Moderate,Hydrated
21,Male,83.11,1.73,Moderate,At Risk of Dehydration
43,Female,85.0,3.8,High,Hydrated
52,Male,62.93,1.24,High,At Risk of Dehydration
24,Male,55.85,3.61,Moderate,Hydrated
32,Female,86.56,2.09,High,At Risk of Dehydration
41,Male,45.07,1.86,Moderate,At Risk of Dehydration
55,Female,72.94,1.55,Moderate,At Risk of Dehydration
50,Male,58.45,2.86,High,At Risk of Dehydration
52,Female,65.31,3.14,High,At Risk of Dehydration
58,Male,96.96,2.92,Moderate,Hydrated
24,Male,47.25,1.95,Moderate,At Risk of Dehydration
50,Female,75.06,1.74,Low,At Risk of Dehydration
40,Female,79.01,2.2,High,At Risk of Dehydration
57,Male,87.35,1.93,High,At Risk of Dehydration
26,Male,65.15,1.76,Moderate,At Risk of Dehydration
21,Female,50.09,1.33,Low,At Risk of Dehydration
32,Male,88.73,3.07,Low,At Risk of Dehydration
28,Female,68.84,1.57,Moderate,At Risk of Dehydration
24,Male,71.33,2.79,Low,At Risk of Dehydration
30,Female,85.1,3.85,Moderate,Hydrated
55,Male,94.14,1.21,Moderate,At Risk of Dehydration
58,Male,77.25,1.38,High,At Risk of Dehydration
21,Female,73.84,3.94,High,Hydrated
28,Male,69.25,3.69,High,At Risk of Dehydration
22,Male,53.23,2.18,Low,At Risk of Dehydration
29,Female,51.8,1.99,Moderate,At Risk of Dehydration
52,Male,73.97,3.41,Low,Hydrated
37,Female,96.76,1.5,Moderate,At Risk of Dehydration
59,Male,50.05,3.12,Moderate,Hydrated
46,Female,58.71,1.85,Low,Hydrated
30,Female,88.44,2.3,High,At Risk of Dehydration
45,Female,59.36,1.79,High,At Risk of Dehydration
45,Male,64.96,3.03,Low,At Risk of Dehydration
20,Male,69.37,1.74,Moderate,At Risk of Dehydration
21,Male,55.82,1.85,High,At Risk of Dehydration
20,Female,71.9,2.73,High,At Risk of Dehydration
36,Female,87.76,1.86,Moderate,At Risk of Dehydration
38,Male,75.56,3.86,Low,Hydrated
50,Male,46.26,3.27,Moderate,Hydrated
45,Female,61.79,2.6,High,At Risk of Dehydration
43,Male,56.74,1.13,Moderate,Hydrated
39,Male,56.8,3.64,Moderate,Hydrated
23,Female,48.23,1.8,Moderate,At Risk of Dehydration
48,Female,70.8,1.44,High,At Risk of Dehydration
33,Male,64.33,1.76,High,At Risk of Dehydration
40,Male,66.93,3.84,Low,Hydrated
20,Female,59.52,1.26,Moderate,At Risk of Dehydration
56,Female,78.06,2.59,High,Hydrated
36,Female,54.9,3.37,Moderate,Hydrated
22,Male,49.87,1.03,Low,Hydrated
41,Female,88.59,1.37,High,At Risk of Dehydration
52,Female,62.81,2.94,Moderate,Hydrated
30,Female,82.46,3.04,High,At Risk of Dehydration
19,Female,79.79,1.98,High,At Risk of Dehydration
41,Male,75.86,1.57,Moderate,At Risk of Dehydration
19,Male,61.65,2.63,Low,At Risk of Dehydration
50,Female,46.78,1.75,High,At Risk of Dehydration
25,Male,92.8,1.14,Moderate,Hydrated
39,Female,74.05,1.92,Low,At Risk of Dehydration
43,Female,53.76,2.92,Low,Hydrated
24,Female,82.81,3.14,High,Hydrated
52,Male,67.49,3.33,Moderate,At Risk of Dehydration
31,Male,45.08,1.87,High,At Risk of Dehydration
45,Male,78.17,1.28,Moderate,At Risk of Dehydration
21,Male,98.11,1.37,Low,At Risk of Dehydration
42,Male,57.23,1.07,Moderate,At Risk of Dehydration
37,Male,85.36,2.08,Moderate,At Risk of Dehydration
36,Male,51.57,2.78,High,At Risk of Dehydration
28,Female,77.8,3.73,High,At Risk of Dehydration
33,Male,58.14,2.6,Low,Hydrated
30,Male,74.98,2.2,Low,At Risk of Dehydration
42,Female,98.45,1.9,Low,Hydrated
50,Male,92.31,2.01,Moderate,At Risk of Dehydration
51,Female,84.26,2.45,Moderate,Hydrated
23,Female,81.77,3.71,Low,At Risk of Dehydration
32,Female,54.57,2.09,Low,At Risk of Dehydration
37,Female,80.54,2.11,Low,At Risk of Dehydration
42,Male,77.7,2.03,Moderate,At Risk of Dehydration
22,Female,63.9,2.36,High,Hydrated
48,Female,82.18,1.46,High,At Risk of Dehydration
23,Female,46.95,1.12,Low,At Risk of Dehydration
56,Male,95.66,3.64,Low,At Risk of Dehydration
29,Male,78.08,1.36,Moderate,At Risk of Dehydration
34,Female,71.66,1.63,Low,At Risk of Dehydration
46,Male,84.75,2.1,High,At Risk of Dehydration
28,Female,81.62,3.2,Low,Hydrated
42,Male,52.9,3.6,Low,At Risk of Dehydration
53,Female,51.92,3.23,Moderate,At Risk of Dehydration
38,Male,80.09,1.19,Moderate,At Risk of Dehydration
51,Female,67.55,1.17,Low,At Risk of Dehydration
42,Male,89.57,3.97,High,Hydrated
20,Female,94.42,3.56,Moderate,Hydrated
35,Male,98.19,2.37,High,At Risk of Dehydration
20,Female,90.86,2.7,Low,At Risk of Dehydration
28,Male,75.65,2.21,High,At Risk of Dehydration
23,Male,89.47,2.93,High,At Risk of Dehydration
28,Male,46.79,2.88,Low,Hydrated
56,Female,71.29,2.58,High,At Risk of Dehydration
42,Male,63.93,3.97,High,Hydrated
25,Female,76.23,2.01,Low,At Risk of Dehydration
44,Female,83.6,2.53,High,At Risk of Dehydration
35,Male,76.13,1.29,Low,Hydrated
26,Male,76.5,1.46,Moderate,At Risk of Dehydration
21,Female,92.33,2.79,High,At Risk of Dehydration
53,Female,72.72,1.3,Low,At Risk of Dehydration
27,Female,96.54,1.05,High,At Risk of Dehydration
35,Female,69.77,1.86,High,At Risk of Dehydration
45,Male,45.27,2.87,Moderate,At Risk of Dehydration
51,Male,81.78,3.32,Low,Hydrated
25,Female,85.14,3.52,Low,Hydrated
36,Male,66.25,1.56,Low,At Risk of Dehydration
42,Male,96.84,3.7,Low,Hydrated
23,Male,72.01,2.77,Low,At Risk of Dehydration
57,Male,95.91,3.77,Moderate,Hydrated
30,Female,96.93,3.25,Moderate,Hydrated
52,Female,78.18,2.07,Low,At Risk of Dehydration
29,Female,76.14,1.02,Moderate,At Risk of Dehydration
43,Male,58.05,1.24,Low,At Risk of Dehydration
46,Female,60.43,1.93,Moderate,At Risk of Dehydration
28,Male,56.53,1.7,High,At Risk of Dehydration
39,Male,71.5,2.06,Low,At Risk of Dehydration
19,Male,89.74,3.32,Low,At Risk of Dehydration
38,Female,64.44,1.72,Moderate,At Risk of Dehydration
42,Female,47.33,2.33,Low,At Risk of Dehydration
42,Female,59.38,1.61,High,At Risk of Dehydration
34,Male,75.1,3.9,Moderate,Hydrated
24,Female,94.57,1.52,Low,At Risk of Dehydration
31,Female,77.68,3.8,Low,Hydrated
28,Female,91.66,1.79,High,At Risk of Dehydration
42,Female,58.0,1.4,Low,At Risk of Dehydration
24,Female,47.41,2.27,High,Hydrated
57,Female,85.85,2.9,Low,At Risk of Dehydration
29,Male,56.77,3.61,Low,Hydrated
38,Male,65.96,1.31,Low,At Risk of Dehydration
58,Female,86.2,3.94,High,Hydrated
35,Female,58.03,1.24,Moderate,At Risk of Dehydration
40,Female,55.12,2.4,Low,Hydrated
27,Female,68.27,2.02,Moderate,Hydrated
33,Female,54.03,1.92,High,At Risk of Dehydration
33,Male,55.17,3.73,High,Hydrated
18,Female,93.9,3.11,Moderate,At Risk of Dehydration
35,Female,87.5,2.77,High,Hydrated
48,Female,52.82,2.79,High,Hydrated
48,Male,85.64,2.68,Low,At Risk of Dehydration
53,Male,56.77,1.77,High,At Risk of Dehydration
41,Female,96.27,2.86,High,Hydrated
28,Female,66.26,3.47,Moderate,Hydrated
45,Male,48.15,1.15,Moderate,At Risk of Dehydration
54,Male,57.26,1.0,Moderate,At Risk of Dehydration
52,Male,48.84,1.99,Low,At Risk of Dehydration
55,Female,86.14,3.67,Moderate,Hydrated
46,Female,51.45,3.25,High,At Risk of Dehydration
42,Male,56.32,1.58,Moderate,At Risk of Dehydration
24,Female,63.13,2.27,Moderate,At Risk of Dehydration
34,Female,98.49,3.83,Low,Hydrated
30,Female,76.28,3.19,Moderate,Hydrated
46,Female,78.09,2.99,High,Hydrated
25,Female,90.61,2.81,High,At Risk of Dehydration
31,Male,68.81,2.37,Moderate,Hydrated
59,Male,71.28,2.87,High,At Risk of Dehydration
34,Male,77.22,2.6,Moderate,Hydrated
24,Female,67.32,1.25,High,At Risk of Dehydration
18,Female,46.66,3.6,Moderate,Hydrated
26,Female,82.73,3.93,Low,Hydrated
21,Female,78.42,2.48,Moderate,At Risk of Dehydration
45,Female,53.01,3.41,Moderate,At Risk of Dehydration
21,Female,72.52,1.52,Moderate,At Risk of Dehydration
36,Female,51.36,1.21,High,At Risk of Dehydration
58,Female,79.6,2.61,Low,Hydrated
46,Male,98.04,2.9,Low,Hydrated
19,Female,56.65,1.74,Low,At Risk of Dehydration
47,Female,62.92,1.02,Low,At Risk of Dehydration
52,Female,76.74,1.56,Low,At Risk of Dehydration
51,Female,91.49,1.39,Low,At Risk of Dehydration
19,Male,78.82,2.12,Moderate,At Risk of Dehydration
47,Male,55.91,1.21,High,At Risk of Dehydration
28,Female,64.62,3.42,High,Hydrated
50,Male,79.42,2.53,Low,Hydrated
37,Female,88.4,2.09,Moderate,At Risk of Dehydration
43,Female,83.72,2.91,Low,At Risk of Dehydration
25,Female,77.01,3.13,High,At Risk of Dehydration
36,Male,99.31,2.46,Low,Hydrated
52,Male,72.99,1.61,High,At Risk of Dehydration
35,Female,99.37,3.79,Moderate,Hydrated
30,Female,69.48,1.78,High,At Risk of Dehydration
51,Male,72.42,3.05,High,At Risk of Dehydration
53,Male,46.63,3.56,Moderate,Hydrated
20,Female,60.82,2.9,Low,Hydrated
31,Male,52.26,3.34,High,Hydrated
54,Male,96.84,2.67,High,At Risk of Dehydration
38,Female,61.19,2.58,Low,At Risk of Dehydration
24,Female,64.85,1.2,Low,At Risk of Dehydration
44,Female,94.13,1.92,Moderate,At Risk of Dehydration
34,Male,81.36,3.78,Low,Hydrated
53,Female,93.5,3.69,High,Hydrated
33,Male,74.45,1.85,High,At Risk of Dehydration
32,Male,59.97,3.46,Low,At Risk of Dehydration
55,Female,75.45,3.35,High,Hydrated
40,Male,74.49,3.72,Moderate,Hydrated
33,Male,66.72,3.97,High,Hydrated
53,Male,82.34,1.32,Moderate,At Risk of Dehydration
39,Female,45.07,3.36,Low,Hydrated
57,Female,70.19,3.84,Low,Hydrated
25,Female,45.4,2.49,Moderate,At Risk of Dehydration
26,Male,98.76,1.59,Moderate,At Risk of Dehydration
28,Female,84.06,2.09,High,At Risk of Dehydration
53,Male,76.99,3.81,Low,Hydrated
31,Male,79.9,1.52,Low,At Risk of Dehydration
38,Male,50.85,2.94,Low,Hydrated
18,Female,56.04,2.66,Low,Hydrated
43,Male,62.12,3.95,High,At Risk of Dehydration
25,Male,54.83,2.42,Moderate,At Risk of Dehydration
41,Male,60.82,3.76,Moderate,Hydrated
46,Female,73.94,3.86,Low,At Risk of Dehydration
28,Female,64.26,1.82,Moderate,At Risk of Dehydration
57,Male,53.44,1.83,High,At Risk of Dehydration
51,Male,50.36,1.95,High,At Risk of Dehydration
38,Male,84.91,3.38,Low,At Risk of Dehydration
50,Female,52.4,2.98,Moderate,At Risk of Dehydration
53,Female,89.39,1.36,Low,At Risk of Dehydration
27,Male,75.09,2.89,Low,Hydrated
54,Female,81.56,1.48,Low,At Risk of Dehydration
45,Male,67.36,1.1,Low,At Risk of Dehydration
27,Male,69.94,2.6,High,Hydrated
57,Male,69.39,2.57,Low,At Risk of Dehydration
34,Female,49.21,3.46,High,At Risk of Dehydration
23,Male,48.76,2.75,High,Hydrated
24,Female,90.33,1.12,Moderate,At Risk of Dehydration
58,Male,57.07,2.32,Moderate,At Risk of Dehydration
46,Male,78.46,2.96,High,Hydrated
21,Male,55.09,1.27,Moderate,At Risk of Dehydration
31,Male,92.11,2.28,Low,At Risk of Dehydration
38,Female,66.89,1.81,High,At Risk of Dehydration
57,Male,83.44,3.13,High,Hydrated
55,Female,91.26,1.98,Moderate,At Risk of Dehydration
57,Female,79.94,3.66,Moderate,At Risk of Dehydration
37,Male,54.79,1.76,High,At Risk of Dehydration
24,Female,61.84,1.7,Low,At Risk of Dehydration
37,Female,73.87,1.04,Low,At Risk of Dehydration
35,Female,64.26,1.58,Moderate,At Risk of Dehydration
54,Female,96.49,3.38,High,At Risk of Dehydration
48,Female,77.62,3.69,Moderate,Hydrated
43,Female,55.21,1.21,High,At Risk of Dehydration
45,Female,51.08,2.72,Moderate,At Risk of Dehydration
29,Female,83.03,1.0,Moderate,At Risk of Dehydration
39,Male,73.72,3.02,Moderate,At Risk of Dehydration
34,Male,61.51,1.62,Low,At Risk of Dehydration
58,Female,45.36,2.73,Low,At Risk of Dehydration
47,Female,53.66,3.03,Low,Hydrated
47,Female,90.34,3.22,Moderate,At Risk of Dehydration
38,Female,89.8,3.36,Low,At Risk of Dehydration
50,Female,81.8,3.75,Low,At Risk of Dehydration
32,Female,78.32,1.16,Low,At Risk of Dehydration
34,Female,86.12,2.81,Moderate,At Risk of Dehydration
23,Male,92.39,2.53,High,Hydrated
57,Female,69.98,1.2,Low,At Risk of Dehydration
58,Female,56.01,1.51,Moderate,At Risk of Dehydration
37,Female,94.62,1.27,Moderate,At Risk of Dehydration
45,Female,89.13,3.94,High,At Risk of Dehydration
21,Female,77.5,1.88,Low,At Risk of Dehydration
23,Male,50.8,3.52,Moderate,Hydrated
31,Male,72.38,2.69,Moderate,At Risk of Dehydration
28,Male,64.82,1.43,Moderate,At Risk of Dehydration
48,Male,60.08,2.23,Low,At Risk of Dehydration
54,Male,49.09,3.51,High,At Risk of Dehydration
51,Female,92.63,3.37,Moderate,At Risk of Dehydration
57,Male,91.06,1.28,Low,At Risk of Dehydration
56,Female,55.07,1.05,Moderate,At Risk of Dehydration
38,Male,63.27,3.63,High,Hydrated
34,Female,45.25,3.86,Moderate,At Risk of Dehydration
29,Male,99.58,1.5,Low,At Risk of Dehydration
19,Female,94.56,2.64,Low,Hydrated
33,Male,51.14,1.53,Low,Hydrated
29,Male,68.78,2.23,Low,Hydrated
25,Male,49.75,3.94,Moderate,Hydrated
30,Male,59.52,3.64,Low,At Risk of Dehydration
58,Male,98.53,1.31,High,At Risk of Dehydration
18,Female,86.61,1.39,Low,At Risk of Dehydration
49,Male,83.2,2.63,Moderate,Hydrated
49,Female,84.93,2.68,Moderate,At Risk of Dehydration
37,Male,86.47,3.7,High,At Risk of Dehydration
43,Male,68.8,3.83,Low,Hydrated
51,Female,58.62,3.6,High,Hydrated
30,Male,46.07,2.91,High,Hydrated
43,Female,67.19,3.76,Low,Hydrated
21,Male,66.53,3.52,High,At Risk of Dehydration
34,Female,99.84,3.17,High,At Risk of Dehydration
32,Female,72.77,2.13,High,At Risk of Dehydration
58,Male,55.29,2.93,High,At Risk of Dehydration
36,Male,68.87,3.98,Moderate,Hydrated
31,Male,70.76,1.97,Moderate,At Risk of Dehydration
47,Female,50.68,3.87,Moderate,At Risk of Dehydration
46,Female,96.17,3.5,High,Hydrated
40,Female,83.04,3.89,Moderate,Hydrated
57,Male,93.86,3.84,High,Hydrated
18,Female,85.96,1.91,Low,At Risk of Dehydration
43,Male,71.88,1.67,High,At Risk of Dehydration
35,Female,58.89,1.65,High,At Risk of Dehydration
18,Male,84.52,2.11,High,At Risk of Dehydration
43,Male,87.84,3.91,Low,Hydrated
38,Male,67.48,2.33,Moderate,At Risk of Dehydration
22,Male,82.22,1.33,Moderate,At Risk of Dehydration
57,Female,73.55,1.39,High,At Risk of Dehydration
43,Female,93.33,2.25,Moderate,At Risk of Dehydration
33,Male,86.65,1.44,Low,At Risk of Dehydration
52,Female,85.43,1.02,High,At Risk of Dehydration
42,Male,68.44,3.17,High,Hydrated
58,Female,87.55,3.29,Low,Hydrated
28,Female,74.55,1.12,Moderate,At Risk of Dehydration
57,Male,52.02,1.8,High,At Risk of Dehydration
38,Male,54.52,1.53,Low,At Risk of Dehydration
21,Male,91.06,2.09,Low,At Risk of Dehydration
28,Male,88.31,2.21,Low,At Risk of Dehydration
46,Male,78.52,1.86,Moderate,At Risk of Dehydration
35,Male,56.15,1.15,High,At Risk of Dehydration
52,Male,81.33,2.89,High,At Risk of Dehydration
26,Female,87.75,2.56,Moderate,At Risk of Dehydration
51,Female,61.25,3.22,Moderate,Hydrated
53,Female,67.58,1.64,Low,At Risk of Dehydration
44,Male,64.19,2.62,Moderate,Hydrated
37,Female,62.95,2.63,Low,At Risk of Dehydration
59,Male,58.43,1.92,Low,At Risk of Dehydration
52,Female,91.57,3.67,Low,At Risk of Dehydration
22,Female,49.09,1.53,High,At Risk of Dehydration
42,Male,84.0,2.14,High,At Risk of Dehydration
38,Female,78.23,1.86,Moderate,At Risk of Dehydration
44,Female,50.42,3.38,High,Hydrated
24,Male,90.68,1.86,High,At Risk of Dehydration
23,Male,48.59,1.78,High,At Risk of Dehydration
35,Female,57.21,2.18,Low,At Risk of Dehydration
48,Female,74.56,2.18,High,At Risk of Dehydration
42,Male,65.91,2.07,High,At Risk of Dehydration
37,Male,67.93,2.71,High,At Risk of Dehydration
48,Male,87.13,2.89,High,Hydrated
33,Male,85.07,1.05,Low,At Risk of Dehydration
44,Male,53.18,3.76,High,Hydrated
37,Male,63.41,2.79,High,At Risk of Dehydration
32,Male,86.13,1.45,Moderate,At Risk of Dehydration
52,Male,88.25,3.71,Low,Hydrated
25,Male,77.89,2.01,Moderate,At Risk of Dehydration
47,Female,79.5,1.8,Low,At Risk of Dehydration
45,Female,45.1,1.34,High,At Risk of Dehydration
41,Male,97.75,1.68,High,At Risk of Dehydration
54,Female,95.51,2.43,High,At Risk of Dehydration
29,Female,71.17,1.5,Low,At Risk of Dehydration
32,Male,91.41,3.28,High,Hydrated
24,Male,95.29,2.31,Moderate,At Risk of Dehydration
20,Female,67.31,3.04,Moderate,Hydrated
18,Male,48.21,2.98,High,Hydrated
51,Female,46.29,2.57,Low,At Risk of Dehydration
41,Male,74.64,1.25,High,At Risk of Dehydration
34,Male,74.66,2.08,Moderate,At Risk of Dehydration
46,Female,69.17,3.87,Low,At Risk of Dehydration
27,Male,64.54,1.7,Moderate,At Risk of Dehydration
49,Female,69.51,3.09,Low,Hydrated
58,Male,53.04,1.66,Moderate,Hydrated
19,Female,59.54,2.04,Low,Hydrated
21,Male,74.62,1.34,Low,At Risk of Dehydration
54,Male,90.98,3.55,Moderate,Hydrated
55,Male,64.48,1.26,Moderate,At Risk of Dehydration
34,Male,92.64,2.04,High,At Risk of Dehydration
54,Male,81.96,2.04,High,At Risk of Dehydration
50,Female,87.28,2.14,Low,At Risk of Dehydration
35,Female,60.06,2.66,High,At Risk of Dehydration
20,Male,71.36,1.26,Low,At Risk of Dehydration
23,Male,73.53,3.69,Moderate,Hydrated
23,Male,73.25,1.78,High,At Risk of Dehydration
50,Male,95.83,3.88,High,Hydrated
38,Female,57.48,2.34,Moderate,Hydrated
20,Female,46.99,3.31,Moderate,Hydrated
40,Female,77.72,3.94,Low,At Risk of Dehydration
20,Female,98.41,1.21,Low,At Risk of Dehydration
49,Male,95.58,2.19,Low,Hydrated
41,Male,95.54,1.3,Moderate,At Risk of Dehydration
42,Male,79.18,3.77,High,At Risk of Dehydration
58,Female,67.01,1.01,Low,At Risk of Dehydration
39,Male,78.33,1.47,Moderate,At Risk of Dehydration
30,Female,66.05,3.76,Moderate,Hydrated
39,Female,46.84,2.88,Low,At Risk of Dehydration
46,Male,45.18,1.43,Low,At Risk of Dehydration
35,Female,73.41,2.42,Moderate,At Risk of Dehydration
38,Female,54.25,2.52,Low,Hydrated
58,Female,49.63,3.88,Low,Hydrated
41,Female,58.95,3.61,High,At Risk of Dehydration
34,Male,87.72,1.09,Moderate,At Risk of Dehydration
32,Female,70.06,3.71,Moderate,Hydrated
52,Female,99.85,3.74,Low,At Risk of Dehydration
43,Male,89.22,3.03,Moderate,At Risk of Dehydration
30,Male,65.84,1.71,Low,Hydrated
32,Male,93.94,3.62,Moderate,Hydrated
22,Female,50.01,2.74,Moderate,At Risk of Dehydration
21,Female,56.58,3.18,Low,Hydrated
57,Male,96.21,3.35,Low,Hydrated
33,Male,66.93,1.07,High,At Risk of Dehydration
19,Female,49.39,3.65,Low,Hydrated
38,Female,54.24,2.01,Low,At Risk of Dehydration
20,Male,79.81,3.79,Moderate,Hydrated
58,Female,52.21,3.79,High,Hydrated
55,Male,64.95,3.82,Low,Hydrated
51,Male,72.03,3.2,Low,Hydrated
49,Male,47.96,1.52,High,Hydrated
33,Female,95.38,1.82,High,At Risk of Dehydration
35,Female,74.18,2.66,Low,At Risk of Dehydration
40,Female,81.82,2.44,High,At Risk of Dehydration
22,Female,51.92,3.77,High,Hydrated
47,Male,68.32,3.5,Moderate,Hydrated
49,Male,83.99,2.21,High,At Risk of Dehydration
35,Male,92.95,3.71,Moderate,Hydrated
30,Male,54.19,3.73,Low,Hydrated
31,Male,96.59,2.36,High,At Risk of Dehydration
18,Female,90.85,3.58,High,Hydrated
38,Male,75.84,1.23,Low,Hydrated
40,Female,68.31,1.7,Moderate,At Risk of Dehydration
36,Male,89.16,1.16,Low,At Risk of Dehydration
29,Female,54.02,1.85,Low,At Risk of Dehydration
31,Female,65.41,1.66,High,At Risk of Dehydration
54,Male,81.36,2.09,High,At Risk of Dehydration
26,Male,54.42,1.93,High,At Risk of Dehydration
29,Female,66.75,2.92,Moderate,At Risk of Dehydration
31,Female,53.88,3.85,High,At Risk of Dehydration
59,Female,91.51,2.93,High,At Risk of Dehydration
35,Female,95.47,1.28,High,At Risk of Dehydration
57,Female,57.71,2.0,High,At Risk of Dehydration
42,Male,93.34,2.3,High,At Risk of Dehydration
54,Female,87.11,3.58,High,Hydrated
47,Male,58.82,3.1,Moderate,At Risk of Dehydration
22,Male,97.65,1.95,High,At Risk of Dehydration
28,Male,46.66,2.47,Moderate,At Risk of Dehydration
29,Male,77.72,3.75,High,Hydrated
47,Male,95.37,1.2,High,At Risk of Dehydration
37,Male,60.77,2.59,Moderate,At Risk of Dehydration
18,Female,63.6,2.67,Moderate,At Risk of Dehydration
33,Female,66.83,3.96,Moderate,Hydrated
26,Male,79.74,3.06,Low,Hydrated
37,Male,66.97,1.88,High,At Risk of Dehydration
36,Male,98.71,1.78,Moderate,At Risk of Dehydration
48,Female,68.21,2.03,Moderate,At Risk of Dehydration
22,Male,57.12,2.09,Low,At Risk of Dehydration
54,Male,99.85,3.01,Moderate,Hydrated
57,Female,85.9,2.7,High,At Risk of Dehydration
23,Female,80.41,3.96,High,At Risk of Dehydration
29,Male,57.62,3.11,Moderate,Hydrated
50,Male,81.05,3.2,Low,Hydrated
51,Male,65.74,3.92,High,At Risk of Dehydration
19,Male,63.75,1.88,Moderate,Hydrated
31,Female,83.17,1.1,High,At Risk of Dehydration
43,Female,98.06,2.36,High,At Risk of Dehydration
25,Male,80.37,2.43,Low,Hydrated
58,Male,82.75,1.53,Low,At Risk of Dehydration
21,Male,91.24,2.98,Moderate,At Risk of Dehydration
19,Male,66.38,1.68,Moderate,At Risk of Dehydration
20,Female,60.7,2.93,Moderate,Hydrated
35,Female,49.62,3.07,Low,At Risk of Dehydration
27,Female,95.27,1.53,High,At Risk of Dehydration
25,Male,86.86,3.55,Moderate,Hydrated
30,Female,68.38,3.52,Moderate,Hydrated
37,Female,81.21,3.92,Moderate,Hydrated
56,Male,64.85,1.85,High,Hydrated
36,Male,80.27,1.06,Low,At Risk of Dehydration
56,Female,89.25,1.35,High,At Risk of Dehydration
56,Female,53.81,2.64,Moderate,Hydrated
55,Male,69.74,1.86,Moderate,At Risk of Dehydration
44,Male,62.51,3.02,Moderate,Hydrated
49,Male,94.72,2.56,High,At Risk of Dehydration
48,Male,75.32,1.24,High,At Risk of Dehydration
26,Male,49.47,3.22,High,Hydrated
49,Male,54.88,3.46,High,Hydrated
40,Female,70.58,1.78,Low,At Risk of Dehydration
32,Male,95.33,2.82,High,At Risk of Dehydration
33,Male,62.16,2.99,Moderate,At Risk of Dehydration
23,Female,98.11,1.76,High,At Risk of Dehydration
22,Female,80.27,1.27,Low,At Risk of Dehydration
50,Male,86.42,2.22,Moderate,At Risk of Dehydration
43,Male,87.13,1.59,Moderate,At Risk of Dehydration
32,Male,68.4,1.75,Moderate,At Risk of Dehydration
26,Male,81.26,1.15,Moderate,At Risk of Dehydration
52,Female,50.07,2.28,High,At Risk of Dehydration
29,Male,74.34,1.71,Moderate,At Risk of Dehydration
34,Female,85.24,2.28,Moderate,At Risk of Dehydration
21,Female,58.25,3.98,High,Hydrated
37,Female,55.54,3.21,Low,At Risk of Dehydration
59,Female,73.83,3.88,High,Hydrated
36,Female,48.22,2.08,Low,Hydrated
22,Male,80.64,1.43,High,At Risk of Dehydration
41,Male,76.59,2.92,High,At Risk of Dehydration
37,Female,51.6,3.58,High,Hydrated
30,Female,69.73,1.01,Low,At Risk of Dehydration
24,Male,50.65,3.92,Moderate,Hydrated
56,Female,95.59,1.68,High,At Risk of Dehydration
55,Male,51.48,2.3,Low,Hydrated
49,Female,78.7,3.79,Moderate,Hydrated
44,Male,78.25,3.92,Low,Hydrated
27,Female,49.86,3.32,High,Hydrated
28,Male,75.49,3.21,Low,At Risk of Dehydration
18,Female,99.86,2.94,Low,At Risk of Dehydration
43,Female,59.11,2.24,High,Hydrated
38,Male,79.78,2.15,High,At Risk of Dehydration
32,Male,73.37,2.81,High,Hydrated
30,Male,71.94,1.76,Low,At Risk of Dehydration
28,Female,80.46,4.0,Moderate,At Risk of Dehydration
19,Male,61.29,1.29,High,At Risk of Dehydration
18,Female,52.17,3.28,High,At Risk of Dehydration
59,Male,81.25,2.85,Moderate,At Risk of Dehydration
24,Male,55.23,1.81,Low,At Risk of Dehydration
38,Female,74.0,1.76,Moderate,At Risk of Dehydration
52,Male,45.88,2.52,High,At Risk of Dehydration
19,Female,98.81,1.96,Moderate,At Risk of Dehydration
56,Female,64.34,2.72,Moderate,At Risk of Dehydration
38,Male,83.9,3.12,High,At Risk of Dehydration
37,Female,62.8,3.18,High,Hydrated
21,Male,50.02,2.41,Low,At Risk of Dehydration
41,Female,96.91,1.78,Moderate,At Risk of Dehydration
56,Male,50.13,2.05,Low,Hydrated
52,Male,49.64,2.83,High,Hydrated
57,Female,71.94,2.87,Moderate,At Risk of Dehydration
51,Male,47.62,3.4,Moderate,Hydrated
41,Female,57.93,2.45,Low,At Risk of Dehydration
51,Female,87.08,1.14,Moderate,At Risk of Dehydration
57,Female,92.65,2.99,High,Hydrated
34,Male,63.02,3.53,Low,Hydrated
27,Female,58.4,3.72,Low,Hydrated
28,Female,95.67,2.44,Low,Hydrated
19,Male,61.72,1.51,High,At Risk of Dehydration
44,Female,50.07,2.39,High,At Risk of Dehydration
21,Female,89.93,2.79,Low,Hydrated
38,Male,61.61,2.02,High,At Risk of Dehydration
20,Female,71.81,3.52,Moderate,Hydrated
26,Female,79.69,2.6,Low,At Risk of Dehydration
38,Male,81.95,2.23,High,Hydrated
55,Male,96.05,1.93,Moderate,At Risk of Dehydration
53,Female,61.82,3.36,Low,At Risk of Dehydration
24,Female,87.74,1.89,Low,Hydrated
33,Female,84.38,2.64,Moderate,At Risk of Dehydration
57,Male,53.89,1.9,Low,Hydrated
25,Male,48.59,1.08,Low,At Risk of Dehydration
31,Male,77.07,1.29,Moderate,At Risk of Dehydration
31,Female,97.62,2.28,High,At Risk of Dehydration
53,Male,81.04,1.19,High,At Risk of Dehydration
37,Male,92.29,2.15,Moderate,At Risk of Dehydration
37,Female,89.23,3.86,Moderate,Hydrated
45,Male,45.85,2.74,Low,Hydrated
56,Male,75.7,1.33,Moderate,At Risk of Dehydration
58,Male,78.23,1.74,Moderate,At Risk of Dehydration
53,Male,47.6,3.56,High,Hydrated
39,Male,71.25,3.62,High,Hydrated
59,Male,85.58,2.97,High,At Risk of Dehydration
51,Male,76.81,3.27,Low,At Risk of Dehydration
30,Female,84.26,3.65,High,At Risk of Dehydration
49,Female,98.6,2.56,Moderate,Hydrated
32,Male,93.21,2.63,Moderate,Hydrated
22,Female,95.95,1.36,Low,At Risk of Dehydration
46,Male,63.07,2.33,High,At Risk of Dehydration
29,Male,80.23,2.69,Low,Hydrated
18,Male,61.64,1.49,Low,At Risk of Dehydration
52,Male,80.12,2.18,Low,At Risk of Dehydration
50,Female,65.21,1.34,Low,At Risk of Dehydration
41,Female,48.1,2.46,Low,At Risk of Dehydration
45,Male,92.55,1.56,High,At Risk of Dehydration
56,Female,78.44,1.59,Moderate,At Risk of Dehydration
21,Male,73.99,3.04,Moderate,Hydrated
24,Male,77.67,2.05,Low,At Risk of Dehydration
26,Female,75.64,1.55,High,At Risk of Dehydration
18,Female,61.52,3.07,High,Hydrated
18,Female,47.55,3.12,High,At Risk of Dehydration
35,Male,65.82,1.19,Moderate,At Risk of Dehydration
59,Male,71.28,2.87,High,At Risk of Dehydration
32,Male,85.65,1.64,Low,At Risk of Dehydration
27,Male,48.82,2.18,Low,At Risk of Dehydration
25,Male,59.17,2.88,Moderate,At Risk of Dehydration
35,Female,58.01,1.58,Moderate,At Risk of Dehydration
46,Female,71.19,2.25,Low,Hydrated
55,Male,96.05,1.93,Moderate,At Risk of Dehydration
31,Female,98.92,1.42,High,At Risk of Dehydration
56,Female,95.09,1.09,High,At Risk of Dehydration
39,Female,62.05,2.23,Low,At Risk of Dehydration
42,Female,90.73,1.03,Moderate,At Risk of Dehydration
42,Female,55.31,2.42,Low,At Risk of Dehydration
18,Female,79.88,1.14,High,At Risk of Dehydration
32,Female,96.98,1.14,Moderate,At Risk of Dehydration
30,Male,70.46,2.25,Low,Hydrated
52,Female,86.16,3.15,Low,At Risk of Dehydration
55,Female,71.3,3.58,High,Hydrated
54,Female,57.94,1.52,Moderate,At Risk of Dehydration
52,Male,88.69,3.5,Moderate,Hydrated
50,Female,66.23,3.5,Low,Hydrated
44,Male,51.25,3.08,Low,Hydrated
47,Male,93.14,1.16,Moderate,At Risk of Dehydration
55,Male,87.8,2.13,Low,At Risk of Dehydration
34,Male,62.34,1.68,High,At Risk of Dehydration
23,Male,45.08,2.16,High,At Risk of Dehydration
45,Male,62.18,1.9,Moderate,At Risk of Dehydration
21,Male,73.91,2.2,Low,At Risk of Dehydration
51,Male,92.6,3.36,High,At Risk of Dehydration
57,Male,70.99,2.91,High,At Risk of Dehydration
33,Female,95.56,1.42,High,At Risk of Dehydration
50,Male,98.25,3.91,Moderate,At Risk of Dehydration
30,Male,59.65,2.25,Moderate,At Risk of Dehydration
25,Female,94.38,3.59,High,At Risk of Dehydration
54,Male,98.73,2.42,Low,At Risk of Dehydration
35,Male,97.03,3.43,High,At Risk of Dehydration
58,Female,56.46,2.79,High,At Risk of Dehydration
23,Female,45.39,3.98,High,Hydrated
35,Female,79.05,3.46,Moderate,Hydrated
36,Female,82.39,2.75,High,At Risk of Dehydration
23,Female,76.98,3.78,Moderate,Hydrated
50,Male,81.14,1.75,Low,At Risk of Dehydration
38,Female,69.45,3.43,Moderate,Hydrated
38,Female,62.03,3.53,Moderate,Hydrated
38,Male,79.86,3.45,High,At Risk of Dehydration
40,Female,56.11,3.46,Low,Hydrated
53,Male,81.9,1.27,High,At Risk of Dehydration
47,Male,80.49,2.03,High,At Risk of Dehydration
22,Male,69.7,3.4,Low,At Risk of Dehydration
26,Male,90.94,1.29,High,At Risk of Dehydration
50,Male,79.5,1.39,Low,At Risk of Dehydration
41,Male,57.63,2.89,Low,Hydrated
26,Male,82.34,1.9,Moderate,At Risk of Dehydration
35,Female,74.61,3.09,Low,Hydrated
24,Female,68.51,3.87,Moderate,At Risk of Dehydration
40,Male,75.5,1.2,Moderate,At Risk of Dehydration
47,Male,98.56,2.8,Moderate,At Risk of Dehydration
52,Male,81.98,2.96,Moderate,Hydrated
20,Female,79.17,2.35,Moderate,At Risk of Dehydration
19,Male,75.87,1.13,Moderate,At Risk of Dehydration
19,Female,52.79,2.73,Low,Hydrated
53,Male,49.23,1.91,Low,At Risk of Dehydration
31,Female,91.12,1.6,Moderate,At Risk of Dehydration
53,Male,82.24,1.83,High,At Risk of Dehydration
22,Female,47.23,1.97,High,At Risk of Dehydration
24,Male,59.54,2.28,Moderate,At Risk of Dehydration
49,Male,64.05,2.95,Low,At Risk of Dehydration
28,Male,95.96,1.85,Moderate,At Risk of Dehydration
35,Female,78.7,1.08,High,At Risk of Dehydration
32,Female,81.17,1.42,Low,At Risk of Dehydration
34,Female,65.94,3.82,Low,At Risk of Dehydration
57,Male,95.41,1.97,Low,At Risk of Dehydration
29,Female,58.07,3.05,High,At Risk of Dehydration
18,Male,76.78,3.0,Moderate,At Risk of Dehydration
18,Male,73.2,2.99,High,At Risk of Dehydration
23,Male,62.34,2.2,High,At Risk of Dehydration
59,Male,60.68,2.97,High,Hydrated
35,Female,70.08,2.01,High,At Risk of Dehydration
47,Male,64.58,3.44,High,Hydrated
27,Female,80.76,3.27,Low,At Risk of Dehydration
55,Female,79.77,3.7,High,At Risk of Dehydration
49,Female,95.8,2.6,Low,At Risk of Dehydration
26,Male,55.03,1.59,High,At Risk of Dehydration
57,Female,54.29,2.07,High,At Risk of Dehydration
54,Female,62.04,3.05,High,At Risk of Dehydration
27,Male,88.83,3.0,High,At Risk of Dehydration
34,Female,84.34,1.18,Low,At Risk of Dehydration
25,Female,85.14,2.92,High,At Risk of Dehydration
53,Female,99.24,3.48,High,Hydrated
44,Female,64.14,3.89,Moderate,Hydrated
22,Female,65.47,2.68,Moderate,Hydrated
27,Female,98.9,1.01,Low,At Risk of Dehydration
26,Male,58.62,2.77,High,At Risk of Dehydration
33,Female,73.03,2.49,Low,At Risk of Dehydration
20,Female,66.01,2.91,Low,Hydrated
49,Male,60.98,1.71,High,At Risk of Dehydration
26,Male,93.12,3.28,Moderate,At Risk of Dehydration
23,Female,76.57,2.56,Moderate,At Risk of Dehydration
26,Male,60.15,3.95,High,Hydrated
21,Female,56.15,3.56,High,At Risk of Dehydration
27,Male,68.5,2.08,Low,At Risk of Dehydration
19,Female,45.39,3.45,High,At Risk of Dehydration
44,Male,73.55,2.45,High,At Risk of Dehydration
32,Female,98.52,1.18,Moderate,At Risk of Dehydration
56,Male,76.81,1.28,Moderate,At Risk of Dehydration
46,Male,65.25,2.23,High,At Risk of Dehydration
30,Male,89.39,3.27,Low,Hydrated
22,Female,85.14,3.88,Low,At Risk of Dehydration
37,Female,71.27,2.91,High,At Risk of Dehydration
43,Female,82.82,2.19,Moderate,At Risk of Dehydration
22,Female,78.51,3.96,High,Hydrated
44,Male,46.36,2.48,High,At Risk of Dehydration
42,Female,47.85,2.64,Low,Hydrated
20,Male,59.18,1.22,Moderate,At Risk of Dehydration
37,Male,80.89,3.84,High,Hydrated
30,Female,81.83,1.97,High,At Risk of Dehydration
36,Female,56.7,2.2,Low,At Risk of Dehydration
29,Male,64.89,3.31,Low,Hydrated
27,Female,45.78,1.03,High,At Risk of Dehydration
40,Female,61.47,3.39,Low,Hydrated
32,Female,71.16,1.66,High,At Risk of Dehydration
27,Female,88.87,1.69,Low,At Risk of Dehydration
59,Male,62.4,2.74,Low,Hydrated
43,Male,68.2,3.12,High,At Risk of Dehydration
54,Female,54.82,2.48,Moderate,At Risk of Dehydration
31,Male,83.1,1.98,Moderate,At Risk of Dehydration
51,Female,47.56,1.78,Moderate,At Risk of Dehydration
28,Male,89.67,3.02,High,At Risk of Dehydration
18,Female,61.84,3.44,Moderate,At Risk of Dehydration
51,Female,99.5,1.2,High,At Risk of Dehydration
27,Male,49.07,2.91,High,At Risk of Dehydration
40,Male,52.83,3.64,Moderate,At Risk of Dehydration
28,Male,95.39,1.03,Low,At Risk of Dehydration
18,Female,85.97,3.43,Low,Hydrated
47,Female,86.78,2.21,Low,At Risk of Dehydration
53,Male,97.31,2.93,Low,At Risk of Dehydration
40,Female,54.78,3.37,Moderate,Hydrated
41,Male,86.16,1.24,Moderate,At Risk of Dehydration
27,Female,97.09,3.09,Low,At Risk of Dehydration
29,Male,61.11,1.01,High,At Risk of Dehydration
43,Female,77.33,1.24,Low,At Risk of Dehydration
27,Male,79.94,1.26,Low,At Risk of Dehydration
55,Female,94.54,2.2,Low,At Risk of Dehydration
22,Female,52.74,3.71,Moderate,Hydrated
56,Female,62.06,1.28,Low,At Risk of Dehydration
32,Male,55.54,3.62,High,Hydrated
21,Female,52.56,1.24,High,At Risk of Dehydration
41,Male,68.73,2.01,Moderate,At Risk of Dehydration
20,Male,80.95,4.0,High,Hydrated
43,Female,75.06,3.56,Low,At Risk of Dehydration
42,Male,82.93,1.11,Low,At Risk of Dehydration
22,Female,52.38,1.33,Low,At Risk of Dehydration
51,Female,93.01,2.29,High,At Risk of Dehydration
35,Female,92.31,1.47,Moderate,At Risk of Dehydration
56,Male,95.56,2.66,Low,Hydrated
59,Female,59.34,3.64,High,Hydrated
22,Male,48.9,3.06,Moderate,Hydrated
38,Male,46.2,3.41,Moderate,Hydrated
56,Male,54.58,1.77,Moderate,At Risk of Dehydration
54,Male,85.65,2.45,High,At Risk of Dehydration
59,Female,69.73,3.56,Low,Hydrated
43,Male,75.2,1.7,Moderate,Hydrated
59,Female,57.54,1.55,High,At Risk of Dehydration
21,Female,83.0,3.38,Low,Hydrated
54,Male,50.4,3.97,High,Hydrated
31,Male,78.47,2.66,Low,Hydrated
26,Female,92.85,3.85,High,Hydrated
38,Female,45.72,3.46,Low,At Risk of Dehydration
43,Male,45.51,1.1,Moderate,At Risk of Dehydration
41,Female,64.37,1.22,Moderate,At Risk of Dehydration
26,Female,62.62,3.8,Moderate,Hydrated
38,Male,61.11,1.08,Moderate,At Risk of Dehydration
31,Male,84.84,1.32,Moderate,At Risk of Dehydration
58,Female,96.31,1.96,Moderate,At Risk of Dehydration
22,Female,60.93,2.22,Low,At Risk of Dehydration
40,Male,65.06,3.03,High,At Risk of Dehydration
20,Male,83.55,3.72,Low,Hydrated
21,Male,63.84,2.56,Low,Hydrated
51,Female,64.34,3.75,Low,At Risk of Dehydration
27,Male,60.49,1.63,High,At Risk of Dehydration
25,Male,99.38,1.22,High,At Risk of Dehydration
52,Male,92.81,1.48,Low,At Risk of Dehydration
22,Female,78.45,1.16,Low,At Risk of Dehydration
45,Male,98.39,1.95,Moderate,At Risk of Dehydration
20,Female,87.64,1.69,Low,At Risk of Dehydration
44,Female,82.12,3.96,Low,Hydrated
34,Female,58.49,2.81,High,At Risk of Dehydration
43,Male,47.48,3.79,Moderate,Hydrated
44,Female,82.56,3.46,Low,Hydrated
27,Female,88.84,2.91,Moderate,Hydrated
31,Male,92.02,3.82,High,Hydrated
25,Female,75.41,2.51,Moderate,At Risk of Dehydration
49,Female,71.71,1.82,Low,At Risk of Dehydration
50,Male,48.34,2.88,High,At Risk of Dehydration
41,Female,75.03,2.06,Low,At Risk of Dehydration
21,Female,73.08,2.13,High,At Risk of Dehydration
43,Male,79.29,2.98,High,At Risk of Dehydration
32,Female,76.44,2.33,Low,At Risk of Dehydration
28,Male,48.23,2.93,Moderate,Hydrated
59,Female,76.38,1.84,Moderate,At Risk of Dehydration
25,Female,46.67,2.29,Moderate,At Risk of Dehydration
56,Female,72.38,3.41,High,At Risk of Dehydration
30,Male,91.87,2.9,Moderate,At Risk of Dehydration
23,Male,82.4,1.79,High,At Risk of Dehydration
32,Female,75.19,3.63,Moderate,At Risk of Dehydration
58,Male,50.87,1.56,High,At Risk of Dehydration
44,Female,95.16,2.64,High,At Risk of Dehydration
40,Female,60.5,3.09,Low,Hydrated
41,Male,57.95,3.43,Moderate,At Risk of Dehydration
40,Male,65.68,3.06,High,At Risk of Dehydration
44,Female,78.6,1.27,Low,Hydrated
33,Female,69.85,1.51,High,At Risk of Dehydration
52,Female,91.64,1.36,Low,Hydrated
22,Male,96.17,2.71,Low,At Risk of Dehydration
30,Male,46.83,3.01,Moderate,Hydrated
22,Female,62.99,3.13,High,Hydrated
32,Female,92.26,3.38,Low,Hydrated
57,Female,52.14,1.74,High,At Risk of Dehydration
38,Female,66.26,3.14,Low,Hydrated
18,Male,62.39,3.98,High,At Risk of Dehydration
27,Female,62.74,1.89,Low,At Risk of Dehydration
51,Male,74.21,2.25,Low,At Risk of Dehydration
36,Female,98.98,3.9,Moderate,At Risk of Dehydration
59,Female,76.37,2.59,High,At Risk of Dehydration
28,Female,78.86,1.71,Low,At Risk of Dehydration
24,Female,56.71,3.72,Moderate,At Risk of Dehydration
35,Female,78.53,2.29,High,At Risk of Dehydration
47,Female,46.58,1.88,Moderate,At Risk of Dehydration
36,Male,87.16,1.43,Moderate,At Risk of Dehydration
23,Female,97.59,3.89,Moderate,Hydrated
26,Male,64.34,1.89,High,At Risk of Dehydration
31,Male,72.48,2.61,Low,At Risk of Dehydration
41,Female,56.18,2.6,High,Hydrated
18,Male,60.44,3.1,Moderate,Hydrated
46,Female,70.94,3.21,Moderate,Hydrated
22,Male,64.27,3.15,Moderate,Hydrated
48,Female,72.01,2.74,Low,At Risk of Dehydration
42,Male,71.79,1.28,Moderate,At Risk of Dehydration
38,Female,71.84,1.05,High,At Risk of Dehydration
40,Female,67.33,1.16,Low,At Risk of Dehydration
28,Male,69.15,3.37,High,Hydrated
38,Female,74.62,2.51,High,At Risk of Dehydration
22,Male,49.07,2.42,High,At Risk of Dehydration
42,Male,96.37,1.85,Low,At Risk of Dehydration
20,Female,87.77,3.86,Low,Hydrated
31,Female,83.29,2.43,Moderate,At Risk of Dehydration
51,Female,48.15,1.39,High,At Risk of Dehydration
45,Female,65.01,1.3,Low,At Risk of Dehydration
51,Male,49.12,2.51,Low,At Risk of Dehydration
31,Female,93.14,3.31,High,At Risk of Dehydration
18,Male,81.94,1.92,Moderate,At Risk of Dehydration
30,Female,46.97,3.32,Low,Hydrated
48,Male,80.49,2.09,Moderate,At Risk of Dehydration
56,Female,62.18,1.86,Moderate,At Risk of Dehydration
53,Female,67.78,3.99,Low,Hydrated
32,Male,85.13,3.71,High,Hydrated
55,Male,86.0,2.87,High,At Risk of Dehydration
27,Male,56.62,1.4,Moderate,At Risk of Dehydration
18,Female,76.54,2.86,Low,At Risk of Dehydration
26,Female,58.14,3.7,High,Hydrated
49,Male,57.8,2.0,High,At Risk of Dehydration
20,Male,87.19,1.68,Low,At Risk of Dehydration
58,Male,86.43,1.07,High,At Risk of Dehydration
43,Female,51.29,1.13,Moderate,At Risk of Dehydration
23,Female,57.7,3.79,Low,Hydrated
41,Female,72.29,2.8,Moderate,At Risk of Dehydration
45,Female,91.25,3.02,Moderate,At Risk of Dehydration
48,Female,91.04,1.49,Moderate,At Risk of Dehydration
40,Female,78.05,3.62,Low,At Risk of Dehydration
36,Male,93.8,1.82,Moderate,At Risk of Dehydration
52,Female,88.34,3.6,Moderate,Hydrated
18,Male,74.42,1.95,Moderate,At Risk of Dehydration
25,Male,66.58,2.39,High,At Risk of Dehydration
41,Male,52.56,3.36,High,At Risk of Dehydration
47,Male,64.59,4.0,Low,Hydrated
48,Male,79.71,1.61,High,At Risk of Dehydration
35,Male,51.2,1.32,Moderate,At Risk of Dehydration
56,Male,91.46,3.14,High,Hydrated
40,Male,95.65,3.57,High,At Risk of Dehydration
35,Female,99.52,1.63,Low,At Risk of Dehydration
50,Male,77.75,3.42,Moderate,Hydrated
33,Male,81.68,1.75,Low,Hydrated
25,Female,59.0,2.05,Moderate,At Risk of Dehydration
55,Male,73.47,3.23,High,Hydrated
27,Female,94.55,3.8,Low,Hydrated
56,Male,74.12,2.2,High,Hydrated
40,Female,91.86,2.58,Moderate,At Risk of Dehydration
58,Male,47.5,1.82,Moderate,Hydrated
30,Male,75.3,2.76,Moderate,At Risk of Dehydration
23,Male,78.57,2.5,High,At Risk of Dehydration
40,Female,96.76,2.49,Low,At Risk of Dehydration
55,Female,94.21,2.29,Low,At Risk of Dehydration
46,Female,99.65,3.5,High,Hydrated
21,Male,80.06,2.33,Moderate,At Risk of Dehydration
52,Female,94.24,3.83,Low,Hydrated
50,Male,50.27,3.37,Moderate,Hydrated
35,Female,77.63,3.83,Moderate,At Risk of Dehydration
30,Male,85.64,2.3,Low,Hydrated
42,Male,77.07,3.85,Moderate,At Risk of Dehydration
55,Male,65.09,2.66,Low,At Risk of Dehydration
52,Male,72.49,2.75,Low,At Risk of Dehydration
22,Male,54.11,2.62,High,At Risk of Dehydration
37,Male,54.98,2.66,Low,At Risk of Dehydration
40,Female,61.14,1.18,High,At Risk of Dehydration
52,Female,57.02,1.65,Moderate,At Risk of Dehydration
38,Female,98.69,2.25,High,At Risk of Dehydration
28,Female,91.04,2.96,High,At Risk of Dehydration
22,Female,69.61,2.18,High,Hydrated
33,Male,84.96,1.01,Moderate,At Risk of Dehydration
52,Male,47.11,2.08,Low,At Risk of Dehydration
25,Female,57.28,1.73,Low,At Risk of Dehydration
18,Male,74.24,2.34,High,At Risk of Dehydration
50,Female,73.8,1.65,Moderate,At Risk of Dehydration
39,Male,47.47,3.04,High,At Risk of Dehydration
24,Male,51.1,1.11,High,At Risk of Dehydration
25,Male,94.12,3.63,Low,Hydrated
18,Male,57.34,3.1,Low,Hydrated
32,Female,92.66,1.61,High,At Risk of Dehydration
18,Male,67.29,2.66,Low,Hydrated
46,Female,53.88,1.45,Low,At Risk of Dehydration
41,Male,49.61,1.5,Low,At Risk of Dehydration
35,Male,81.32,1.78,High,At Risk of Dehydration
32,Female,61.95,2.86,Moderate,Hydrated
32,Female,62.29,1.09,Low,At Risk of Dehydration
21,Female,69.2,3.82,Low,Hydrated
44,Female,84.39,2.5,Low,At Risk of Dehydration
23,Male,82.55,2.28,Moderate,At Risk of Dehydration
40,Male,92.03,3.7,High,Hydrated
52,Female,92.94,2.49,Moderate,At Risk of Dehydration
32,Female,87.18,2.46,High,At Risk of Dehydration
27,Female,78.58,1.48,Low,Hydrated
42,Male,85.6,1.11,Moderate,At Risk of Dehydration
43,Male,55.56,3.97,High,At Risk of Dehydration
36,Female,89.09,2.18,Low,At Risk of Dehydration
53,Male,51.01,3.25,High,Hydrated
35,Female,53.6,2.69,High,At Risk of Dehydration
28,Male,69.25,1.07,Moderate,At Risk of Dehydration
54,Female,46.44,2.54,Moderate,At Risk of Dehydration
41,Male,99.42,2.82,High,At Risk of Dehydration
24,Female,74.3,3.98,High,Hydrated
18,Male,57.88,2.4,High,At Risk of Dehydration
55,Male,93.29,1.0,Moderate,At Risk of Dehydration
35,Female,77.31,2.77,High,At Risk of Dehydration
55,Male,79.19,2.16,Low,At Risk of Dehydration
29,Male,64.2,1.74,High,At Risk of Dehydration
45,Male,64.04,1.61,High,At Risk of Dehydration
55,Female,50.81,3.99,Moderate,Hydrated
50,Female,97.71,1.31,Low,At Risk of Dehydration
21,Male,95.65,2.14,Moderate,At Risk of Dehydration
58,Female,52.49,3.57,Low,Hydrated
43,Female,46.3,1.17,Low,At Risk of Dehydration
56,Male,99.49,1.21,High,At Risk of Dehydration
28,Female,95.82,2.17,Moderate,At Risk of Dehydration
39,Female,76.86,3.63,Low,Hydrated
52,Male,99.38,1.54,Moderate,At Risk of Dehydration
36,Female,81.31,2.57,Moderate,Hydrated
44,Female,82.42,1.72,Moderate,At Risk of Dehydration
40,Female,98.87,2.89,High,Hydrated
23,Female,48.33,3.87,Moderate,Hydrated
51,Female,59.4,3.1,Moderate,Hydrated
40,Female,46.1,2.31,High,At Risk of Dehydration
21,Female,59.25,1.67,High,At Risk of Dehydration
21,Male,59.61,2.74,Low,At Risk of Dehydration
32,Female,57.16,2.39,High,At Risk of Dehydration
47,Female,63.57,3.94,High,At Risk of Dehydration
35,Male,71.39,1.79,Low,At Risk of Dehydration
37,Female,98.04,2.62,Moderate,Hydrated
19,Female,92.66,3.45,High,Hydrated
33,Male,67.02,3.02,Low,At Risk of Dehydration
19,Male,60.38,3.22,Moderate,Hydrated
46,Female,52.77,4.0,Low,Hydrated
36,Male,97.77,1.73,Moderate,At Risk of Dehydration
53,Female,51.46,2.03,High,At Risk of Dehydration
32,Male,45.34,1.87,Moderate,At Risk of Dehydration
58,Female,99.19,2.63,High,At Risk of Dehydration
36,Male,95.34,1.55,High,At Risk of Dehydration
40,Female,47.21,2.35,Moderate,At Risk of Dehydration
59,Male,96.04,3.16,Low,Hydrated
56,Female,56.05,2.84,Moderate,At Risk of Dehydration
37,Male,80.38,2.62,High,At Risk of Dehydration
44,Male,80.09,3.57,Moderate,Hydrated
58,Male,60.08,2.65,Moderate,At Risk of Dehydration
33,Female,59.74,1.43,High,At Risk of Dehydration
30,Male,91.64,2.36,High,At Risk of Dehydration
54,Female,92.93,1.93,Moderate,At Risk of Dehydration
28,Male,58.56,2.69,Moderate,At Risk of Dehydration
46,Female,70.75,2.6,High,At Risk of Dehydration
52,Male,61.5,2.16,Moderate,At Risk of Dehydration
18,Male,92.4,3.55,High,Hydrated
36,Female,80.81,2.87,High,At Risk of Dehydration
21,Male,52.45,2.4,Moderate,At Risk of Dehydration
32,Female,45.38,3.42,Moderate,Hydrated
36,Female,74.42,2.53,Low,Hydrated
50,Male,63.72,2.66,High,At Risk of Dehydration
34,Female,81.1,1.35,High,At Risk of Dehydration
33,Male,54.89,1.93,Moderate,At Risk of Dehydration
30,Male,56.73,3.03,High,At Risk of Dehydration
30,Female,88.1,1.36,High,At Risk of Dehydration
20,Female,52.49,2.86,Low,Hydrated
48,Male,82.76,3.29,High,At Risk of Dehydration
37,Female,60.22,3.12,Low,Hydrated
52,Male,86.87,2.77,High,Hydrated
45,Male,92.3,1.38,High,At Risk of Dehydration
58,Female,61.14,2.05,Low,Hydrated
30,Male,55.88,1.89,Moderate,At Risk of Dehydration
37,Female,97.42,1.54,Low,At Risk of Dehydration
23,Female,80.42,2.97,High,Hydrated
37,Female,51.8,2.99,Moderate,Hydrated
35,Male,69.72,3.85,High,At Risk of Dehydration
18,Female,67.76,1.01,Low,At Risk of Dehydration
58,Male,82.65,2.85,Moderate,Hydrated
38,Male,65.63,2.34,High,At Risk of Dehydration
24,Male,61.73,3.84,High,Hydrated
25,Male,59.06,1.43,High,At Risk of Dehydration
19,Female,94.94,2.84,Moderate,At Risk of Dehydration
20,Female,61.51,1.7,Moderate,At Risk of Dehydration
33,Female,54.41,3.58,High,Hydrated
39,Female,78.06,1.17,Moderate,At Risk of Dehydration
42,Male,76.26,1.56,High,At Risk of Dehydration
53,Male,77.8,2.65,Moderate,At Risk of Dehydration
19,Male,85.02,1.45,Moderate,At Risk of Dehydration
20,Male,82.9,2.17,Moderate,At Risk of Dehydration
39,Female,60.91,2.2,Moderate,At Risk of Dehydration
32,Male,96.76,3.46,Low,Hydrated
28,Male,93.89,1.08,Low,At Risk of Dehydration
49,Male,96.21,1.94,High,At Risk of Dehydration
51,Male,74.72,3.91,Moderate,Hydrated
23,Female,76.67,1.64,Low,At Risk of Dehydration
41,Male,79.36,1.67,Moderate,At Risk of Dehydration
19,Female,61.21,3.18,Low,At Risk of Dehydration
32,Male,70.67,3.08,High,At Risk of Dehydration
23,Female,62.52,2.0,Moderate,At Risk of Dehydration
40,Female,58.15,3.47,High,Hydrated
50,Male,66.16,3.55,Moderate,Hydrated
30,Female,73.24,2.77,Low,At Risk of Dehydration
23,Female,84.72,1.18,Low,At Risk of Dehydration
21,Female,76.98,1.17,Moderate,At Risk of Dehydration
24,Male,49.58,2.6,Moderate,At Risk of Dehydration
21,Male,98.03,2.84,Moderate,At Risk of Dehydration
20,Male,46.41,3.69,Low,Hydrated
34,Male,63.91,3.41,Moderate,Hydrated
38,Male,53.34,2.84,High,At Risk of Dehydration
23,Male,94.52,3.11,Low,At Risk of Dehydration
48,Male,92.12,1.49,High,At Risk of Dehydration
52,Male,54.36,3.17,High,At Risk of Dehydration
51,Female,58.91,2.48,Moderate,At Risk of Dehydration
42,Male,67.09,3.45,Low,Hydrated
42,Male,45.35,3.53,Low,At Risk of Dehydration
24,Female,55.49,2.83,High,At Risk of Dehydration
54,Female,56.35,1.55,Low,At Risk of Dehydration
35,Female,73.96,1.97,High,At Risk of Dehydration
46,Female,97.77,2.05,Moderate,Hydrated
47,Female,51.88,1.54,Moderate,At Risk of Dehydration
55,Male,65.97,1.23,Low,At Risk of Dehydration
56,Female,64.99,1.8,High,At Risk of Dehydration
21,Female,72.65,1.84,High,At Risk of Dehydration
23,Female,59.15,3.81,Moderate,Hydrated
54,Female,78.43,3.99,Moderate,Hydrated
56,Female,62.69,2.69,Low,At Risk of Dehydration
47,Male,83.26,3.69,Low,Hydrated
50,Female,57.78,1.49,Moderate,At Risk of Dehydration
51,Male,98.42,1.55,High,At Risk of Dehydration
18,Female,87.47,2.71,High,At Risk of Dehydration
38,Female,98.78,3.7,Moderate,Hydrated
32,Female,79.74,1.43,High,At Risk of Dehydration
27,Female,96.31,2.3,Low,At Risk of Dehydration
19,Male,85.02,2.99,Low,At Risk of Dehydration
39,Female,91.85,2.11,Moderate,At Risk of Dehydration
46,Male,52.71,1.65,High,At Risk of Dehydration
53,Female,83.22,3.66,Low,At Risk of Dehydration
32,Male,61.98,1.67,Moderate,At Risk of Dehydration
45,Male,64.96,3.03,Low,At Risk of Dehydration
28,Female,70.18,1.73,Moderate,At Risk of Dehydration
27,Female,86.52,2.5,High,At Risk of Dehydration
19,Female,58.39,3.25,High,Hydrated
43,Male,73.12,2.21,High,At Risk of Dehydration
57,Female,59.15,2.94,High,At Risk of Dehydration
53,Male,98.69,3.64,Moderate,Hydrated
33,Male,74.17,2.26,Low,At Risk of Dehydration
22,Male,74.02,1.98,Moderate,At Risk of Dehydration
38,Male,78.1,1.72,Low,At Risk of Dehydration
29,Female,80.65,2.71,Moderate,Hydrated
30,Female,65.23,2.64,Moderate,At Risk of Dehydration
18,Female,66.66,3.35,High,Hydrated
18,Male,47.18,2.26,Low,At Risk of Dehydration
22,Female,53.02,1.12,High,At Risk of Dehydration
34,Male,88.11,1.79,Low,At Risk of Dehydration
31,Male,82.89,3.95,Low,At Risk of Dehydration
20,Male,95.1,2.1,Low,At Risk of Dehydration
32,Female,91.44,3.02,Low,At Risk of Dehydration
42,Female,73.14,1.35,Moderate,At Risk of Dehydration
34,Male,46.28,3.76,Low,Hydrated
59,Male,53.35,1.04,High,At Risk of Dehydration
46,Female,56.56,3.45,Low,At Risk of Dehydration
30,Male,94.59,2.07,Low,At Risk of Dehydration
43,Female,58.2,1.81,High,At Risk of Dehydration
48,Male,98.39,2.38,Low,At Risk of Dehydration
52,Male,88.31,1.17,High,At Risk of Dehydration
28,Male,57.92,2.44,Moderate,Hydrated
44,Male,96.83,3.37,Low,Hydrated
39,Male,90.12,2.01,High,At Risk of Dehydration
25,Female,57.64,1.87,Low,At Risk of Dehydration
28,Male,77.97,3.38,Moderate,Hydrated
36,Male,68.01,3.37,Moderate,Hydrated
27,Female,90.45,3.45,Low,At Risk of Dehydration
30,Female,59.48,1.95,Low,At Risk of Dehydration
19,Male,64.89,1.05,Moderate,At Risk of Dehydration
56,Female,77.53,3.71,High,Hydrated
18,Female,70.65,1.41,Moderate,At Risk of Dehydration
46,Male,92.61,1.92,Moderate,At Risk of Dehydration
56,Male,86.22,3.38,High,At Risk of Dehydration
41,Female,61.23,3.06,High,Hydrated
26,Male,45.93,3.57,High,Hydrated
40,Female,82.8,3.77,High,Hydrated
20,Male,83.66,2.86,High,Hydrated
35,Male,54.5,3.58,High,At Risk of Dehydration
43,Male,93.81,3.8,Low,Hydrated
31,Female,84.92,1.11,Low,At Risk of Dehydration
29,Male,79.22,1.01,Low,At Risk of Dehydration
20,Female,75.68,2.23,Low,At Risk of Dehydration
24,Female,53.04,3.17,Low,Hydrated
39,Male,58.55,2.11,Moderate,At Risk of Dehydration
18,Female,76.79,2.72,Moderate,At Risk of Dehydration
57,Female,47.17,2.91,Low,Hydrated
43,Male,62.53,1.49,Moderate,At Risk of Dehydration
32,Male,53.61,1.44,Moderate,At Risk of Dehydration
23,Female,90.59,2.06,Moderate,At Risk of Dehydration
40,Male,51.19,2.91,Low,At Risk of Dehydration
36,Male,67.16,3.57,Low,Hydrated
26,Female,47.24,2.75,Moderate,At Risk of Dehydration
25,Male,65.72,3.85,Low,Hydrated
28,Male,84.06,1.12,Moderate,At Risk of Dehydration
45,Female,95.4,1.97,Low,At Risk of Dehydration
35,Male,70.27,1.72,Moderate,At Risk of Dehydration
48,Male,92.18,3.36,Low,Hydrated
55,Female,57.22,1.75,Low,At Risk of Dehydration
19,Male,65.5,1.31,Moderate,At Risk of Dehydration
43,Male,47.85,2.34,Moderate,At Risk of Dehydration
26,Male,57.82,2.64,Moderate,At Risk of Dehydration
24,Male,71.71,1.42,Low,At Risk of Dehydration
27,Male,99.25,2.21,Moderate,At Risk of Dehydration
51,Male,85.29,2.57,High,At Risk of Dehydration
18,Female,92.42,1.92,High,At Risk of Dehydration
54,Male,88.8,1.6,Moderate,At Risk of Dehydration
21,Female,92.56,2.69,Low,At Risk of Dehydration
51,Male,75.89,2.85,High,At Risk of Dehydration
27,Male,71.08,2.57,Low,At Risk of Dehydration
18,Male,78.09,2.01,High,At Risk of Dehydration
42,Male,64.05,1.82,High,At Risk of Dehydration
34,Female,95.79,3.26,High,Hydrated
33,Male,49.23,1.63,High,At Risk of Dehydration
34,Female,50.26,1.21,Moderate,At Risk of Dehydration
39,Male,45.51,1.9,Moderate,At Risk of Dehydration
35,Female,56.04,3.38,Low,At Risk of Dehydration
23,Male,84.26,1.24,Moderate,At Risk of Dehydration
41,Male,71.23,3.86,Moderate,Hydrated
42,Male,52.0,3.16,High,At Risk of Dehydration
31,Male,66.66,3.13,High,At Risk of Dehydration
48,Female,91.78,1.58,High,At Risk of Dehydration
18,Female,83.44,3.32,Moderate,At Risk of Dehydration
38,Male,62.73,2.46,High,At Risk of Dehydration
39,Female,83.63,1.64,High,At Risk of Dehydration
22,Male,57.82,2.69,Low,Hydrated
18,Male,55.97,3.5,Moderate,Hydrated
39,Male,95.2,3.12,Low,At Risk of Dehydration
30,Female,69.62,3.49,High,Hydrated
23,Female,47.56,2.62,Low,At Risk of Dehydration
52,Female,96.56,3.93,Low,Hydrated
32,Female,96.94,2.96,Moderate,At Risk of Dehydration
52,Female,62.7,2.61,High,At Risk of Dehydration
35,Female,81.53,3.34,High,Hydrated
53,Female,87.32,1.23,Low,At Risk of Dehydration
43,Male,90.34,2.49,High,At Risk of Dehydration
27,Female,67.39,3.98,Moderate,Hydrated
50,Female,59.17,3.33,Moderate,Hydrated
28,Female,58.91,3.69,High,Hydrated
35,Female,73.46,2.37,Low,At Risk of Dehydration
21,Male,46.41,2.49,Moderate,Hydrated
23,Female,96.89,3.24,Moderate,Hydrated
27,Male,72.32,2.79,Low,At Risk of Dehydration
24,Male,78.23,1.09,Low,At Risk of Dehydration
36,Female,85.31,2.28,Low,At Risk of Dehydration
42,Female,98.7,1.14,Low,At Risk of Dehydration
49,Female,68.15,3.62,Low,At Risk of Dehydration
24,Male,91.74,1.26,High,At Risk of Dehydration
31,Female,62.95,2.38,Moderate,At Risk of Dehydration
31,Male,58.78,2.3,Low,At Risk of Dehydration
18,Female,82.04,2.88,Moderate,Hydrated
23,Female,67.71,1.33,Low,At Risk of Dehydration
44,Male,62.57,2.92,High,At Risk of Dehydration
33,Female,83.8,1.12,Moderate,At Risk of Dehydration
53,Female,88.23,3.85,Low,At Risk of Dehydration
19,Male,65.57,3.65,Low,Hydrated
31,Female,49.08,1.64,Low,At Risk of Dehydration
34,Male,50.37,2.97,High,Hydrated
34,Male,52.16,1.04,High,At Risk of Dehydration
33,Male,76.48,3.91,Moderate,Hydrated
18,Female,97.13,3.55,Moderate,Hydrated
20,Female,59.63,2.65,Moderate,Hydrated
49,Male,85.29,3.43,Moderate,At Risk of Dehydration
38,Male,85.58,2.78,Moderate,Hydrated
38,Female,93.36,1.42,Low,At Risk of Dehydration
40,Male,76.51,3.3,Low,Hydrated
22,Female,86.63,1.4,Moderate,At Risk of Dehydration
23,Male,86.52,1.5,High,At Risk of Dehydration
49,Male,72.52,1.09,Low,At Risk of Dehydration
47,Male,72.03,2.17,Moderate,At Risk of Dehydration
58,Female,91.59,3.21,Moderate,At Risk of Dehydration
25,Male,94.38,1.73,Low,At Risk of Dehydration
24,Male,59.22,2.07,Moderate,Hydrated
22,Male,91.28,2.57,High,At Risk of Dehydration
30,Male,71.4,2.07,High,At Risk of Dehydration
25,Female,71.32,3.65,High,Hydrated
56,Female,96.58,2.39,Moderate,Hydrated
22,Female,53.68,3.98,Moderate,At Risk of Dehydration
54,Female,47.88,2.2,High,At Risk of Dehydration
49,Male,60.25,3.56,High,Hydrated
53,Female,79.42,3.5,High,Hydrated
55,Female,88.02,3.9,Low,Hydrated
53,Female,68.58,1.36,Moderate,At Risk of Dehydration
48,Male,84.56,1.3,High,At Risk of Dehydration
41,Female,74.5,2.24,Low,At Risk of Dehydration
37,Female,73.8,3.69,High,Hydrated
39,Male,67.21,3.61,Low,At Risk of Dehydration
31,Female,75.22,1.48,Low,At Risk of Dehydration
27,Male,92.33,3.12,Moderate,At Risk of Dehydration
31,Male,62.48,1.21,Moderate,At Risk of Dehydration
28,Female,74.89,2.4,Moderate,At Risk of Dehydration
30,Male,56.71,2.37,High,At Risk of Dehydration
28,Male,82.79,1.21,High,At Risk of Dehydration
48,Female,55.72,3.33,High,Hydrated
53,Female,46.3,1.46,High,At Risk of Dehydration
55,Male,49.94,3.78,Moderate,Hydrated
19,Male,56.77,1.13,High,At Risk of Dehydration
33,Female,47.35,2.44,Moderate,At Risk of Dehydration
48,Male,66.17,1.59,High,Hydrated
49,Female,51.48,1.15,High,At Risk of Dehydration
43,Male,71.11,1.79,High,At Risk of Dehydration
37,Female,71.9,1.87,Moderate,At Risk of Dehydration
59,Male,57.39,1.62,Low,At Risk of Dehydration
50,Male,99.5,1.28,Low,At Risk of Dehydration
37,Male,46.92,1.48,Moderate,Hydrated
22,Female,77.7,2.82,High,At Risk of Dehydration
24,Female,97.61,1.64,Low,At Risk of Dehydration
49,Female,80.03,1.05,High,At Risk of Dehydration
26,Female,73.68,2.84,Low,At Risk of Dehydration
52,Female,50.22,2.46,Moderate,At Risk of Dehydration
36,Male,54.44,1.12,High,At Risk of Dehydration
31,Female,55.34,1.33,Moderate,At Risk of Dehydration
34,Male,71.43,3.42,Low,Hydrated
45,Female,81.45,1.24,Low,At Risk of Dehydration
28,Male,60.25,2.36,Moderate,At Risk of Dehydration
43,Female,51.8,3.52,Low,Hydrated
28,Male,56.99,1.93,High,At Risk of Dehydration
22,Male,75.2,1.53,High,At Risk of Dehydration
26,Male,69.47,1.85,Moderate,At Risk of Dehydration
45,Female,59.16,1.6,Moderate,At Risk of Dehydration
51,Male,65.5,1.41,High,At Risk of Dehydration
18,Female,62.12,2.66,Moderate,Hydrated
38,Female,85.5,2.49,Moderate,At Risk of Dehydration
46,Female,95.12,2.96,High,At Risk of Dehydration
29,Male,88.6,3.79,High,Hydrated
32,Male,68.3,2.08,High,At Risk of Dehydration
37,Male,75.55,1.9,Moderate,At Risk of Dehydration
37,Female,52.61,3.74,Low,Hydrated
37,Female,59.99,3.9,Low,Hydrated
47,Male,72.07,3.36,Low,At Risk of Dehydration
28,Male,60.29,3.98,Moderate,Hydrated
19,Female,47.76,2.1,Moderate,Hydrated
45,Male,54.88,1.74,High,At Risk of Dehydration
30,Female,85.83,3.91,Moderate,Hydrated
39,Female,82.77,3.29,High,At Risk of Dehydration
44,Female,86.13,3.47,Moderate,Hydrated
47,Male,48.15,1.96,High,At Risk of Dehydration
25,Female,68.1,3.33,High,At Risk of Dehydration
23,Female,45.18,3.39,Moderate,Hydrated
47,Female,62.44,3.88,Moderate,Hydrated
42,Female,50.21,1.33,Moderate,At Risk of Dehydration
29,Male,77.11,1.95,Moderate,At Risk of Dehydration
27,Male,92.76,1.26,Low,At Risk of Dehydration
44,Female,52.93,1.26,High,At Risk of Dehydration
29,Male,71.65,1.44,Low,At Risk of Dehydration
48,Female,81.4,3.6,Low,Hydrated
37,Male,50.81,3.07,High,Hydrated
59,Female,83.27,3.34,High,Hydrated
39,Female,98.19,3.64,Moderate,At Risk of Dehydration
36,Male,51.74,2.01,Moderate,Hydrated
35,Female,77.33,2.1,Moderate,At Risk of Dehydration
44,Female,46.33,2.48,High,Hydrated
55,Female,57.29,3.26,High,Hydrated
55,Female,59.81,2.9,High,At Risk of Dehydration
36,Male,46.79,2.49,Moderate,At Risk of Dehydration
46,Male,47.49,3.09,High,Hydrated
27,Female,48.98,2.77,High,Hydrated
20,Female,76.88,1.32,Low,At Risk of Dehydration
27,Female,45.17,2.25,High,At Risk of Dehydration
55,Female,73.81,3.91,Low,Hydrated
40,Female,55.81,2.72,High,Hydrated
54,Female,50.7,3.02,Moderate,Hydrated
40,Male,67.99,2.83,High,Hydrated
19,Male,56.86,2.14,Low,At Risk of Dehydration
29,Female,96.76,3.37,High,Hydrated
29,Male,97.31,1.33,Moderate,At Risk of Dehydration
43,Female,53.6,2.93,Low,Hydrated
30,Male,65.9,2.43,Low,At Risk of Dehydration
55,Female,94.55,3.85,Moderate,Hydrated
30,Female,70.62,2.84,Moderate,At Risk of Dehydration
57,Male,98.85,1.09,Moderate,At Risk of Dehydration
30,Female,93.3,3.41,High,Hydrated
37,Female,69.67,1.47,Moderate,Hydrated
39,Male,60.13,1.75,Low,At Risk of Dehydration
53,Female,45.05,1.05,Moderate,At Risk of Dehydration
57,Male,89.96,1.06,Low,At Risk of Dehydration
26,Male,48.65,1.09,Low,At Risk of Dehydration
29,Female,82.79,2.27,High,Hydrated
56,Female,71.21,1.46,Low,At Risk of Dehydration
34,Female,67.31,3.3,Low,At Risk of Dehydration
48,Male,96.95,1.66,Moderate,At Risk of Dehydration
58,Female,64.01,1.79,Low,At Risk of Dehydration
33,Male,51.27,1.21,Moderate,At Risk of Dehydration
34,Male,47.29,1.12,High,At Risk of Dehydration
59,Male,94.76,3.43,Moderate,At Risk of Dehydration
29,Male,55.97,1.29,Moderate,At Risk of Dehydration
26,Female,66.79,1.64,Moderate,At Risk of Dehydration
20,Male,70.42,1.24,Moderate,At Risk of Dehydration
50,Male,46.33,1.73,Moderate,At Risk of Dehydration
24,Female,84.78,3.46,High,At Risk of Dehydration
34,Female,98.36,1.16,Moderate,At Risk of Dehydration
38,Female,96.09,3.14,Low,Hydrated
46,Male,89.86,3.57,High,Hydrated
26,Female,89.18,3.09,Low,At Risk of Dehydration
50,Female,46.91,3.44,Low,Hydrated
36,Male,65.97,2.4,Moderate,At Risk of Dehydration
53,Male,58.82,2.42,Moderate,At Risk of Dehydration
33,Male,46.74,2.66,Moderate,Hydrated
37,Female,65.31,1.37,Moderate,At Risk of Dehydration
59,Male,55.68,2.97,Low,At Risk of Dehydration
30,Male,82.81,3.62,High,At Risk of Dehydration
53,Male,92.44,1.42,Low,Hydrated
52,Male,88.25,3.71,Low,Hydrated
31,Male,79.13,3.45,Low,Hydrated
24,Male,96.11,1.15,Low,At Risk of Dehydration
18,Female,60.43,1.15,Low,At Risk of Dehydration
42,Male,63.69,1.59,Moderate,At Risk of Dehydration
52,Male,84.69,3.37,Low,At Risk of Dehydration
58,Male,59.59,3.67,Low,Hydrated
46,Female,97.59,2.68,Moderate,At Risk of Dehydration
42,Female,71.04,3.43,High,At Risk of Dehydration
30,Female,91.07,2.83,High,At Risk of Dehydration
35,Male,66.61,1.95,Moderate,At Risk of Dehydration
18,Male,71.17,2.5,Low,Hydrated
25,Female,85.04,2.25,Low,Hydrated
36,Female,98.08,1.78,Low,At Risk of Dehydration
47,Female,72.78,2.45,Moderate,Hydrated
30,Female,80.54,3.08,Moderate,Hydrated
29,Female,66.63,1.62,Moderate,At Risk of Dehydration
55,Male,70.19,1.15,High,At Risk of Dehydration
58,Male,73.72,1.67,Low,At Risk of Dehydration
55,Male,71.07,1.62,Moderate,At Risk of Dehydration
47,Female,96.68,1.82,High,At Risk of Dehydration
55,Female,83.45,1.79,Moderate,At Risk of Dehydration
57,Male,67.31,2.97,Low,At Risk of Dehydration
28,Female,59.63,3.24,High,Hydrated
37,Male,50.18,3.51,High,At Risk of Dehydration
27,Male,99.58,2.97,Low,At Risk of Dehydration
26,Male,91.93,3.78,High,Hydrated
40,Female,46.1,2.22,High,At Risk of Dehydration
36,Female,49.16,2.99,High,Hydrated
22,Male,82.58,1.54,Low,At Risk of Dehydration
36,Male,80.48,1.51,Low,At Risk of Dehydration
41,Male,88.44,1.29,High,At Risk of Dehydration
19,Male,80.34,3.52,Moderate,At Risk of Dehydration
56,Male,57.22,3.12,High,Hydrated
23,Female,49.11,3.16,Low,Hydrated
43,Male,89.94,2.56,Moderate,At Risk of Dehydration
40,Female,62.38,1.54,High,Hydrated
19,Male,53.0,3.84,High,Hydrated
37,Female,46.04,2.11,High,At Risk of Dehydration
53,Female,64.19,2.92,High,At Risk of Dehydration
31,Female,98.74,3.33,High,At Risk of Dehydration
31,Female,47.9,1.65,Moderate,At Risk of Dehydration
22,Female,57.56,1.13,High,At Risk of Dehydration
30,Female,88.29,2.54,High,At Risk of Dehydration
37,Female,78.05,1.44,Low,At Risk of Dehydration
55,Male,63.17,2.0,Moderate,At Risk of Dehydration
18,Female,79.06,2.11,Low,At Risk of Dehydration
37,Female,93.66,3.19,Low,Hydrated
52,Female,99.74,3.61,Low,Hydrated
45,Female,57.71,3.52,Low,Hydrated
59,Female,91.31,1.43,High,At Risk of Dehydration
52,Male,45.03,1.46,Moderate,At Risk of Dehydration
27,Male,83.54,1.39,Moderate,At Risk of Dehydration
28,Female,66.69,2.85,High,At Risk of Dehydration
26,Female,78.16,3.47,Low,Hydrated
49,Male,87.73,3.87,Low,Hydrated
52,Female,87.4,3.52,High,At Risk of Dehydration
54,Male,48.29,2.13,Moderate,At Risk of Dehydration
33,Male,60.79,3.14,High,At Risk of Dehydration
39,Male,63.0,2.27,High,At Risk of Dehydration
53,Male,69.42,3.56,Moderate,Hydrated
45,Male,81.14,2.53,Low,At Risk of Dehydration
22,Male,85.71,2.25,High,Hydrated
32,Female,71.82,2.38,Low,Hydrated
35,Male,79.69,1.45,Moderate,At Risk of Dehydration
18,Female,87.63,3.62,High,At Risk of Dehydration
57,Female,82.52,3.88,High,Hydrated
31,Male,95.96,2.18,High,At Risk of Dehydration
41,Female,77.27,3.98,Low,Hydrated
27,Female,58.54,1.89,High,Hydrated
38,Female,87.12,2.75,High,At Risk of Dehydration
31,Male,46.69,3.01,High,Hydrated
56,Female,71.29,2.58,High,At Risk of Dehydration
59,Female,57.41,1.92,Low,At Risk of Dehydration
54,Male,55.07,3.85,Low,Hydrated
29,Female,73.41,2.88,High,At Risk of Dehydration
24,Female,73.3,3.96,Low,Hydrated
55,Female,60.23,2.21,Low,At Risk of Dehydration
23,Male,57.57,2.25,Moderate,At Risk of Dehydration
18,Female,98.77,1.93,Moderate,At Risk of Dehydration
44,Male,73.04,1.8,Low,Hydrated
40,Male,74.34,3.19,Low,Hydrated
20,Male,48.79,2.21,High,At Risk of Dehydration
18,Female,63.88,3.31,Low,At Risk of Dehydration
34,Male,63.12,2.35,High,At Risk of Dehydration
26,Female,73.54,2.22,Low,At Risk of Dehydration
28,Female,52.96,2.58,Low,At Risk of Dehydration
53,Male,73.66,3.65,High,At Risk of Dehydration
56,Female,77.41,1.21,Moderate,At Risk of Dehydration
54,Female,86.82,3.64,Low,Hydrated
45,Female,51.09,2.07,Low,At Risk of Dehydration
51,Male,81.17,3.0,Low,At Risk of Dehydration
36,Male,47.25,1.31,Low,At Risk of Dehydration
33,Female,64.16,2.35,Moderate,At Risk of Dehydration
25,Female,75.51,3.09,Low,Hydrated
49,Female,56.46,1.21,Moderate,At Risk of Dehydration
27,Male,66.97,1.01,High,At Risk of Dehydration
34,Male,93.88,3.1,Moderate,At Risk of Dehydration
56,Male,88.94,2.32,Moderate,At Risk of Dehydration
39,Female,93.91,1.76,High,At Risk of Dehydration
42,Male,76.53,1.23,High,At Risk of Dehydration
51,Male,53.35,3.51,High,Hydrated
23,Male,96.02,1.86,Low,At Risk of Dehydration
29,Male,65.66,2.95,Low,At Risk of Dehydration
30,Male,94.8,1.78,Moderate,At Risk of Dehydration
54,Male,51.01,3.59,Low,At Risk of Dehydration
45,Male,79.75,2.54,High,Hydrated
52,Female,91.14,2.69,High,At Risk of Dehydration
52,Male,67.59,1.48,Low,At Risk of Dehydration
59,Female,62.0,2.97,High,At Risk of Dehydration
50,Male,58.09,1.39,High,At Risk of Dehydration
23,Male,92.78,1.73,Moderate,At Risk of Dehydration
18,Male,54.45,3.06,Low,Hydrated
52,Female,90.22,3.18,High,Hydrated
48,Male,96.71,2.21,Low,At Risk of Dehydration
54,Female,73.14,1.64,High,At Risk of Dehydration
19,Female,74.3,3.06,High,Hydrated
58,Female,64.0,1.36,Moderate,At Risk of Dehydration
30,Female,91.4,2.38,Moderate,At Risk of Dehydration
36,Female,61.72,2.63,High,At Risk of Dehydration
31,Female,60.16,2.17,Low,At Risk of Dehydration
50,Female,63.15,3.75,High,Hydrated
58,Female,80.57,2.78,Low,At Risk of Dehydration
52,Male,60.86,2.9,High,At Risk of Dehydration
53,Male,88.46,1.76,Low,Hydrated
38,Female,51.66,2.88,High,At Risk of Dehydration
29,Female,95.98,2.41,Moderate,At Risk of Dehydration
20,Male,91.04,1.51,High,At Risk of Dehydration
23,Female,66.03,2.03,Moderate,At Risk of Dehydration
31,Male,71.98,2.93,High,At Risk of Dehydration
19,Female,84.41,2.57,Low,Hydrated
49,Female,52.89,3.19,High,At Risk of Dehydration
46,Female,55.95,1.91,Moderate,At Risk of Dehydration
24,Male,66.55,1.5,Moderate,At Risk of Dehydration
28,Female,71.02,3.63,Moderate,Hydrated
57,Female,97.61,3.43,Moderate,At Risk of Dehydration
37,Male,88.06,2.28,Low,At Risk of Dehydration
42,Female,54.27,3.82,High,Hydrated
27,Male,72.95,3.46,Low,Hydrated
53,Female,76.55,3.61,Low,Hydrated
18,Male,56.61,1.29,Low,At Risk of Dehydration
22,Male,55.29,3.53,Low,At Risk of Dehydration
42,Male,49.39,3.5,High,Hydrated
51,Male,68.02,3.29,Low,Hydrated
44,Female,79.43,3.04,Moderate,At Risk of Dehydration
18,Male,56.52,1.43,Moderate,At Risk of Dehydration
23,Male,75.15,3.63,Moderate,Hydrated
20,Female,71.2,2.66,High,At Risk of Dehydration
53,Male,78.36,1.62,High,At Risk of Dehydration
43,Male,92.59,2.71,Moderate,Hydrated
53,Female,96.52,3.26,Low,Hydrated
25,Female,69.22,1.93,Low,At Risk of Dehydration
43,Male,75.32,2.18,Low,At Risk of Dehydration
19,Female,97.34,2.19,High,At Risk of Dehydration
50,Male,69.84,3.76,Moderate,Hydrated
23,Female,56.43,1.98,Moderate,At Risk of Dehydration
26,Male,78.02,1.51,High,At Risk of Dehydration
59,Female,91.51,3.87,Low,Hydrated
21,Male,75.82,2.2,High,At Risk of Dehydration
33,Female,67.87,1.65,High,At Risk of Dehydration
39,Male,88.15,1.22,High,At Risk of Dehydration
40,Female,81.93,1.84,Moderate,At Risk of Dehydration
31,Male,93.72,3.62,Moderate,Hydrated
54,Male,60.87,1.14,Moderate,At Risk of Dehydration
35,Male,86.96,3.06,Moderate,At Risk of Dehydration
31,Male,86.62,2.31,High,At Risk of Dehydration
57,Female,89.01,3.0,Moderate,At Risk of Dehydration
30,Male,98.57,3.46,Low,At Risk of Dehydration
22,Male,64.67,3.19,Moderate,Hydrated
34,Female,68.52,1.79,High,At Risk of Dehydration
51,Female,68.2,2.09,High,At Risk of Dehydration
41,Female,67.08,3.2,High,At Risk of Dehydration
28,Female,76.35,3.31,High,Hydrated
39,Female,46.22,2.31,Low,At Risk of Dehydration
49,Male,62.52,1.07,Moderate,At Risk of Dehydration
27,Male,98.72,1.25,High,At Risk of Dehydration
20,Male,54.63,2.18,Moderate,At Risk of Dehydration
25,Female,91.48,3.13,Low,At Risk of Dehydration
51,Female,87.38,1.68,Low,At Risk of Dehydration
32,Male,61.5,1.01,Low,At Risk of Dehydration
53,Male,88.21,3.01,Moderate,At Risk of Dehydration
22,Female,51.79,2.85,Low,Hydrated
59,Male,45.95,1.61,Moderate,At Risk of Dehydration
21,Female,71.41,3.4,Moderate,Hydrated
34,Female,56.92,3.56,High,At Risk of Dehydration
28,Male,51.89,1.84,Moderate,At Risk of Dehydration
22,Female,88.12,1.68,Moderate,At Risk of Dehydration
42,Female,61.17,1.37,Moderate,At Risk of Dehydration
52,Male,49.19,3.65,Low,Hydrated
39,Female,65.94,2.44,High,Hydrated
30,Male,97.04,1.89,Low,At Risk of Dehydration
45,Male,60.31,1.25,Low,At Risk of Dehydration
41,Female,70.52,3.81,Moderate,Hydrated
21,Male,67.0,2.26,Moderate,At Risk of Dehydration
38,Female,88.56,3.69,High,At Risk of Dehydration
31,Female,61.3,2.88,Low,At Risk of Dehydration
36,Male,66.58,2.03,High,At Risk of Dehydration
28,Male,55.43,1.5,Low,At Risk of Dehydration
29,Male,59.84,1.18,High,At Risk of Dehydration
33,Male,74.77,2.65,High,At Risk of Dehydration
35,Male,64.58,3.69,Low,At Risk of Dehydration
23,Female,71.34,1.78,Moderate,At Risk of Dehydration
56,Male,80.25,3.06,Moderate,Hydrated
48,Female,61.31,1.97,Low,At Risk of Dehydration
36,Female,70.23,1.35,Low,At Risk of Dehydration
35,Female,72.62,3.58,Moderate,Hydrated
42,Male,83.53,3.99,Moderate,Hydrated
40,Male,93.81,2.84,High,At Risk of Dehydration
53,Male,71.93,3.6,High,Hydrated
31,Female,51.65,2.67,Low,Hydrated
34,Male,95.33,2.0,Low,At Risk of Dehydration
24,Male,86.87,2.98,Low,Hydrated
47,Male,80.12,2.02,High,Hydrated
22,Female,71.98,1.72,Moderate,At Risk of Dehydration
53,Female,73.12,3.09,Moderate,Hydrated
30,Female,98.25,3.97,Low,Hydrated
37,Female,63.25,1.56,High,At Risk of Dehydration
40,Female,74.97,2.67,Moderate,At Risk of Dehydration
45,Male,54.59,2.68,High,At Risk of Dehydration
27,Male,61.0,2.42,Low,At Risk of Dehydration
28,Female,88.94,3.15,Low,At Risk of Dehydration
29,Female,59.84,1.75,Low,At Risk of Dehydration
44,Male,66.41,3.22,High,At Risk of Dehydration
45,Female,89.89,1.22,Low,At Risk of Dehydration
37,Male,92.04,1.34,High,At Risk of Dehydration
33,Female,65.46,3.72,High,At Risk of Dehydration
40,Female,75.73,1.44,Moderate,At Risk of Dehydration
54,Female,70.27,2.94,Low,At Risk of Dehydration
44,Male,72.1,2.38,Low,Hydrated
38,Male,67.69,3.39,Low,At Risk of Dehydration
25,Male,48.1,3.76,High,Hydrated
36,Female,67.25,1.42,High,At Risk of Dehydration
23,Male,56.71,3.6,Moderate,At Risk of Dehydration
53,Male,73.86,3.03,Low,At Risk of Dehydration
58,Female,80.2,3.76,Low,At Risk of Dehydration
41,Male,73.81,3.53,Moderate,At Risk of Dehydration
43,Male,81.04,1.47,Moderate,At Risk of Dehydration
35,Female,45.42,2.63,Low,Hydrated
31,Female,86.58,3.57,Low,Hydrated
43,Female,45.31,3.39,Low,Hydrated
37,Male,78.06,2.85,Low,At Risk of Dehydration
42,Male,59.22,2.86,High,Hydrated
50,Male,97.02,2.98,Moderate,Hydrated
52,Female,98.94,3.28,Moderate,Hydrated
57,Male,67.79,2.69,Low,At Risk of Dehydration
20,Male,55.64,3.65,High,Hydrated
45,Male,76.47,3.22,High,Hydrated
49,Female,71.54,1.74,Moderate,At Risk of Dehydration
21,Female,86.43,2.06,Moderate,At Risk of Dehydration
29,Male,68.27,2.32,Low,At Risk of Dehydration
58,Female,76.24,1.64,Low,At Risk of Dehydration
22,Female,89.84,3.12,High,At Risk of Dehydration
22,Male,62.91,1.87,High,At Risk of Dehydration
37,Female,96.03,1.62,High,At Risk of Dehydration
40,Female,60.16,2.11,Moderate,At Risk of Dehydration
54,Male,70.98,3.91,High,At Risk of Dehydration
22,Female,93.55,1.12,Low,At Risk of Dehydration
24,Female,72.39,2.94,Moderate,Hydrated
28,Male,53.97,1.13,Moderate,At Risk of Dehydration
23,Male,81.3,3.62,Moderate,Hydrated
29,Male,61.74,1.49,High,At Risk of Dehydration
53,Female,75.39,1.82,Low,At Risk of Dehydration
32,Male,54.63,3.78,Moderate,At Risk of Dehydration
54,Male,80.1,2.7,Low,At Risk of Dehydration
33,Male,53.41,2.78,Moderate,At Risk of Dehydration
29,Male,71.26,1.53,Moderate,At Risk of Dehydration
37,Male,65.94,2.24,High,At Risk of Dehydration
28,Female,76.59,1.44,Low,At Risk of Dehydration
32,Male,83.85,3.88,Moderate,Hydrated
34,Female,70.03,1.48,Low,At Risk of Dehydration
58,Female,63.95,2.22,Moderate,At Risk of Dehydration
35,Female,65.05,2.31,High,At Risk of Dehydration
25,Male,46.83,3.38,Moderate,Hydrated
30,Female,50.8,3.92,High,Hydrated
53,Male,68.46,3.66,High,Hydrated
39,Male,49.6,2.39,Moderate,At Risk of Dehydration
48,Male,68.42,1.97,Low,At Risk of Dehydration
18,Male,52.89,1.65,Low,At Risk of Dehydration
44,Female,88.12,3.22,High,At Risk of Dehydration
44,Female,62.92,2.6,High,At Risk of Dehydration
50,Male,45.68,1.59,Low,At Risk of Dehydration
47,Female,92.55,1.77,High,At Risk of Dehydration
19,Male,99.3,3.65,Moderate,Hydrated
43,Female,81.7,1.11,Moderate,At Risk of Dehydration
51,Male,51.13,1.16,Moderate,At Risk of Dehydration
32,Male,75.93,1.95,High,At Risk of Dehydration
55,Female,86.53,1.73,Low,At Risk of Dehydration
23,Female,50.95,2.49,Moderate,Hydrated
33,Male,81.24,3.42,Low,At Risk of Dehydration
51,Female,48.74,3.65,Low,Hydrated
37,Female,86.88,3.86,Moderate,Hydrated
28,Male,72.27,2.71,Moderate,Hydrated
35,Female,66.63,2.78,Moderate,At Risk of Dehydration
46,Female,89.59,1.29,High,At Risk of Dehydration
26,Male,52.47,3.63,Low,Hydrated
53,Male,57.88,3.58,High,Hydrated
35,Female,96.83,3.22,Low,Hydrated
19,Male,85.46,2.19,High,Hydrated
52,Male,81.86,1.04,High,At Risk of Dehydration
18,Male,82.88,3.09,Low,Hydrated
36,Male,85.36,2.62,Low,At Risk of Dehydration
54,Male,82.08,2.13,Low,At Risk of Dehydration
25,Male,78.94,2.48,Low,At Risk of Dehydration
40,Female,60.95,2.66,Moderate,At Risk of Dehydration
49,Female,86.01,2.08,Low,At Risk of Dehydration
29,Male,77.84,1.65,Low,At Risk of Dehydration
39,Female,53.34,1.09,High,At Risk of Dehydration
55,Female,79.25,3.05,High,At Risk of Dehydration
31,Female,64.08,3.01,High,Hydrated
39,Female,50.01,2.86,High,Hydrated
40,Female,70.88,2.51,Moderate,Hydrated
55,Male,93.71,2.19,High,At Risk of Dehydration
47,Female,46.81,1.67,High,At Risk of Dehydration
54,Female,62.33,2.4,Moderate,At Risk of Dehydration
45,Male,47.93,1.34,High,At Risk of Dehydration
46,Male,76.34,1.41,Low,At Risk of Dehydration
23,Male,88.09,2.23,Low,At Risk of Dehydration
51,Male,96.04,3.08,Low,Hydrated
26,Male,77.88,2.44,High,At Risk of Dehydration
58,Female,65.54,3.06,Moderate,At Risk of Dehydration
19,Male,47.34,3.0,Low,At Risk of Dehydration
39,Female,61.58,3.1,Low,Hydrated
32,Female,53.08,3.76,Low,Hydrated
30,Male,64.49,3.61,High,Hydrated
35,Male,64.0,2.93,High,At Risk of Dehydration
29,Female,82.32,2.44,Low,At Risk of Dehydration
19,Male,70.29,2.32,High,At Risk of Dehydration
36,Male,76.66,3.71,High,Hydrated
35,Female,49.85,3.45,Moderate,Hydrated
24,Female,87.19,2.33,Low,Hydrated
38,Female,61.95,3.3,Moderate,At Risk of Dehydration
27,Female,46.96,3.95,Low,Hydrated
21,Female,89.98,1.42,Moderate,At Risk of Dehydration
38,Male,60.03,1.83,Low,At Risk of Dehydration
50,Female,72.44,2.85,Low,At Risk of Dehydration
33,Male,53.68,2.26,Low,At Risk of Dehydration
28,Male,60.35,2.27,High,Hydrated
59,Male,80.41,1.79,Moderate,At Risk of Dehydration
20,Female,97.43,3.24,High,Hydrated
30,Male,57.02,2.01,Moderate,At Risk of Dehydration
41,Male,99.7,3.69,Moderate,Hydrated
44,Male,73.54,2.15,High,At Risk of Dehydration
27,Male,72.14,1.95,Low,At Risk of Dehydration
43,Female,93.51,3.15,Moderate,At Risk of Dehydration
30,Female,93.75,1.79,Low,At Risk of Dehydration
32,Female,72.3,2.96,Low,At Risk of Dehydration
57,Male,47.22,3.58,Low,At Risk of Dehydration
28,Female,48.46,3.04,High,Hydrated
32,Female,89.1,1.08,High,At Risk of Dehydration
55,Male,80.05,3.6,Low,Hydrated
32,Female,49.17,1.74,High,At Risk of Dehydration
19,Male,68.13,1.9,Low,At Risk of Dehydration
41,Female,62.26,1.05,Moderate,At Risk of Dehydration
41,Male,61.03,2.45,Low,Hydrated
39,Male,62.31,2.32,Low,At Risk of Dehydration
30,Female,70.37,2.27,Moderate,Hydrated
56,Female,73.81,1.86,High,At Risk of Dehydration
32,Male,62.28,3.4,Moderate,Hydrated
32,Male,65.09,2.06,Low,At Risk of Dehydration
40,Female,69.51,2.39,Low,Hydrated
22,Male,61.2,1.09,High,At Risk of Dehydration
53,Male,63.69,3.18,Low,At Risk of Dehydration
24,Male,69.05,2.78,Moderate,At Risk of Dehydration
29,Female,74.22,2.2,Low,At Risk of Dehydration
42,Female,64.03,3.78,High,At Risk of Dehydration
51,Female,89.9,2.07,Low,At Risk of Dehydration
34,Female,60.88,1.79,Low,At Risk of Dehydration
52,Female,62.37,2.35,Moderate,At Risk of Dehydration
53,Female,67.31,2.75,High,At Risk of Dehydration
50,Male,75.3,3.52,High,Hydrated
43,Male,78.19,1.37,Moderate,At Risk of Dehydration
49,Female,74.7,2.58,Low,At Risk of Dehydration
43,Female,90.75,2.33,Low,Hydrated
25,Female,58.86,3.21,Low,At Risk of Dehydration
50,Male,87.91,3.68,Low,At Risk of Dehydration
24,Male,93.71,3.61,High,Hydrated
50,Male,55.87,3.46,High,Hydrated
43,Female,77.49,3.31,Moderate,Hydrated
41,Female,82.07,1.35,High,At Risk of Dehydration
18,Male,66.95,1.93,High,At Risk of Dehydration
25,Female,51.85,3.01,Low,At Risk of Dehydration
49,Female,56.52,1.61,Moderate,At Risk of Dehydration
47,Male,61.95,2.39,High,At Risk of Dehydration
44,Male,50.44,1.91,High,At Risk of Dehydration
49,Male,68.55,3.23,Moderate,Hydrated
28,Female,71.36,3.98,Moderate,Hydrated
26,Male,78.8,1.7,Low,At Risk of Dehydration
20,Male,89.52,1.55,High,At Risk of Dehydration
54,Female,99.56,1.14,Moderate,Hydrated
42,Female,99.16,2.42,High,At Risk of Dehydration
47,Female,63.46,1.97,Moderate,At Risk of Dehydration
26,Male,95.68,1.69,Moderate,At Risk of Dehydration
58,Female,99.46,1.35,Low,At Risk of Dehydration
47,Male,62.41,1.74,Moderate,At Risk of Dehydration
37,Male,51.25,2.01,High,At Risk of Dehydration
43,Male,99.79,1.05,Moderate,At Risk of Dehydration
54,Female,59.73,1.1,Moderate,At Risk of Dehydration
25,Male,72.56,2.91,Moderate,Hydrated
45,Female,88.41,1.95,Moderate,At Risk of Dehydration
31,Female,45.14,2.15,High,At Risk of Dehydration
32,Female,75.38,2.14,Low,At Risk of Dehydration
41,Male,95.78,1.17,Moderate,At Risk of Dehydration
25,Male,68.71,2.79,Moderate,At Risk of Dehydration
35,Male,79.17,3.44,Moderate,Hydrated
30,Male,93.48,3.12,Moderate,Hydrated
31,Male,62.05,3.12,High,At Risk of Dehydration
20,Female,92.78,2.5,Moderate,At Risk of Dehydration
45,Male,47.14,2.62,High,At Risk of Dehydration
54,Female,60.34,1.28,High,At Risk of Dehydration
26,Male,57.22,1.7,Moderate,At Risk of Dehydration
37,Male,90.63,2.18,Moderate,At Risk of Dehydration
27,Female,65.5,3.46,Low,At Risk of Dehydration
49,Female,85.36,2.6,Moderate,At Risk of Dehydration
58,Female,61.02,1.69,High,At Risk of Dehydration
30,Male,48.52,3.33,Moderate,At Risk of Dehydration
52,Female,73.02,3.69,Low,Hydrated
54,Female,67.53,3.37,Low,Hydrated
58,Female,48.46,2.79,Moderate,At Risk of Dehydration
29,Male,63.37,3.25,Low,At Risk of Dehydration
26,Male,50.93,1.9,Moderate,At Risk of Dehydration
22,Female,80.45,2.69,High,At Risk of Dehydration
42,Male,94.26,2.44,Low,Hydrated
46,Female,75.73,3.42,High,At Risk of Dehydration
56,Male,59.08,1.07,Moderate,At Risk of Dehydration
41,Male,70.95,3.94,Low,Hydrated
50,Female,88.21,3.53,Low,Hydrated
34,Male,70.63,3.82,High,Hydrated
34,Male,73.99,2.82,High,At Risk of Dehydration
34,Male,52.13,1.02,Moderate,At Risk of Dehydration
34,Female,47.34,3.66,High,Hydrated
25,Male,80.31,1.92,Moderate,At Risk of Dehydration
58,Female,91.22,3.12,Moderate,At Risk of Dehydration
33,Female,63.78,2.3,High,At Risk of Dehydration
31,Female,46.57,2.33,High,At Risk of Dehydration
27,Female,81.72,1.03,High,At Risk of Dehydration
41,Male,98.06,2.45,Moderate,At Risk of Dehydration
52,Female,76.65,3.44,Moderate,Hydrated
29,Male,88.41,3.95,Low,Hydrated
42,Male,56.04,3.77,Low,Hydrated
30,Female,96.83,1.92,Moderate,At Risk of Dehydration
28,Female,88.59,1.49,Moderate,At Risk of Dehydration
20,Male,68.43,1.11,Low,At Risk of Dehydration
29,Female,97.2,2.56,High,At Risk of Dehydration
44,Male,96.22,1.37,High,At Risk of Dehydration
56,Female,60.48,2.68,Low,At Risk of Dehydration
59,Female,50.87,3.38,High,At Risk of Dehydration
40,Male,95.37,2.92,High,At Risk of Dehydration
41,Female,92.48,3.66,Moderate,Hydrated
25,Male,80.86,2.74,High,At Risk of Dehydration
49,Male,59.02,3.82,Moderate,Hydrated
34,Female,72.26,2.52,Moderate,Hydrated
53,Female,59.76,1.48,High,At Risk of Dehydration
51,Male,52.62,1.85,High,At Risk of Dehydration
32,Male,65.02,2.69,High,At Risk of Dehydration
32,Male,61.33,1.05,Moderate,At Risk of Dehydration
54,Male,60.51,1.85,Low,At Risk of Dehydration
37,Female,60.99,1.74,High,At Risk of Dehydration
37,Female,73.48,3.42,Low,Hydrated
37,Male,64.34,3.83,High,Hydrated
25,Female,62.18,2.69,High,At Risk of Dehydration
58,Male,75.81,2.73,High,At Risk of Dehydration
50,Female,50.31,3.85,Moderate,Hydrated
26,Female,71.12,3.05,Moderate,At Risk of Dehydration
35,Female,95.27,3.06,Low,At Risk of Dehydration
44,Female,56.8,2.33,High,Hydrated
37,Male,75.05,3.37,High,At Risk of Dehydration
43,Male,99.75,2.56,Moderate,At Risk of Dehydration
32,Female,45.96,1.01,High,At Risk of Dehydration
43,Male,88.72,3.96,Moderate,Hydrated
57,Female,81.5,3.81,Low,Hydrated
29,Female,84.97,1.16,High,At Risk of Dehydration
55,Female,47.07,3.45,High,At Risk of Dehydration
35,Female,59.01,3.69,Moderate,Hydrated
58,Female,77.56,3.45,Moderate,Hydrated
44,Female,51.57,1.41,High,At Risk of Dehydration
32,Male,76.9,1.29,High,At Risk of Dehydration
44,Female,57.15,2.86,Moderate,At Risk of Dehydration
18,Male,86.68,2.87,High,At Risk of Dehydration
32,Male,78.29,2.65,Moderate,At Risk of Dehydration
35,Female,56.46,2.72,High,At Risk of Dehydration
58,Male,70.27,2.0,High,At Risk of Dehydration
50,Male,89.11,2.32,Moderate,Hydrated
54,Female,62.52,1.22,Moderate,At Risk of Dehydration
30,Male,64.31,2.9,Low,Hydrated
51,Female,97.68,1.63,Low,At Risk of Dehydration
25,Male,66.66,1.4,Low,At Risk of Dehydration
19,Male,45.3,3.36,High,Hydrated
56,Female,92.84,1.68,Moderate,At Risk of Dehydration
40,Female,54.91,1.85,Moderate,Hydrated
34,Male,93.83,3.75,Moderate,Hydrated
32,Female,77.95,1.23,Low,At Risk of Dehydration
55,Male,64.26,1.78,High,At Risk of Dehydration
31,Male,71.36,3.83,Moderate,At Risk of Dehydration
33,Female,79.12,3.62,Moderate,Hydrated
55,Male,95.01,2.35,Low,At Risk of Dehydration
56,Female,52.16,3.86,High,Hydrated
53,Female,97.13,2.62,Moderate,At Risk of Dehydration
23,Male,70.93,3.43,Low,Hydrated
19,Male,56.85,2.57,Moderate,Hydrated
28,Male,58.77,3.69,High,At Risk of Dehydration
57,Male,64.67,1.86,High,At Risk of Dehydration
19,Female,69.0,1.08,Low,At Risk of Dehydration
33,Female,49.91,3.8,Moderate,Hydrated
44,Female,62.86,1.64,Low,At Risk of Dehydration
20,Male,54.23,2.83,Moderate,Hydrated
49,Female,81.43,1.34,High,At Risk of Dehydration
35,Female,77.19,2.5,High,Hydrated
35,Female,51.71,1.55,Moderate,At Risk of Dehydration
36,Male,48.29,2.18,Low,Hydrated
57,Male,72.2,3.46,Low,Hydrated
47,Female,86.0,1.18,Moderate,At Risk of Dehydration
20,Male,70.47,3.06,Moderate,At Risk of Dehydration
59,Female,99.04,2.72,Low,At Risk of Dehydration
38,Female,76.82,1.18,Low,At Risk of Dehydration
49,Male,89.73,2.37,Low,At Risk of Dehydration
51,Male,97.52,2.46,Low,At Risk of Dehydration
51,Female,75.5,3.44,High,Hydrated
43,Male,53.53,2.75,Moderate,At Risk of Dehydration
41,Male,98.14,3.2,Low,At Risk of Dehydration
40,Female,48.06,3.13,High,Hydrated
25,Female,45.99,1.69,Low,At Risk of Dehydration
32,Female,83.66,2.25,Moderate,At Risk of Dehydration
40,Male,71.27,3.24,High,At Risk of Dehydration
47,Female,67.58,3.04,Moderate,At Risk of Dehydration
34,Female,63.03,2.37,High,Hydrated
37,Male,95.64,2.61,Low,At Risk of Dehydration
48,Female,74.66,2.69,Low,At Risk of Dehydration
53,Female,79.47,2.96,High,At Risk of Dehydration
27,Female,78.71,2.11,High,At Risk of Dehydration
36,Male,45.04,2.89,High,Hydrated
29,Female,46.89,1.0,High,At Risk of Dehydration
18,Female,59.35,1.62,High,At Risk of Dehydration
40,Male,93.77,3.6,Moderate,Hydrated
35,Female,52.8,2.87,High,At Risk of Dehydration
37,Female,76.96,1.64,Moderate,At Risk of Dehydration
32,Male,98.36,2.43,High,At Risk of Dehydration
59,Female,54.16,3.96,Moderate,At Risk of Dehydration
44,Male,89.8,3.23,Moderate,Hydrated
47,Female,90.63,3.61,High,At Risk of Dehydration
57,Female,66.33,1.53,Moderate,At Risk of Dehydration
59,Male,77.68,2.94,High,Hydrated
52,Female,85.58,2.37,Moderate,At Risk of Dehydration
22,Male,82.26,3.79,High,Hydrated
21,Female,52.17,3.99,High,Hydrated
50,Female,89.92,1.36,Low,At Risk of Dehydration
34,Male,92.08,2.1,High,At Risk of Dehydration
36,Female,71.91,1.66,Low,At Risk of Dehydration
24,Female,87.92,2.33,Low,At Risk of Dehydration
57,Female,56.64,1.85,Moderate,At Risk of Dehydration
20,Male,50.08,3.88,Low,Hydrated
27,Female,48.29,2.72,High,At Risk of Dehydration
52,Male,51.56,1.91,Low,Hydrated
28,Female,83.99,1.43,Low,At Risk of Dehydration
33,Female,93.18,2.29,Low,At Risk of Dehydration
37,Male,47.24,3.82,Moderate,Hydrated
33,Male,50.93,1.21,Moderate,Hydrated
22,Female,81.0,3.65,High,Hydrated
33,Male,95.29,3.94,Moderate,Hydrated
45,Male,94.11,3.38,High,At Risk of Dehydration
20,Male,45.78,1.88,Low,At Risk of Dehydration
51,Male,68.62,1.44,High,At Risk of Dehydration
34,Female,49.86,1.91,High,At Risk of Dehydration
29,Male,89.13,2.33,Low,Hydrated
38,Male,59.4,2.67,High,At Risk of Dehydration
59,Female,66.42,3.23,High,At Risk of Dehydration
24,Male,94.75,3.81,Low,Hydrated
43,Female,81.16,2.37,Low,At Risk of Dehydration
57,Male,74.95,1.86,High,At Risk of Dehydration
27,Male,74.03,1.17,High,At Risk of Dehydration
53,Male,51.18,2.26,High,At Risk of Dehydration
22,Male,64.1,1.25,Low,At Risk of Dehydration
18,Female,63.19,2.41,Moderate,At Risk of Dehydration
21,Male,77.5,1.05,Low,At Risk of Dehydration
28,Male,60.23,3.56,High,At Risk of Dehydration
49,Male,86.36,3.32,Low,At Risk of Dehydration
51,Male,53.88,1.67,Low,At Risk of Dehydration
32,Female,77.51,2.08,Moderate,At Risk of Dehydration
25,Female,91.14,2.26,Low,Hydrated
43,Female,64.71,1.18,Low,At Risk of Dehydration
59,Male,75.84,1.07,High,At Risk of Dehydration
55,Female,74.83,3.25,High,At Risk of Dehydration
29,Female,96.56,2.58,Low,At Risk of Dehydration
40,Female,97.73,2.66,High,At Risk of Dehydration
45,Male,49.32,2.29,Low,At Risk of Dehydration
49,Male,76.43,1.69,Moderate,Hydrated
54,Male,86.28,3.95,High,At Risk of Dehydration
58,Female,93.32,1.55,Moderate,At Risk of Dehydration
56,Male,94.19,3.91,Low,Hydrated
42,Female,80.37,1.42,Low,At Risk of Dehydration
54,Female,59.54,2.86,High,At Risk of Dehydration
20,Male,88.89,2.5,Low,Hydrated
38,Male,68.78,1.49,Low,At Risk of Dehydration
19,Male,50.65,1.97,Moderate,At Risk of Dehydration
24,Male,52.7,2.88,Moderate,Hydrated
52,Female,64.6,3.96,Low,Hydrated
32,Female,53.04,1.46,High,At Risk of Dehydration
31,Male,87.92,3.17,Low,At Risk of Dehydration
41,Male,59.88,2.43,Low,Hydrated
51,Male,90.67,2.34,Moderate,Hydrated
46,Female,46.0,2.52,Low,At Risk of Dehydration
59,Female,53.02,2.28,High,At Risk of Dehydration
59,Female,87.94,2.13,Moderate,At Risk of Dehydration
32,Male,93.22,3.32,Moderate,At Risk of Dehydration
32,Female,83.33,3.1,High,At Risk of Dehydration
51,Male,55.9,1.59,Moderate,At Risk of Dehydration
37,Female,71.98,3.81,Moderate,Hydrated
19,Male,66.08,3.36,Moderate,Hydrated
22,Female,57.32,3.03,High,At Risk of Dehydration
50,Female,57.17,1.12,Moderate,At Risk of Dehydration
49,Female,84.88,1.84,High,At Risk of Dehydration
22,Male,74.69,2.15,High,At Risk of Dehydration
24,Male,61.37,2.6,Moderate,At Risk of Dehydration
29,Male,97.49,3.21,High,At Risk of Dehydration
20,Female,89.98,3.27,Low,At Risk of Dehydration
24,Male,90.09,3.1,Moderate,At Risk of Dehydration
19,Female,66.61,3.22,Low,Hydrated
18,Male,96.8,1.44,High,At Risk of Dehydration
24,Male,75.63,3.11,Moderate,At Risk of Dehydration
57,Female,74.24,2.67,Moderate,At Risk of Dehydration
52,Female,97.12,1.04,High,At Risk of Dehydration
21,Male,83.67,2.96,Low,At Risk of Dehydration
33,Male,89.33,3.59,High,At Risk of Dehydration
58,Male,48.53,2.47,High,At Risk of Dehydration
38,Female,76.81,2.66,Moderate,At Risk of Dehydration
40,Male,66.09,3.42,Low,At Risk of Dehydration
46,Female,50.54,3.59,Moderate,Hydrated
45,Female,64.03,3.77,Moderate,Hydrated
18,Female,69.18,1.75,High,Hydrated
23,Male,59.51,2.34,Low,At Risk of Dehydration
45,Female,93.81,1.52,Low,At Risk of Dehydration
55,Male,49.79,1.18,High,At Risk of Dehydration
38,Male,82.55,2.02,Low,At Risk of Dehydration
37,Male,80.1,3.04,Low,At Risk of Dehydration
18,Female,82.51,3.58,Moderate,Hydrated
40,Female,73.22,1.79,High,At Risk of Dehydration
55,Male,79.84,1.87,High,At Risk of Dehydration
49,Male,49.05,4.0,High,Hydrated
20,Female,54.65,1.46,Low,At Risk of Dehydration
29,Male,86.17,3.31,Low,At Risk of Dehydration
25,Male,81.53,2.83,Moderate,Hydrated
37,Male,56.27,2.98,Moderate,Hydrated
47,Male,49.83,1.28,High,At Risk of Dehydration
39,Male,98.25,2.47,Moderate,At Risk of Dehydration
26,Male,61.54,3.48,Moderate,At Risk of Dehydration
34,Male,71.25,3.18,Moderate,At Risk of Dehydration
35,Female,56.1,1.76,High,At Risk of Dehydration
23,Male,62.29,2.59,Low,At Risk of Dehydration
27,Male,94.45,2.28,High,At Risk of Dehydration
52,Female,82.89,2.96,Moderate,At Risk of Dehydration
34,Female,91.54,2.21,High,At Risk of Dehydration
51,Female,88.69,3.07,High,At Risk of Dehydration
32,Female,86.79,2.01,High,At Risk of Dehydration
52,Female,82.21,3.17,High,At Risk of Dehydration
27,Female,48.95,2.71,High,At Risk of Dehydration
48,Female,91.44,3.29,High,Hydrated
45,Male,46.04,2.37,High,At Risk of Dehydration
31,Male,52.04,1.44,Low,Hydrated
56,Male,71.9,2.34,High,At Risk of Dehydration
46,Female,79.05,1.78,Low,At Risk of Dehydration
38,Male,45.49,2.12,Low,At Risk of Dehydration
18,Male,69.56,2.55,Moderate,Hydrated
52,Male,74.0,3.21,High,Hydrated
53,Male,84.7,3.74,Low,At Risk of Dehydration
25,Female,92.32,2.62,High,Hydrated
32,Male,91.72,2.09,High,At Risk of Dehydration
46,Male,51.12,3.14,Low,Hydrated
52,Female,97.01,2.1,Low,At Risk of Dehydration
54,Male,93.84,2.37,Low,At Risk of Dehydration
37,Male,91.01,1.05,Low,At Risk of Dehydration
50,Female,73.93,2.0,Moderate,At Risk of Dehydration
44,Male,62.56,2.48,Low,Hydrated
32,Female,94.27,3.57,Low,Hydrated
52,Female,82.89,2.96,Moderate,At Risk of Dehydration
39,Female,61.41,3.58,High,At Risk of Dehydration
20,Male,48.03,1.46,Low,At Risk of Dehydration
28,Female,98.57,3.87,Moderate,Hydrated
25,Female,71.68,1.17,Moderate,At Risk of Dehydration
31,Female,70.14,2.88,Low,Hydrated
50,Female,72.11,1.64,Low,At Risk of Dehydration
34,Male,67.37,3.46,High,Hydrated
54,Female,89.98,2.65,Low,At Risk of Dehydration
56,Female,72.86,3.65,Moderate,Hydrated
28,Male,62.94,3.35,Low,Hydrated
54,Male,80.91,3.38,Moderate,Hydrated
59,Male,62.27,2.83,Low,At Risk of Dehydration
53,Male,75.49,1.88,Moderate,At Risk of Dehydration
20,Male,69.44,3.56,Low,Hydrated
37,Male,81.33,3.49,Moderate,Hydrated
34,Female,77.1,2.36,Moderate,Hydrated
55,Male,89.26,3.57,Moderate,Hydrated
19,Female,73.07,3.42,Moderate,Hydrated
42,Female,77.84,1.31,Moderate,At Risk of Dehydration
45,Female,47.65,3.85,High,At Risk of Dehydration
23,Male,58.98,1.49,High,At Risk of Dehydration
57,Female,46.71,2.88,High,At Risk of Dehydration
55,Male,87.09,2.66,Low,At Risk of Dehydration
32,Female,59.23,2.12,Moderate,At Risk of Dehydration
38,Female,89.0,2.38,High,At Risk of Dehydration
43,Male,53.57,1.52,Moderate,At Risk of Dehydration
38,Female,85.87,3.46,Moderate,Hydrated
20,Female,85.93,3.68,High,Hydrated
36,Male,87.09,3.93,Low,Hydrated
40,Male,67.28,2.14,High,At Risk of Dehydration
36,Female,99.61,3.6,Moderate,Hydrated
21,Female,80.35,2.24,Moderate,At Risk of Dehydration
23,Male,54.73,1.25,Moderate,At Risk of Dehydration
28,Female,99.65,3.51,Low,At Risk of Dehydration
26,Female,73.86,1.33,Moderate,At Risk of Dehydration
36,Female,46.11,2.12,High,At Risk of Dehydration
47,Female,76.31,1.89,Moderate,At Risk of Dehydration
42,Male,66.85,2.74,High,Hydrated
38,Female,62.74,2.48,High,Hydrated
50,Female,57.89,1.93,Low,At Risk of Dehydration
28,Female,50.54,2.87,Moderate,Hydrated
37,Female,46.17,1.25,Low,At Risk of Dehydration
32,Male,91.07,1.73,Moderate,At Risk of Dehydration
27,Female,61.51,1.29,Low,At Risk of Dehydration
46,Male,53.25,3.12,High,At Risk of Dehydration
36,Female,96.34,2.78,Moderate,At Risk of Dehydration
45,Female,97.76,1.99,Low,At Risk of Dehydration
47,Male,87.41,3.71,High,Hydrated
33,Male,60.55,3.69,Low,Hydrated
59,Male,56.4,2.94,High,At Risk of Dehydration
56,Female,80.74,3.3,Moderate,Hydrated
40,Female,81.11,3.3,High,At Risk of Dehydration
45,Female,83.24,1.33,Moderate,At Risk of Dehydration
54,Male,58.65,3.34,High,At Risk of Dehydration
32,Female,82.28,1.93,High,At Risk of Dehydration
39,Female,46.8,1.08,High,At Risk of Dehydration
32,Male,50.15,3.38,Low,Hydrated
57,Female,53.26,1.87,Low,At Risk of Dehydration
38,Female,98.09,1.49,Low,At Risk of Dehydration
26,Male,70.82,1.99,Low,At Risk of Dehydration
43,Male,89.77,3.24,High,At Risk of Dehydration
46,Female,83.78,3.7,Moderate,Hydrated
23,Male,94.91,1.49,Low,At Risk of Dehydration
21,Female,83.72,1.93,High,At Risk of Dehydration
20,Female,64.67,1.31,Low,At Risk of Dehydration
43,Male,78.66,2.92,High,At Risk of Dehydration
44,Female,55.89,3.32,High,Hydrated
41,Male,95.31,1.72,High,At Risk of Dehydration
56,Male,64.36,2.43,High,At Risk of Dehydration
43,Male,93.69,3.21,High,Hydrated
31,Female,95.91,3.98,Moderate,At Risk of Dehydration
35,Male,80.85,3.47,Low,At Risk of Dehydration
36,Male,79.18,1.45,Moderate,At Risk of Dehydration
48,Female,93.06,1.8,Low,Hydrated
28,Male,53.82,1.41,Low,At Risk of Dehydration
41,Male,64.48,2.25,Moderate,At Risk of Dehydration
45,Male,96.62,1.07,High,At Risk of Dehydration
26,Female,51.52,1.05,High,At Risk of Dehydration
46,Female,65.73,2.6,High,At Risk of Dehydration
31,Female,59.59,1.33,Low,At Risk of Dehydration
51,Male,45.67,1.25,Moderate,At Risk of Dehydration
52,Male,94.72,3.54,Low,Hydrated
47,Male,67.3,2.02,High,At Risk of Dehydration
29,Male,51.35,1.19,Moderate,At Risk of Dehydration
51,Male,59.37,3.57,High,At Risk of Dehydration
48,Male,55.12,3.18,Low,At Risk of Dehydration
39,Female,92.58,1.46,Moderate,At Risk of Dehydration
29,Male,93.78,2.0,High,At Risk of Dehydration
25,Female,72.68,3.79,Low,At Risk of Dehydration
38,Female,57.49,2.61,Low,At Risk of Dehydration
43,Female,48.64,3.8,Moderate,Hydrated
39,Female,83.81,2.56,Moderate,At Risk of Dehydration
25,Male,65.09,2.08,High,At Risk of Dehydration
27,Male,58.13,1.63,Moderate,At Risk of Dehydration
18,Female,83.01,2.7,Moderate,At Risk of Dehydration
45,Male,93.22,1.17,High,At Risk of Dehydration
22,Female,81.93,1.6,Moderate,At Risk of Dehydration
50,Female,91.53,3.91,Moderate,Hydrated
52,Female,65.88,2.41,Moderate,At Risk of Dehydration
41,Male,70.7,3.94,High,Hydrated
40,Female,71.46,1.26,Moderate,At Risk of Dehydration
59,Female,54.67,1.41,High,At Risk of Dehydration
20,Male,73.1,3.12,Low,At Risk of Dehydration
35,Male,82.23,2.33,Low,Hydrated
43,Female,45.93,2.56,High,At Risk of Dehydration
42,Male,64.1,2.88,High,At Risk of Dehydration
20,Male,65.85,3.92,Low,Hydrated
35,Male,82.81,2.82,High,At Risk of Dehydration
30,Male,86.07,1.08,High,At Risk of Dehydration
22,Female,74.04,3.85,Moderate,At Risk of Dehydration
22,Female,62.62,1.88,Low,At Risk of Dehydration
47,Male,81.39,2.33,Low,At Risk of Dehydration
45,Male,78.17,1.39,High,At Risk of Dehydration
41,Female,97.46,2.71,Moderate,Hydrated
19,Female,93.23,1.86,Low,At Risk of Dehydration
30,Male,77.18,1.44,Moderate,At Risk of Dehydration
39,Male,88.63,1.94,Low,At Risk of Dehydration
34,Male,77.82,3.97,High,Hydrated
30,Female,77.31,3.95,Moderate,At Risk of Dehydration
54,Female,90.6,2.36,High,At Risk of Dehydration
30,Female,51.75,3.56,High,Hydrated
32,Female,70.81,3.12,High,At Risk of Dehydration
47,Female,94.3,3.82,Low,Hydrated
46,Female,84.91,2.19,Low,At Risk of Dehydration
39,Male,55.31,2.67,Low,Hydrated
56,Female,80.59,1.77,Moderate,At Risk of Dehydration
52,Female,79.96,1.66,Low,At Risk of Dehydration
31,Female,61.19,2.66,Moderate,Hydrated
27,Male,73.48,1.07,Moderate,At Risk of Dehydration
28,Male,90.08,1.41,Low,At Risk of Dehydration
42,Female,67.53,2.33,High,At Risk of Dehydration
34,Male,97.06,3.46,Moderate,At Risk of Dehydration
30,Female,64.47,3.66,Moderate,At Risk of Dehydration
32,Male,59.94,2.57,Low,At Risk of Dehydration
20,Male,97.89,1.52,Moderate,At Risk of Dehydration
35,Female,96.34,3.78,Low,At Risk of Dehydration
39,Male,81.55,1.75,Moderate,At Risk of Dehydration
58,Male,49.92,3.96,Low,At Risk of Dehydration
53,Female,63.17,2.34,Low,At Risk of Dehydration
29,Female,91.82,1.27,Low,At Risk of Dehydration
55,Female,69.37,2.38,Moderate,At Risk of Dehydration
56,Male,72.74,1.75,Moderate,At Risk of Dehydration
30,Male,49.64,2.68,High,At Risk of Dehydration
56,Male,86.44,2.7,Moderate,At Risk of Dehydration
54,Male,82.85,3.63,Moderate,At Risk of Dehydration
59,Male,50.71,3.76,Low,Hydrated
34,Female,73.17,3.52,Low,Hydrated
42,Male,91.18,3.81,High,At Risk of Dehydration
26,Male,83.65,2.36,Low,At Risk of Dehydration
43,Male,85.94,2.99,Low,At Risk of Dehydration
30,Male,85.13,3.09,High,At Risk of Dehydration
42,Female,59.72,1.24,Moderate,At Risk of Dehydration
56,Male,46.23,1.47,High,At Risk of Dehydration
44,Female,51.26,1.96,High,At Risk of Dehydration
40,Female,69.9,1.74,Moderate,At Risk of Dehydration
20,Male,53.39,1.64,Low,At Risk of Dehydration
37,Female,87.84,3.82,High,At Risk of Dehydration
38,Female,95.12,1.6,High,At Risk of Dehydration
29,Male,90.65,3.12,Low,At Risk of Dehydration
50,Female,88.38,1.14,High,At Risk of Dehydration
28,Female,48.76,1.08,High,At Risk of Dehydration
33,Female,63.19,2.4,High,At Risk of Dehydration
41,Male,87.05,2.99,High,At Risk of Dehydration
38,Male,75.91,2.96,Moderate,At Risk of Dehydration
34,Female,96.67,1.6,Moderate,At Risk of Dehydration
56,Female,73.97,1.09,Moderate,At Risk of Dehydration
25,Female,80.87,2.07,Moderate,At Risk of Dehydration
51,Male,75.98,3.81,Low,Hydrated
19,Male,81.12,3.2,High,Hydrated
58,Male,51.53,2.24,High,Hydrated
24,Female,94.12,2.23,Moderate,At Risk of Dehydration
48,Female,98.75,3.4,Moderate,Hydrated
30,Female,71.23,3.77,High,At Risk of Dehydration
24,Male,60.27,2.53,Moderate,At Risk of Dehydration
27,Male,53.0,2.39,High,At Risk of Dehydration
45,Male,72.66,3.77,Moderate,Hydrated
37,Male,79.12,3.15,Moderate,Hydrated
20,Male,72.33,2.07,Moderate,At Risk of Dehydration
24,Male,52.47,2.91,Low,Hydrated
35,Female,89.23,2.38,Moderate,At Risk of Dehydration
43,Male,83.24,1.9,High,At Risk of Dehydration
37,Female,76.49,2.71,Low,At Risk of Dehydration
38,Male,62.69,2.24,High,Hydrated
25,Male,66.96,3.95,Moderate,Hydrated
53,Female,87.96,2.58,Moderate,At Risk of Dehydration
33,Male,62.78,2.92,Low,Hydrated
27,Male,50.34,3.31,Low,Hydrated
26,Male,89.63,1.29,Low,At Risk of Dehydration
23,Female,99.04,1.5,Low,At Risk of Dehydration
26,Female,84.81,3.57,High,Hydrated
37,Female,92.45,2.55,Low,Hydrated
40,Male,62.34,2.0,Low,At Risk of Dehydration
57,Male,70.1,3.99,High,At Risk of Dehydration
41,Male,88.87,1.06,High,At Risk of Dehydration
29,Female,66.96,1.08,Low,At Risk of Dehydration
34,Female,77.17,1.61,Moderate,At Risk of Dehydration
34,Male,66.64,2.39,Moderate,At Risk of Dehydration
40,Female,84.94,3.42,Moderate,At Risk of Dehydration
50,Male,71.34,1.83,High,At Risk of Dehydration
48,Male,57.01,2.42,High,At Risk of Dehydration
30,Female,55.73,3.81,Moderate,Hydrated
22,Male,59.65,1.74,Low,At Risk of Dehydration
35,Female,85.71,3.52,Moderate,Hydrated
19,Male,83.89,1.57,Low,At Risk of Dehydration
40,Male,47.02,2.25,Moderate,At Risk of Dehydration
43,Female,93.52,2.54,High,Hydrated
55,Female,99.29,2.1,Low,At Risk of Dehydration
55,Female,90.31,2.38,High,At Risk of Dehydration
19,Female,84.41,2.57,Low,Hydrated
23,Female,77.06,3.49,Moderate,Hydrated
52,Male,71.34,1.53,High,At Risk of Dehydration
20,Female,92.0,3.72,Low,At Risk of Dehydration
57,Female,50.44,3.0,High,At Risk of Dehydration
40,Male,62.42,1.67,High,At Risk of Dehydration
43,Male,68.27,1.17,High,At Risk of Dehydration
43,Male,80.44,2.84,Moderate,Hydrated
52,Female,49.66,2.87,High,At Risk of Dehydration
51,Male,69.89,2.81,High,At Risk of Dehydration
45,Female,69.18,3.28,High,Hydrated
22,Female,58.22,1.41,Low,At Risk of Dehydration
51,Male,76.75,1.04,Low,At Risk of Dehydration
25,Male,80.86,1.08,High,At Risk of Dehydration
28,Male,94.25,1.2,High,At Risk of Dehydration
57,Male,51.95,2.83,Low,At Risk of Dehydration
28,Female,94.23,3.06,High,Hydrated
54,Male,52.53,1.18,Low,At Risk of Dehydration
50,Female,68.98,1.94,High,At Risk of Dehydration
47,Male,61.69,2.75,High,At Risk of Dehydration
52,Male,91.71,1.2,High,At Risk of Dehydration
56,Male,48.67,3.9,High,Hydrated
20,Male,95.74,1.35,High,At Risk of Dehydration
47,Male,68.15,2.5,Low,At Risk of Dehydration
19,Male,47.49,1.73,Moderate,At Risk of Dehydration
20,Female,80.34,3.72,Low,Hydrated
20,Female,86.21,2.17,Moderate,At Risk of Dehydration
21,Female,79.52,1.86,Moderate,At Risk of Dehydration
36,Female,92.8,3.92,Moderate,At Risk of Dehydration
44,Male,62.59,2.59,Moderate,Hydrated
33,Male,90.07,1.08,High,At Risk of Dehydration
34,Female,49.13,1.22,Low,At Risk of Dehydration
39,Female,49.03,1.33,Moderate,At Risk of Dehydration
46,Male,54.32,2.83,High,At Risk of Dehydration
37,Female,78.38,1.65,Low,At Risk of Dehydration
31,Male,72.28,1.26,Low,At Risk of Dehydration
46,Female,72.85,2.05,Low,At Risk of Dehydration
35,Female,56.23,2.19,Moderate,At Risk of Dehydration
19,Male,67.34,3.86,High,Hydrated
30,Male,66.06,2.89,High,At Risk of Dehydration
45,Male,87.52,1.47,High,At Risk of Dehydration
58,Male,74.52,2.01,Moderate,At Risk of Dehydration
32,Female,83.35,1.93,Low,At Risk of Dehydration
48,Female,50.89,2.02,High,At Risk of Dehydration
20,Male,96.41,3.0,High,At Risk of Dehydration
33,Female,61.74,2.23,Moderate,At Risk of Dehydration
59,Male,81.73,3.18,Moderate,At Risk of Dehydration
44,Female,81.96,2.23,Low,At Risk of Dehydration
36,Female,95.49,3.45,Moderate,Hydrated
26,Male,51.03,3.13,High,At Risk of Dehydration
57,Female,62.38,1.24,High,At Risk of Dehydration
21,Male,98.74,2.9,Low,At Risk of Dehydration
24,Female,90.99,1.85,Moderate,At Risk of Dehydration
31,Male,95.03,2.43,Low,At Risk of Dehydration
22,Female,85.04,1.62,Moderate,At Risk of Dehydration
32,Female,59.18,2.29,Moderate,At Risk of Dehydration
29,Male,79.38,1.19,Moderate,At Risk of Dehydration
28,Female,60.16,3.56,Moderate,Hydrated
42,Female,52.36,1.24,Low,At Risk of Dehydration
36,Female,99.44,2.85,High,At Risk of Dehydration
53,Male,96.96,2.73,High,At Risk of Dehydration
41,Female,47.89,1.74,Low,At Risk of Dehydration
22,Female,86.69,1.24,Moderate,At Risk of Dehydration
51,Male,86.72,1.87,High,At Risk of Dehydration
58,Male,58.72,2.27,Low,At Risk of Dehydration
27,Female,63.44,2.87,Low,At Risk of Dehydration
27,Female,64.86,2.24,Low,Hydrated
23,Female,71.72,1.41,Moderate,At Risk of Dehydration
44,Female,81.31,3.88,Low,At Risk of Dehydration
23,Female,64.48,1.92,Moderate,At Risk of Dehydration
54,Female,93.01,2.25,Moderate,At Risk of Dehydration
45,Female,72.74,3.16,Low,Hydrated
57,Male,62.07,1.7,Low,At Risk of Dehydration
19,Male,99.77,1.41,Low,At Risk of Dehydration
39,Female,56.91,3.19,High,Hydrated
18,Female,84.6,1.39,Low,At Risk of Dehydration
25,Male,67.66,1.58,High,At Risk of Dehydration
18,Male,82.12,3.21,Moderate,At Risk of Dehydration
55,Male,58.04,2.52,High,At Risk of Dehydration
22,Female,86.86,2.59,High,At Risk of Dehydration
24,Female,86.31,1.77,Low,At Risk of Dehydration
20,Female,60.18,1.66,Low,At Risk of Dehydration
51,Female,90.73,2.85,High,At Risk of Dehydration
35,Male,59.96,3.32,Moderate,At Risk of Dehydration
35,Male,69.16,3.23,Low,Hydrated
37,Female,53.27,3.66,Moderate,Hydrated
48,Male,61.77,2.37,Moderate,At Risk of Dehydration
50,Female,94.44,2.37,Low,At Risk of Dehydration
47,Female,58.27,3.86,Low,Hydrated
18,Female,55.84,3.04,Moderate,At Risk of Dehydration
21,Male,97.17,3.52,Low,Hydrated
33,Male,47.42,3.53,Moderate,At Risk of Dehydration
46,Female,50.07,3.28,Low,At Risk of Dehydration
56,Male,92.43,2.83,Low,At Risk of Dehydration
51,Female,91.8,2.28,High,At Risk of Dehydration
44,Male,85.29,1.67,Moderate,At Risk of Dehydration
19,Male,77.65,1.14,Moderate,At Risk of Dehydration
32,Female,76.74,1.13,Low,At Risk of Dehydration
38,Female,68.68,1.32,Moderate,At Risk of Dehydration
29,Male,93.53,3.71,Low,At Risk of Dehydration
32,Female,81.35,1.28,Low,At Risk of Dehydration
58,Female,74.5,1.37,Low,At Risk of Dehydration
25,Male,59.33,3.83,High,Hydrated
59,Male,49.76,2.81,Low,Hydrated
57,Female,98.19,3.87,Low,Hydrated
34,Female,99.15,1.64,High,At Risk of Dehydration
21,Female,87.9,2.0,Moderate,Hydrated
58,Male,47.94,2.56,High,At Risk of Dehydration
46,Female,94.43,2.4,Moderate,At Risk of Dehydration
48,Male,74.07,2.66,High,At Risk of Dehydration
44,Male,62.95,3.88,High,Hydrated
21,Male,76.87,1.4,High,At Risk of Dehydration
43,Male,67.44,2.45,Low,At Risk of Dehydration
50,Male,89.99,3.74,Low,At Risk of Dehydration
30,Female,65.18,3.14,Low,Hydrated
50,Female,56.5,2.57,Low,Hydrated
53,Female,48.55,1.12,Moderate,Hydrated
21,Female,71.08,2.44,Moderate,At Risk of Dehydration
44,Female,72.81,2.69,Moderate,Hydrated
33,Male,77.46,1.43,Low,At Risk of Dehydration
20,Female,51.45,3.52,Low,Hydrated
34,Male,54.71,3.92,High,At Risk of Dehydration
55,Male,90.22,2.5,High,Hydrated
19,Female,53.82,2.13,Low,At Risk of Dehydration
22,Male,85.98,2.6,High,At Risk of Dehydration
25,Male,58.21,2.39,Moderate,At Risk of Dehydration
41,Male,84.48,2.53,Moderate,Hydrated
19,Male,69.89,2.31,Low,At Risk of Dehydration
48,Female,94.96,1.87,Moderate,At Risk of Dehydration
37,Male,53.74,2.23,Moderate,At Risk of Dehydration
43,Male,47.25,3.8,High,Hydrated
48,Male,98.03,1.43,Moderate,At Risk of Dehydration
59,Male,70.35,1.46,Moderate,At Risk of Dehydration
49,Male,81.9,3.95,Low,Hydrated
40,Male,76.79,3.62,Low,Hydrated
34,Female,68.52,1.79,High,At Risk of Dehydration
53,Female,69.2,2.22,Moderate,At Risk of Dehydration
58,Female,68.65,3.56,Moderate,Hydrated
51,Male,62.85,2.12,High,At Risk of Dehydration
31,Female,96.92,2.02,High,At Risk of Dehydration
46,Female,76.73,3.63,Moderate,Hydrated
40,Male,73.21,3.35,High,Hydrated
22,Female,67.07,1.07,Moderate,At Risk of Dehydration
55,Female,53.8,1.53,Low,At Risk of Dehydration
58,Male,50.59,2.43,Moderate,At Risk of Dehydration
30,Male,59.04,2.5,High,At Risk of Dehydration
21,Female,87.46,1.58,High,At Risk of Dehydration
54,Male,69.57,1.2,Moderate,At Risk of Dehydration
35,Female,46.61,3.93,Moderate,Hydrated
45,Female,49.64,2.72,Low,At Risk of Dehydration
39,Male,50.02,3.93,Low,At Risk of Dehydration
41,Female,57.08,2.97,Low,At Risk of Dehydration
55,Male,87.46,3.86,Low,Hydrated
45,Female,73.3,3.48,Moderate,Hydrated
39,Female,76.14,1.75,High,At Risk of Dehydration
59,Female,59.06,1.87,Low,At Risk of Dehydration
49,Male,87.45,1.34,Low,At Risk of Dehydration
22,Male,52.46,2.35,High,At Risk of Dehydration
54,Female,93.06,3.02,Moderate,Hydrated
51,Male,99.97,3.91,Moderate,Hydrated
44,Female,53.89,3.35,Low,Hydrated
29,Female,76.71,3.1,Low,Hydrated
21,Male,59.79,1.91,Low,At Risk of Dehydration
46,Male,93.42,2.82,Low,Hydrated
26,Male,95.22,3.77,Moderate,Hydrated
56,Male,84.62,1.05,High,At Risk of Dehydration
35,Female,48.91,1.29,Low,At Risk of Dehydration
39,Female,76.32,1.42,High,At Risk of Dehydration
32,Male,75.1,2.22,Moderate,At Risk of Dehydration
47,Female,56.45,1.77,Moderate,At Risk of Dehydration
33,Female,74.61,3.94,Moderate,Hydrated
44,Male,49.33,1.06,High,At Risk of Dehydration
32,Female,62.05,3.78,Low,Hydrated
34,Male,56.77,2.35,Moderate,At Risk of Dehydration
18,Female,97.04,2.14,Moderate,At Risk of Dehydration
28,Male,61.1,2.34,Moderate,Hydrated
59,Male,49.47,1.12,Moderate,At Risk of Dehydration
51,Female,82.1,1.1,Moderate,At Risk of Dehydration
30,Female,77.53,2.25,Moderate,At Risk of Dehydration
47,Male,64.04,2.98,Moderate,At Risk of Dehydration
53,Female,94.11,1.54,Low,Hydrated
29,Male,64.45,1.22,Low,At Risk of Dehydration
26,Male,61.52,3.97,High,Hydrated
41,Male,80.29,2.7,Moderate,Hydrated
32,Male,97.65,2.67,High,At Risk of Dehydration
41,Female,93.17,2.43,Low,Hydrated
40,Female,84.99,1.62,Moderate,At Risk of Dehydration
32,Male,80.6,3.16,High,Hydrated
28,Female,99.16,3.4,Moderate,Hydrated
56,Female,80.59,1.77,Moderate,At Risk of Dehydration
47,Male,48.5,2.71,High,At Risk of Dehydration
23,Male,53.73,3.94,Moderate,Hydrated
35,Male,60.99,1.25,High,At Risk of Dehydration
27,Male,92.23,1.19,Moderate,At Risk of Dehydration
37,Male,46.94,2.62,Moderate,Hydrated
55,Male,53.41,3.4,High,At Risk of Dehydration
42,Female,77.02,3.68,Moderate,Hydrated
25,Female,96.06,1.76,Low,At Risk of Dehydration
31,Female,56.8,1.59,Moderate,At Risk of Dehydration
43,Female,93.59,1.3,Low,At Risk of Dehydration
19,Male,48.94,2.28,Low,At Risk of Dehydration
48,Female,47.06,1.04,Low,Hydrated
56,Female,79.6,3.59,High,At Risk of Dehydration
38,Female,66.6,2.37,Moderate,At Risk of Dehydration
28,Male,54.73,2.39,Moderate,At Risk of Dehydration
36,Male,97.35,3.88,High,At Risk of Dehydration
54,Male,49.07,3.28,Low,Hydrated
48,Male,87.2,2.8,High,At Risk of Dehydration
30,Male,78.56,3.48,Low,At Risk of Dehydration
28,Female,67.36,3.88,Moderate,Hydrated
24,Male,47.61,2.59,Moderate,Hydrated
47,Female,53.5,1.34,High,At Risk of Dehydration
42,Female,75.64,3.58,Low,Hydrated
18,Female,72.48,2.34,Low,At Risk of Dehydration
48,Male,49.79,3.65,Low,Hydrated
59,Female,52.11,2.96,High,Hydrated
34,Male,84.23,2.57,Moderate,At Risk of Dehydration
50,Female,61.94,2.42,Moderate,At Risk of Dehydration
21,Male,93.3,2.24,Moderate,At Risk of Dehydration
40,Male,64.23,3.43,High,At Risk of Dehydration
39,Female,66.03,1.16,Moderate,At Risk of Dehydration
40,Male,67.86,3.65,Low,Hydrated
48,Female,89.89,1.5,High,At Risk of Dehydration
47,Male,74.96,3.23,Moderate,Hydrated
36,Male,72.6,2.37,High,At Risk of Dehydration
44,Male,69.79,1.53,Low,At Risk of Dehydration
32,Male,65.96,2.41,Low,At Risk of Dehydration
28,Male,96.54,3.93,Low,Hydrated
50,Female,71.04,2.05,Low,At Risk of Dehydration
56,Male,78.74,1.62,Low,At Risk of Dehydration
51,Female,68.74,1.61,High,At Risk of Dehydration
48,Male,54.27,3.93,Moderate,Hydrated
33,Male,76.8,3.44,Low,Hydrated
58,Female,87.98,2.87,Low,Hydrated
53,Male,73.04,2.13,High,At Risk of Dehydration
34,Female,72.86,1.17,High,At Risk of Dehydration
47,Female,78.56,3.36,High,At Risk of Dehydration
39,Male,46.8,1.17,Low,At Risk of Dehydration
26,Male,62.37,2.65,High,At Risk of Dehydration
46,Female,61.24,1.84,Moderate,At Risk of Dehydration
31,Male,74.21,2.49,Low,At Risk of Dehydration
57,Female,52.92,3.34,Low,Hydrated
41,Male,56.8,1.35,High,At Risk of Dehydration
54,Male,78.18,1.03,Moderate,At Risk of Dehydration
56,Male,94.06,2.14,High,At Risk of Dehydration
58,Female,72.43,1.4,Low,At Risk of Dehydration
45,Female,50.28,2.51,Low,At Risk of Dehydration
52,Female,94.14,2.99,Moderate,Hydrated
59,Female,53.85,3.6,Moderate,Hydrated
20,Female,92.26,2.28,High,At Risk of Dehydration
41,Male,77.85,1.58,High,At Risk of Dehydration
51,Male,74.02,3.9,Moderate,Hydrated
47,Female,47.98,3.46,High,At Risk of Dehydration
43,Male,80.67,2.75,Low,At Risk of Dehydration
26,Male,50.42,1.27,High,At Risk of Dehydration
18,Female,86.73,2.74,High,At Risk of Dehydration
39,Male,66.71,3.32,High,At Risk of Dehydration
31,Female,73.17,1.75,High,At Risk of Dehydration
31,Female,68.7,2.8,Low,At Risk of Dehydration
29,Male,60.2,3.34,Low,Hydrated
55,Male,72.47,1.44,Moderate,At Risk of Dehydration
44,Male,74.7,2.52,Moderate,At Risk of Dehydration
45,Female,97.57,1.5,High,At Risk of Dehydration
52,Male,45.72,3.86,High,Hydrated
28,Male,77.44,1.3,Moderate,At Risk of Dehydration
39,Female,45.41,1.04,Moderate,At Risk of Dehydration
26,Female,67.15,1.51,High,At Risk of Dehydration
34,Male,73.13,3.07,Moderate,At Risk of Dehydration
24,Male,80.17,2.49,Low,At Risk of Dehydration
24,Male,93.06,1.67,Low,At Risk of Dehydration
18,Male,69.02,2.02,Low,At Risk of Dehydration
56,Male,62.28,3.73,High,At Risk of Dehydration
41,Female,99.99,2.69,Moderate,Hydrated
51,Male,87.81,3.67,Moderate,At Risk of Dehydration
23,Female,63.63,2.62,Low,Hydrated
57,Male,82.01,3.38,High,At Risk of Dehydration
46,Male,50.14,1.77,Moderate,At Risk of Dehydration
34,Female,61.76,3.1,Low,Hydrated
48,Male,68.36,3.34,High,At Risk of Dehydration
27,Male,50.92,1.74,High,At Risk of Dehydration
49,Male,74.9,2.69,High,Hydrated
56,Female,67.79,2.96,High,At Risk of Dehydration
47,Male,47.8,2.48,High,At Risk of Dehydration
52,Female,88.67,1.59,Moderate,Hydrated
22,Male,59.29,3.25,High,Hydrated
22,Male,73.47,3.64,Low,Hydrated
45,Male,82.41,1.4,Low,At Risk of Dehydration
56,Female,91.6,3.96,High,At Risk of Dehydration
57,Male,87.77,2.19,High,At Risk of Dehydration
33,Female,65.21,2.44,Low,At Risk of Dehydration
42,Male,58.51,3.95,High,At Risk of Dehydration
52,Female,59.02,2.87,Low,At Risk of Dehydration
44,Male,64.71,1.26,Moderate,At Risk of Dehydration
26,Female,93.96,2.91,Low,At Risk of Dehydration
55,Female,57.74,2.64,Low,At Risk of Dehydration
35,Male,90.32,3.04,High,Hydrated
25,Female,58.86,2.01,Moderate,At Risk of Dehydration
45,Female,66.3,3.72,Moderate,Hydrated
57,Male,98.42,3.36,Moderate,Hydrated
23,Female,50.18,1.99,High,At Risk of Dehydration
52,Male,91.41,1.51,High,At Risk of Dehydration
37,Female,51.32,3.67,High,Hydrated
57,Male,75.75,2.53,Low,At Risk of Dehydration
49,Female,66.96,1.97,Low,Hydrated
45,Male,68.15,3.54,Moderate,At Risk of Dehydration
46,Female,72.13,3.26,High,At Risk of Dehydration
52,Female,66.27,3.47,Low,Hydrated
43,Male,93.24,2.04,High,At Risk of Dehydration
34,Female,73.05,1.93,Low,At Risk of Dehydration
27,Male,93.28,2.64,High,Hydrated
59,Male,91.81,1.35,High,At Risk of Dehydration
41,Female,90.02,3.78,Moderate,Hydrated
30,Female,78.49,3.65,High,At Risk of Dehydration
28,Male,97.11,3.61,High,At Risk of Dehydration
49,Female,79.07,3.04,Low,Hydrated
22,Male,74.15,1.59,High,At Risk of Dehydration
58,Female,82.28,3.65,High,Hydrated
49,Male,91.82,3.3,Low,At Risk of Dehydration
57,Male,65.51,2.18,High,At Risk of Dehydration
49,Male,70.6,2.98,Moderate,At Risk of Dehydration
40,Male,95.4,1.58,Moderate,At Risk of Dehydration
30,Female,53.99,2.46,Low,At Risk of Dehydration
25,Female,82.48,3.36,Moderate,Hydrated
48,Female,93.55,3.79,Low,Hydrated
19,Male,62.25,2.75,Moderate,At Risk of Dehydration
51,Female,77.47,1.08,Moderate,At Risk of Dehydration
42,Male,92.57,2.39,High,At Risk of Dehydration
51,Male,92.02,1.79,Moderate,At Risk of Dehydration
28,Female,64.47,1.71,Low,At Risk of Dehydration
37,Male,70.73,1.44,Low,At Risk of Dehydration
54,Female,47.04,2.02,Low,At Risk of Dehydration
51,Female,60.64,3.5,High,At Risk of Dehydration
43,Female,65.82,2.91,Low,Hydrated
47,Male,76.77,2.13,Moderate,At Risk of Dehydration
46,Female,46.69,1.44,Low,At Risk of Dehydration
40,Male,90.46,3.28,Low,Hydrated
45,Male,77.07,1.54,High,At Risk of Dehydration
29,Male,75.57,3.52,High,Hydrated
25,Female,69.95,3.5,High,Hydrated
34,Male,46.01,1.23,High,At Risk of Dehydration
36,Female,87.09,3.98,Moderate,Hydrated
59,Male,63.65,1.77,High,At Risk of Dehydration
31,Male,61.11,2.45,Low,At Risk of Dehydration
22,Female,50.89,1.91,High,At Risk of Dehydration
56,Female,47.16,3.2,Low,Hydrated
56,Female,49.09,2.6,High,At Risk of Dehydration
32,Male,74.37,1.14,High,At Risk of Dehydration
33,Female,85.56,2.5,Moderate,At Risk of Dehydration
21,Male,73.62,1.79,Moderate,At Risk of Dehydration
32,Female,64.77,2.01,High,At Risk of Dehydration
20,Female,74.09,2.38,Low,Hydrated
42,Male,54.28,1.08,Low,At Risk of Dehydration
36,Female,85.33,1.73,High,At Risk of Dehydration
29,Female,69.51,3.78,High,Hydrated
34,Male,87.74,2.84,High,At Risk of Dehydration
26,Female,45.72,3.72,Moderate,Hydrated
23,Female,54.92,1.21,High,At Risk of Dehydration
34,Male,57.71,1.03,Low,At Risk of Dehydration
45,Female,52.75,2.8,High,Hydrated
58,Female,60.26,1.93,Low,At Risk of Dehydration
45,Female,62.11,3.16,High,Hydrated
46,Male,89.35,1.28,High,At Risk of Dehydration
55,Female,46.18,2.6,Low,At Risk of Dehydration
55,Female,91.89,1.41,Low,At Risk of Dehydration
38,Female,64.91,1.95,Moderate,At Risk of Dehydration
18,Male,73.2,1.34,Low,At Risk of Dehydration
22,Female,50.25,2.62,Low,Hydrated
47,Male,84.87,3.57,Low,Hydrated
47,Male,85.98,2.11,Moderate,At Risk of Dehydration
34,Female,71.84,3.68,Low,Hydrated
45,Female,50.86,1.15,Moderate,At Risk of Dehydration
19,Female,50.35,2.85,Moderate,Hydrated
54,Female,69.55,1.26,Low,At Risk of Dehydration
42,Male,66.47,1.69,Low,At Risk of Dehydration
30,Female,89.04,1.98,Moderate,At Risk of Dehydration
45,Male,46.93,3.94,Moderate,Hydrated
21,Female,48.16,2.18,High,At Risk of Dehydration
21,Female,75.87,3.75,Low,Hydrated
50,Male,71.31,1.82,Low,At Risk of Dehydration
30,Female,46.28,3.28,Low,Hydrated
20,Female,66.68,3.14,Low,At Risk of Dehydration
39,Female,61.03,2.41,High,At Risk of Dehydration
20,Female,80.84,2.68,Moderate,Hydrated
42,Male,96.56,1.46,Low,At Risk of Dehydration
41,Female,55.1,1.89,High,At Risk of Dehydration
29,Male,97.87,2.13,Moderate,At Risk of Dehydration
42,Male,64.83,1.22,Low,At Risk of Dehydration
38,Female,60.18,2.17,Moderate,At Risk of Dehydration
47,Female,81.8,3.25,Low,At Risk of Dehydration
24,Female,85.02,2.49,Moderate,At Risk of Dehydration
26,Female,91.72,3.23,Moderate,Hydrated
18,Female,70.93,2.97,Moderate,Hydrated
43,Female,51.63,2.4,High,At Risk of Dehydration
55,Male,48.5,3.49,Low,Hydrated
58,Female,46.95,2.69,High,At Risk of Dehydration
29,Male,96.03,1.59,Low,At Risk of Dehydration
43,Male,97.16,2.79,Moderate,At Risk of Dehydration
39,Female,69.12,2.99,Low,At Risk of Dehydration
45,Male,69.18,1.72,High,At Risk of Dehydration
42,Male,59.62,3.81,High,Hydrated
38,Female,86.92,2.58,Low,At Risk of Dehydration
44,Female,47.69,3.37,High,At Risk of Dehydration
41,Male,72.69,3.9,Moderate,Hydrated
48,Male,61.94,2.21,High,At Risk of Dehydration
21,Male,74.85,2.25,Low,Hydrated
36,Female,91.71,1.67,Moderate,At Risk of Dehydration
55,Male,60.15,3.14,Moderate,Hydrated
52,Male,76.22,2.15,High,At Risk of Dehydration
19,Male,50.01,3.14,Moderate,Hydrated
23,Female,91.96,1.29,Moderate,At Risk of Dehydration
19,Male,69.52,2.0,Low,At Risk of Dehydration
44,Male,57.2,2.25,High,At Risk of Dehydration
46,Female,76.33,2.25,Moderate,At Risk of Dehydration
27,Male,73.07,2.74,Moderate,Hydrated
51,Female,83.83,1.57,High,At Risk of Dehydration
24,Male,87.22,3.55,High,Hydrated
44,Female,89.42,2.54,High,At Risk of Dehydration
45,Male,82.67,3.32,High,At Risk of Dehydration
23,Male,46.7,1.56,Moderate,At Risk of Dehydration
49,Male,68.76,3.08,Moderate,Hydrated
46,Male,68.47,2.29,Low,Hydrated
27,Male,94.34,2.22,Moderate,At Risk of Dehydration
52,Female,79.82,3.47,Low,Hydrated
27,Female,88.89,2.28,Moderate,At Risk of Dehydration
19,Female,84.43,2.13,High,At Risk of Dehydration
30,Male,50.31,2.14,Moderate,At Risk of Dehydration
40,Male,61.28,3.74,High,Hydrated
47,Male,84.97,2.95,Moderate,At Risk of Dehydration
43,Male,87.56,2.54,High,At Risk of Dehydration
55,Female,47.91,1.45,High,At Risk of Dehydration
59,Male,80.69,3.4,Low,Hydrated
48,Female,95.03,2.92,Moderate,At Risk of Dehydration
35,Male,89.01,1.17,Low,At Risk of Dehydration
54,Female,70.59,3.69,Moderate,Hydrated
21,Female,84.89,1.25,High,At Risk of Dehydration
47,Female,90.24,2.24,Moderate,At Risk of Dehydration
40,Female,91.93,1.09,High,At Risk of Dehydration
47,Male,81.94,1.83,Moderate,At Risk of Dehydration
18,Male,48.12,3.28,Moderate,Hydrated
37,Male,92.04,3.86,Moderate,Hydrated
24,Male,54.94,3.77,Low,At Risk of Dehydration
26,Male,83.87,3.7,High,Hydrated
20,Female,56.23,2.29,Moderate,At Risk of Dehydration
28,Male,82.45,1.78,Low,At Risk of Dehydration
34,Male,83.4,1.12,High,At Risk of Dehydration
25,Female,87.98,3.87,Low,Hydrated
27,Female,60.78,3.39,Moderate,At Risk of Dehydration
21,Female,73.69,1.41,High,At Risk of Dehydration
28,Female,69.58,2.8,High,Hydrated
59,Male,82.45,3.9,Low,Hydrated
18,Female,64.57,3.0,High,Hydrated
27,Male,72.24,2.76,Low,At Risk of Dehydration
21,Female,53.91,3.85,High,Hydrated
28,Female,94.34,2.81,Low,At Risk of Dehydration
39,Female,90.72,2.1,Moderate,At Risk of Dehydration
49,Male,63.76,1.16,High,At Risk of Dehydration
40,Female,82.86,2.51,High,At Risk of Dehydration
55,Male,94.84,3.87,Low,At Risk of Dehydration
40,Female,48.95,2.82,High,Hydrated
22,Female,72.73,3.09,High,Hydrated
58,Male,63.57,2.19,Moderate,At Risk of Dehydration
48,Male,78.88,2.17,Low,At Risk of Dehydration
59,Female,61.93,3.14,Moderate,Hydrated
20,Male,73.86,1.83,Low,At Risk of Dehydration
37,Female,72.74,3.47,Low,At Risk of Dehydration
56,Male,49.48,3.0,High,At Risk of Dehydration
23,Female,76.1,1.04,Moderate,At Risk of Dehydration
20,Female,49.87,3.91,Moderate,Hydrated
36,Female,80.95,1.95,Moderate,Hydrated
36,Female,70.8,2.01,Moderate,At Risk of Dehydration
55,Male,52.58,1.92,Moderate,At Risk of Dehydration
47,Male,62.78,2.29,Moderate,At Risk of Dehydration
48,Male,79.28,2.69,Low,Hydrated
35,Male,76.26,3.96,Low,Hydrated
37,Male,92.09,3.42,Moderate,Hydrated
33,Female,46.26,3.95,Low,Hydrated
55,Female,83.34,3.39,Low,At Risk of Dehydration
47,Female,72.6,2.97,Moderate,At Risk of Dehydration
47,Male,62.57,3.95,Low,Hydrated
36,Female,78.91,2.68,High,At Risk of Dehydration
33,Female,84.33,2.15,Moderate,At Risk of Dehydration
29,Female,80.38,3.47,High,Hydrated
39,Male,96.7,1.3,Low,At Risk of Dehydration
54,Male,54.09,3.19,High,Hydrated
42,Female,65.97,2.07,Moderate,At Risk of Dehydration
53,Male,68.11,3.74,Low,Hydrated
25,Male,47.74,3.48,Moderate,Hydrated
54,Male,55.67,3.32,Moderate,Hydrated
40,Female,46.66,1.93,Low,At Risk of Dehydration
20,Female,98.65,1.74,Moderate,At Risk of Dehydration
50,Female,81.73,3.28,High,At Risk of Dehydration
18,Male,47.49,3.57,Moderate,Hydrated
58,Male,96.0,3.69,Moderate,At Risk of Dehydration
21,Male,71.18,1.89,High,At Risk of Dehydration
43,Female,99.6,2.22,High,At Risk of Dehydration
40,Male,62.48,3.76,Low,Hydrated
20,Female,93.65,3.12,Moderate,At Risk of Dehydration
52,Female,71.51,1.22,High,At Risk of Dehydration
50,Male,72.99,1.17,Moderate,At Risk of Dehydration
38,Male,61.8,1.63,Low,At Risk of Dehydration
47,Male,99.99,1.88,Low,At Risk of Dehydration
54,Female,79.76,2.31,Moderate,At Risk of Dehydration
41,Female,66.9,1.21,Low,At Risk of Dehydration
42,Female,60.5,2.31,Low,At Risk of Dehydration
25,Female,57.58,1.59,Moderate,At Risk of Dehydration
45,Male,67.49,1.38,Moderate,At Risk of Dehydration
32,Female,51.51,3.34,High,At Risk of Dehydration
25,Female,95.11,2.74,Low,At Risk of Dehydration
20,Female,85.43,2.77,Moderate,Hydrated
36,Male,52.22,1.78,Moderate,At Risk of Dehydration
22,Male,55.24,1.06,High,At Risk of Dehydration
53,Male,74.69,3.6,Low,At Risk of Dehydration
18,Female,81.92,3.15,Moderate,At Risk of Dehydration
22,Female,53.77,2.78,High,At Risk of Dehydration
23,Male,58.5,3.69,Moderate,At Risk of Dehydration
37,Female,50.4,1.5,Moderate,At Risk of Dehydration
53,Female,59.93,1.96,Low,Hydrated
29,Female,55.37,2.84,High,At Risk of Dehydration
19,Female,49.96,2.37,Low,At Risk of Dehydration
42,Female,96.43,1.59,Moderate,At Risk of Dehydration
23,Female,66.22,1.56,Low,At Risk of Dehydration
40,Male,53.44,2.74,Moderate,At Risk of Dehydration
18,Female,70.07,2.5,Moderate,At Risk of Dehydration
57,Male,56.78,3.23,Moderate,At Risk of Dehydration
42,Female,92.19,2.52,High,At Risk of Dehydration
55,Female,74.22,1.17,Low,At Risk of Dehydration
55,Female,45.08,2.75,Moderate,At Risk of Dehydration
24,Female,66.3,2.98,Low,At Risk of Dehydration
40,Female,68.19,3.36,High,Hydrated
41,Male,49.11,2.54,Low,At Risk of Dehydration
42,Male,54.66,3.08,High,Hydrated
58,Male,59.65,1.2,Low,At Risk of Dehydration
21,Female,55.74,2.15,Low,At Risk of Dehydration
53,Female,77.04,1.64,High,At Risk of Dehydration
25,Female,81.17,3.81,Low,At Risk of Dehydration
37,Female,59.38,3.4,Low,Hydrated
31,Male,83.37,2.7,Moderate,At Risk of Dehydration
23,Female,71.92,2.96,Moderate,Hydrated
22,Female,95.97,2.55,Moderate,At Risk of Dehydration
26,Male,55.68,3.97,High,Hydrated
22,Male,66.66,3.7,Low,Hydrated
32,Female,90.78,2.2,Moderate,At Risk of Dehydration
34,Male,91.6,2.83,High,At Risk of Dehydration
53,Male,52.8,2.2,Moderate,At Risk of Dehydration
18,Male,54.47,1.83,Moderate,At Risk of Dehydration
39,Female,81.05,2.52,High,At Risk of Dehydration
53,Male,94.47,3.21,Moderate,At Risk of Dehydration
57,Female,46.29,2.47,Moderate,At Risk of Dehydration
53,Male,80.02,1.17,Low,At Risk of Dehydration
18,Female,86.78,2.23,Low,Hydrated
22,Male,77.36,3.98,Moderate,Hydrated
37,Male,62.02,1.58,High,At Risk of Dehydration
54,Male,98.21,1.72,High,At Risk of Dehydration
34,Female,80.12,2.02,Low,At Risk of Dehydration
26,Female,49.72,1.09,Low,At Risk of Dehydration
55,Male,98.81,1.75,Moderate,At Risk of Dehydration
27,Male,87.51,2.31,Moderate,At Risk of Dehydration
24,Male,63.13,1.31,Moderate,At Risk of Dehydration
52,Female,45.94,1.46,High,At Risk of Dehydration
45,Female,71.52,2.04,Low,Hydrated
51,Female,69.66,3.76,Low,Hydrated
46,Female,73.84,1.89,Moderate,At Risk of Dehydration
32,Female,83.16,2.01,High,At Risk of Dehydration
26,Male,69.38,1.9,Moderate,At Risk of Dehydration
30,Male,92.33,1.53,Low,At Risk of Dehydration
20,Female,76.77,2.43,Moderate,At Risk of Dehydration
23,Female,93.49,3.54,High,At Risk of Dehydration
46,Male,86.22,1.94,Low,Hydrated
38,Male,81.71,1.78,High,At Risk of Dehydration
38,Female,52.31,1.11,Moderate,At Risk of Dehydration
38,Female,81.51,2.06,Low,At Risk of Dehydration
41,Female,72.89,2.38,High,At Risk of Dehydration
50,Male,75.79,3.37,High,At Risk of Dehydration
45,Female,93.41,1.77,Moderate,At Risk of Dehydration
24,Female,96.22,1.74,High,At Risk of Dehydration
36,Female,67.06,2.3,Low,At Risk of Dehydration
41,Female,81.27,1.57,Low,At Risk of Dehydration
47,Female,80.49,3.15,Low,At Risk of Dehydration
43,Male,78.48,3.23,Low,At Risk of Dehydration
34,Female,79.3,3.45,Low,At Risk of Dehydration
30,Male,64.81,1.55,Low,At Risk of Dehydration
30,Male,50.17,3.89,High,Hydrated
59,Female,99.03,3.33,Low,Hydrated
21,Female,51.78,2.1,Moderate,Hydrated
34,Male,46.79,3.81,High,At Risk of Dehydration
38,Male,76.04,2.14,High,At Risk of Dehydration
33,Female,71.8,3.61,High,Hydrated
30,Male,93.54,3.64,Low,Hydrated
22,Female,52.38,2.09,Moderate,Hydrated
19,Male,75.08,3.79,Low,At Risk of Dehydration
35,Female,50.55,2.26,High,At Risk of Dehydration
34,Female,79.97,3.01,Low,Hydrated
30,Female,47.39,1.84,Moderate,At Risk of Dehydration
45,Male,97.56,3.77,Moderate,Hydrated
24,Male,57.25,2.64,High,At Risk of Dehydration
22,Male,85.27,3.91,High,At Risk of Dehydration
36,Male,79.33,2.76,High,At Risk of Dehydration
44,Male,68.35,2.37,Low,Hydrated
36,Female,62.35,1.16,High,At Risk of Dehydration
48,Male,80.04,2.36,High,At Risk of Dehydration
50,Female,86.29,1.6,High,At Risk of Dehydration
20,Male,61.65,3.06,High,At Risk of Dehydration
55,Female,60.43,3.73,Low,Hydrated
38,Male,82.99,3.58,Moderate,Hydrated
49,Female,50.95,3.44,Low,Hydrated
28,Female,59.15,3.41,Moderate,Hydrated
46,Male,66.76,2.1,Moderate,At Risk of Dehydration
55,Female,57.64,3.85,Low,Hydrated
28,Male,90.99,3.84,Moderate,Hydrated
26,Male,68.33,3.45,High,At Risk of Dehydration
42,Female,57.78,2.74,Low,At Risk of Dehydration
20,Female,58.58,3.66,Low,Hydrated
38,Male,80.48,2.4,Low,Hydrated
44,Female,71.44,1.61,High,At Risk of Dehydration
50,Male,99.86,1.75,High,At Risk of Dehydration
28,Female,54.18,1.7,High,At Risk of Dehydration
50,Male,96.31,1.24,Moderate,At Risk of Dehydration
27,Male,88.32,2.11,Low,At Risk of Dehydration
38,Male,65.75,3.16,Moderate,At Risk of Dehydration
20,Male,65.11,2.19,High,At Risk of Dehydration
53,Male,94.51,3.23,Moderate,At Risk of Dehydration
41,Female,82.58,1.68,High,At Risk of Dehydration
35,Female,86.48,1.69,Moderate,At Risk of Dehydration
55,Female,72.89,3.98,Low,Hydrated
22,Female,77.6,2.97,Low,At Risk of Dehydration
50,Female,94.33,1.26,High,Hydrated
52,Female,76.38,1.18,Moderate,At Risk of Dehydration
37,Female,46.06,3.69,Low,Hydrated
55,Female,60.24,3.74,High,Hydrated
41,Female,72.52,1.11,High,At Risk of Dehydration
18,Female,58.52,3.36,Low,At Risk of Dehydration
37,Female,51.68,3.51,High,At Risk of Dehydration
35,Male,82.82,3.37,High,Hydrated
19,Female,90.83,3.31,Moderate,Hydrated
57,Male,53.51,2.36,High,At Risk of Dehydration
30,Male,70.14,2.69,Moderate,At Risk of Dehydration
24,Male,59.51,3.95,Moderate,At Risk of Dehydration
59,Female,99.35,2.38,Moderate,At Risk of Dehydration
31,Female,89.41,2.67,High,At Risk of Dehydration
48,Male,47.22,2.73,Low,At Risk of Dehydration
39,Female,89.53,3.96,High,Hydrated
47,Female,75.72,2.37,Low,Hydrated
56,Male,70.96,2.56,Moderate,Hydrated
25,Female,46.82,3.68,Moderate,At Risk of Dehydration
19,Female,75.34,1.64,Moderate,At Risk of Dehydration
20,Male,98.43,1.66,Low,At Risk of Dehydration
42,Female,93.94,1.08,High,At Risk of Dehydration
37,Female,66.8,3.77,Low,At Risk of Dehydration
31,Female,83.32,3.84,Low,Hydrated
32,Male,77.69,1.36,Moderate,At Risk of Dehydration
19,Male,88.23,1.44,Low,At Risk of Dehydration
56,Male,58.14,1.06,High,At Risk of Dehydration
45,Female,83.35,1.23,Moderate,At Risk of Dehydration
20,Male,70.44,1.95,High,At Risk of Dehydration
46,Male,53.74,2.79,Low,Hydrated
20,Male,49.88,2.1,High,At Risk of Dehydration
20,Male,74.33,3.81,Low,Hydrated
20,Male,46.83,1.82,Low,At Risk of Dehydration
53,Female,70.54,2.28,Moderate,At Risk of Dehydration
30,Female,81.09,3.71,Low,Hydrated
20,Male,67.82,1.53,Low,At Risk of Dehydration
29,Male,97.03,3.07,Moderate,At Risk of Dehydration
27,Female,73.9,3.51,Low,Hydrated
21,Female,87.97,2.35,Moderate,At Risk of Dehydration
51,Female,58.45,2.75,Low,At Risk of Dehydration
42,Female,80.02,3.86,Low,Hydrated
18,Female,57.33,2.1,Low,At Risk of Dehydration
24,Male,77.24,2.02,High,At Risk of Dehydration
20,Female,93.63,2.97,Moderate,At Risk of Dehydration
37,Male,49.19,3.25,High,At Risk of Dehydration
33,Female,56.38,2.35,Moderate,At Risk of Dehydration
21,Male,89.34,2.2,Moderate,At Risk of Dehydration
27,Male,56.08,1.27,Low,Hydrated
53,Female,78.16,3.24,Moderate,Hydrated
19,Male,71.38,3.76,Low,Hydrated
30,Male,50.65,3.79,Low,Hydrated
34,Male,81.32,2.58,Moderate,At Risk of Dehydration
45,Male,76.25,2.53,Moderate,At Risk of Dehydration
48,Male,90.24,2.36,High,At Risk of Dehydration
58,Male,91.36,3.94,Moderate,At Risk of Dehydration
59,Female,86.85,2.26,High,At Risk of Dehydration
30,Female,68.52,2.95,High,At Risk of Dehydration
41,Male,95.57,1.56,High,At Risk of Dehydration
27,Male,77.94,2.55,Moderate,At Risk of Dehydration
21,Male,78.34,3.8,Low,Hydrated
45,Male,90.87,3.76,Low,Hydrated
48,Female,85.09,2.04,High,At Risk of Dehydration
49,Male,66.31,2.91,Low,Hydrated
29,Female,83.26,1.29,Low,At Risk of Dehydration
58,Female,55.01,2.96,Moderate,Hydrated
23,Female,64.75,3.96,Moderate,Hydrated
32,Female,86.24,3.32,Moderate,At Risk of Dehydration
37,Female,69.36,2.84,Low,Hydrated
22,Male,51.23,1.92,High,At Risk of Dehydration
21,Female,86.55,1.35,High,At Risk of Dehydration
23,Male,67.93,3.51,Low,At Risk of Dehydration
39,Male,69.03,1.56,Low,At Risk of Dehydration
27,Male,55.13,3.0,High,Hydrated
18,Female,56.23,2.07,Moderate,At Risk of Dehydration
29,Male,54.77,2.79,Moderate,At Risk of Dehydration
49,Male,55.71,3.21,High,Hydrated
27,Female,79.22,2.66,Low,At Risk of Dehydration
20,Male,61.16,3.28,High,Hydrated
22,Male,68.44,3.97,High,At Risk of Dehydration
44,Male,58.86,2.38,Moderate,At Risk of Dehydration
26,Male,46.47,1.22,High,At Risk of Dehydration
33,Male,53.05,3.13,Moderate,Hydrated
43,Female,52.19,1.4,Moderate,At Risk of Dehydration
54,Male,52.97,3.05,High,Hydrated
54,Male,60.41,2.04,Moderate,At Risk of Dehydration
46,Male,65.16,2.23,High,At Risk of Dehydration
47,Female,68.79,2.84,Moderate,At Risk of Dehydration
34,Male,67.06,3.03,Low,Hydrated
21,Female,54.83,1.08,Low,At Risk of Dehydration
41,Female,69.84,2.36,Moderate,At Risk of Dehydration
43,Male,67.51,2.27,Moderate,Hydrated
22,Male,89.83,3.28,Moderate,Hydrated
51,Male,56.68,2.5,Low,At Risk of Dehydration
45,Male,90.1,1.38,Moderate,At Risk of Dehydration
46,Male,82.45,3.93,Low,Hydrated
28,Male,96.73,3.61,Low,Hydrated
42,Male,53.6,2.1,Moderate,At Risk of Dehydration
36,Male,95.23,2.51,High,At Risk of Dehydration
47,Female,87.56,3.48,Low,Hydrated
35,Male,65.26,1.61,Moderate,At Risk of Dehydration
39,Male,73.3,1.38,High,At Risk of Dehydration
47,Male,92.93,3.9,Low,At Risk of Dehydration
56,Male,66.07,1.93,High,At Risk of Dehydration
39,Female,65.19,1.91,Moderate,At Risk of Dehydration
34,Male,85.49,3.76,High,At Risk of Dehydration
22,Female,80.99,2.17,Moderate,At Risk of Dehydration
51,Female,64.11,2.45,Moderate,At Risk of Dehydration
25,Female,45.5,1.44,High,At Risk of Dehydration
43,Female,85.76,3.68,High,Hydrated
49,Male,57.67,2.55,Low,Hydrated
32,Male,46.96,2.59,Moderate,Hydrated
19,Female,90.76,1.7,High,At Risk of Dehydration
31,Female,74.35,3.2,Low,At Risk of Dehydration
36,Female,63.02,2.83,Low,At Risk of Dehydration
23,Male,66.38,1.54,High,At Risk of Dehydration
34,Male,99.44,1.58,Low,At Risk of Dehydration
38,Male,91.77,2.11,Low,At Risk of Dehydration
31,Female,52.03,3.91,Low,Hydrated
23,Male,48.06,3.07,High,Hydrated
59,Female,77.66,2.13,Low,At Risk of Dehydration
39,Female,87.73,1.75,Low,At Risk of Dehydration
56,Female,47.17,2.94,Moderate,At Risk of Dehydration
38,Male,86.57,3.25,High,Hydrated
31,Male,62.3,3.5,Low,Hydrated
53,Male,87.37,2.37,Moderate,Hydrated
18,Male,78.54,2.41,High,At Risk of Dehydration
22,Male,73.93,2.96,Low,At Risk of Dehydration
34,Female,75.73,3.43,Low,Hydrated
57,Female,57.39,2.62,Low,Hydrated
39,Male,60.25,2.92,Low,Hydrated
40,Female,74.23,2.84,High,At Risk of Dehydration
24,Female,92.2,3.85,High,At Risk of Dehydration
33,Female,93.29,2.03,Moderate,At Risk of Dehydration
26,Male,76.76,2.86,High,At Risk of Dehydration
21,Male,98.62,3.9,High,At Risk of Dehydration
42,Male,91.06,3.33,High,Hydrated
34,Male,54.38,3.95,Moderate,Hydrated
21,Male,98.39,2.93,Low,At Risk of Dehydration
47,Male,83.45,3.56,High,Hydrated
30,Male,99.92,1.32,Low,At Risk of Dehydration
25,Male,78.62,3.59,Low,Hydrated
33,Female,59.28,1.82,Low,At Risk of Dehydration
31,Male,49.04,1.26,Low,At Risk of Dehydration
56,Female,63.32,2.74,Low,Hydrated
40,Female,50.4,1.8,High,At Risk of Dehydration
49,Male,75.94,3.9,High,Hydrated
39,Female,99.22,3.36,Moderate,Hydrated
21,Female,53.6,2.43,Moderate,Hydrated
45,Female,81.05,3.76,Moderate,Hydrated
43,Female,73.5,2.92,Low,At Risk of Dehydration
22,Female,97.88,3.28,High,At Risk of Dehydration
46,Male,87.96,3.9,High,At Risk of Dehydration
36,Female,63.82,2.47,Moderate,At Risk of Dehydration
53,Male,74.81,1.7,Moderate,At Risk of Dehydration
35,Female,58.45,1.03,Moderate,At Risk of Dehydration
27,Female,91.14,2.8,High,At Risk of Dehydration
45,Male,86.43,1.8,High,At Risk of Dehydration
57,Male,84.54,1.58,High,At Risk of Dehydration
43,Male,45.7,3.34,High,Hydrated
51,Male,86.14,2.37,High,At Risk of Dehydration
46,Male,50.68,1.11,High,At Risk of Dehydration
33,Female,74.39,1.91,Low,At Risk of Dehydration
52,Male,74.44,1.85,Moderate,At Risk of Dehydration
42,Female,63.81,1.54,High,At Risk of Dehydration
37,Male,48.06,1.89,Low,At Risk of Dehydration
34,Male,67.63,1.51,Moderate,At Risk of Dehydration
28,Male,97.1,3.19,High,Hydrated
22,Male,96.53,2.06,Moderate,At Risk of Dehydration
56,Female,88.33,3.64,High,At Risk of Dehydration
47,Female,96.33,3.97,Low,Hydrated
49,Female,86.59,1.14,Moderate,At Risk of Dehydration
21,Male,73.91,2.52,Moderate,At Risk of Dehydration
32,Female,52.91,1.89,High,At Risk of Dehydration
41,Female,80.63,2.33,Moderate,At Risk of Dehydration
23,Male,83.88,3.65,Low,At Risk of Dehydration
42,Female,99.06,1.94,High,At Risk of Dehydration
24,Male,53.6,1.45,Moderate,At Risk of Dehydration
55,Female,85.39,1.25,Moderate,At Risk of Dehydration
18,Female,89.55,3.22,High,At Risk of Dehydration
18,Female,50.07,2.21,Low,At Risk of Dehydration
57,Female,81.02,3.05,Moderate,At Risk of Dehydration
22,Female,86.16,3.6,Low,Hydrated
59,Female,90.54,3.59,Moderate,Hydrated
18,Female,54.38,1.1,High,At Risk of Dehydration
28,Female,49.41,2.61,Low,At Risk of Dehydration
26,Male,82.51,3.49,High,At Risk of Dehydration
25,Female,64.68,3.78,Moderate,Hydrated
23,Female,81.22,3.1,High,At Risk of Dehydration
31,Female,52.11,2.7,Moderate,At Risk of Dehydration
33,Female,92.43,1.82,Low,At Risk of Dehydration
26,Male,54.53,1.66,Low,At Risk of Dehydration
38,Male,98.92,2.36,Moderate,Hydrated
49,Female,76.86,2.73,High,At Risk of Dehydration
35,Female,68.07,3.43,Low,Hydrated
33,Male,76.87,1.82,Moderate,At Risk of Dehydration
41,Male,97.35,3.3,Moderate,At Risk of Dehydration
25,Female,48.43,2.59,Low,Hydrated
46,Male,53.19,3.34,Low,At Risk of Dehydration
28,Male,87.87,3.95,High,Hydrated
42,Male,49.78,3.34,Moderate,Hydrated
27,Female,91.07,1.88,High,At Risk of Dehydration
55,Male,47.47,2.43,Low,At Risk of Dehydration
53,Male,93.6,1.54,High,At Risk of Dehydration
28,Male,98.27,1.31,Low,At Risk of Dehydration
56,Male,92.29,3.77,Moderate,At Risk of Dehydration
18,Male,91.09,3.26,Low,Hydrated
58,Male,76.13,1.13,High,At Risk of Dehydration
34,Female,92.63,3.81,High,Hydrated
39,Female,96.86,1.04,Low,At Risk of Dehydration
43,Male,95.25,2.28,Low,At Risk of Dehydration
55,Female,60.19,1.97,Low,At Risk of Dehydration
31,Female,68.21,3.48,Low,Hydrated
59,Female,79.11,3.08,Low,Hydrated
26,Female,57.8,3.57,Moderate,Hydrated
36,Female,95.52,2.76,High,At Risk of Dehydration
45,Male,83.31,1.49,High,At Risk of Dehydration
52,Male,49.2,2.73,Moderate,At Risk of Dehydration
19,Male,54.81,3.03,High,Hydrated
48,Male,87.24,1.57,Moderate,At Risk of Dehydration
32,Female,95.43,2.82,High,Hydrated
45,Female,77.65,1.89,Moderate,At Risk of Dehydration
35,Male,51.46,1.49,High,At Risk of Dehydration
35,Male,73.83,2.16,Low,At Risk of Dehydration
38,Male,67.39,2.64,High,At Risk of Dehydration
38,Male,89.06,1.6,Low,At Risk of Dehydration
36,Male,49.24,1.54,High,At Risk of Dehydration
19,Female,59.19,2.84,Moderate,Hydrated
48,Male,79.55,3.21,Moderate,Hydrated
36,Female,72.84,2.9,Low,Hydrated
32,Male,81.9,1.39,Moderate,At Risk of Dehydration
54,Male,88.33,1.94,High,At Risk of Dehydration
54,Female,69.92,1.48,High,At Risk of Dehydration
44,Female,60.25,2.46,Moderate,At Risk of Dehydration
56,Female,79.47,1.08,Moderate,At Risk of Dehydration
56,Female,46.13,2.03,Moderate,At Risk of Dehydration
26,Male,79.23,3.71,Moderate,Hydrated
42,Female,82.09,1.15,High,At Risk of Dehydration
59,Female,64.22,1.95,Moderate,At Risk of Dehydration
48,Female,99.37,1.22,High,At Risk of Dehydration
20,Male,86.01,2.4,Moderate,At Risk of Dehydration
26,Male,56.03,1.51,Low,At Risk of Dehydration
39,Male,96.2,1.92,Moderate,At Risk of Dehydration
38,Male,64.21,1.1,Low,At Risk of Dehydration
23,Male,50.24,3.17,Low,At Risk of Dehydration
37,Male,83.06,1.09,Moderate,At Risk of Dehydration
20,Male,99.66,3.19,Low,Hydrated
21,Female,85.53,3.65,High,At Risk of Dehydration
24,Female,76.47,3.01,Moderate,At Risk of Dehydration
43,Female,55.23,2.62,Low,At Risk of Dehydration
47,Male,65.69,1.36,Low,At Risk of Dehydration
42,Male,80.3,3.5,Low,Hydrated
30,Male,69.43,1.64,Low,Hydrated
51,Female,78.36,2.65,High,At Risk of Dehydration
50,Female,53.97,2.7,High,At Risk of Dehydration
43,Female,93.71,1.98,Moderate,At Risk of Dehydration
27,Male,68.8,2.13,Moderate,At Risk of Dehydration
24,Female,73.75,1.36,High,At Risk of Dehydration
35,Female,53.68,3.9,High,Hydrated
47,Female,76.44,1.14,Moderate,At Risk of Dehydration
20,Female,75.66,2.99,Low,At Risk of Dehydration
47,Male,86.64,3.25,Low,At Risk of Dehydration
25,Female,45.49,3.77,Low,Hydrated
53,Male,76.25,1.17,Moderate,At Risk of Dehydration
42,Female,93.82,3.27,High,Hydrated
40,Male,93.1,3.44,Low,At Risk of Dehydration
36,Male,51.14,2.57,High,Hydrated
35,Male,49.33,2.47,Moderate,At Risk of Dehydration
48,Male,85.5,3.09,High,At Risk of Dehydration
38,Female,58.26,1.53,High,At Risk of Dehydration
25,Female,95.32,1.45,Moderate,At Risk of Dehydration
20,Female,63.08,2.89,Moderate,At Risk of Dehydration
54,Female,51.64,3.19,Low,At Risk of Dehydration
39,Female,82.54,1.78,High,At Risk of Dehydration
36,Female,51.35,3.97,Low,Hydrated
54,Male,83.36,3.76,Low,Hydrated
36,Male,47.6,2.87,Low,Hydrated
23,Male,99.5,1.91,Moderate,At Risk of Dehydration
23,Male,72.74,2.22,High,Hydrated
40,Female,65.63,3.79,High,At Risk of Dehydration
51,Male,70.82,2.82,Moderate,At Risk of Dehydration
44,Female,54.49,1.08,High,At Risk of Dehydration
38,Male,98.65,1.58,High,At Risk of Dehydration
43,Female,77.42,3.36,Low,At Risk of Dehydration
24,Female,46.56,1.62,High,At Risk of Dehydration
34,Male,55.01,2.03,Low,At Risk of Dehydration
56,Male,73.04,2.27,High,At Risk of Dehydration
23,Female,88.01,2.59,Low,Hydrated
23,Female,57.84,1.41,Low,At Risk of Dehydration
18,Male,63.12,1.32,High,At Risk of Dehydration
43,Female,51.26,1.04,Moderate,At Risk of Dehydration
42,Female,86.07,3.61,Moderate,At Risk of Dehydration
56,Female,84.05,3.4,Moderate,At Risk of Dehydration
39,Male,45.7,1.12,Moderate,At Risk of Dehydration
41,Male,68.72,2.18,Low,At Risk of Dehydration
58,Male,85.12,1.46,High,Hydrated
18,Male,97.5,3.77,Low,At Risk of Dehydration
24,Male,63.76,1.17,High,At Risk of Dehydration
19,Female,89.76,1.4,Moderate,At Risk of Dehydration
46,Male,48.28,3.18,Low,Hydrated
53,Female,83.88,3.11,Low,Hydrated
18,Female,58.24,2.64,Low,At Risk of Dehydration
32,Male,96.41,2.04,High,At Risk of Dehydration
25,Male,87.2,2.94,Moderate,Hydrated
32,Male,83.45,3.86,High,Hydrated
52,Female,91.83,2.96,Low,Hydrated
39,Female,99.62,2.06,High,At Risk of Dehydration
36,Female,92.68,1.81,Low,At Risk of Dehydration
42,Female,68.82,1.65,High,At Risk of Dehydration
18,Female,88.29,1.56,High,At Risk of Dehydration
51,Female,65.8,3.24,Moderate,Hydrated
42,Female,47.09,2.46,High,At Risk of Dehydration
47,Female,80.12,3.43,Moderate,Hydrated
28,Male,62.27,3.21,Moderate,Hydrated
22,Female,78.19,3.73,High,Hydrated
44,Female,54.12,2.03,Low,At Risk of Dehydration
31,Female,86.87,2.93,High,At Risk of Dehydration
52,Male,57.64,2.73,Low,At Risk of Dehydration
46,Female,52.32,2.01,Low,At Risk of Dehydration
56,Male,97.97,1.51,Low,At Risk of Dehydration
50,Male,64.54,3.49,Low,At Risk of Dehydration
23,Male,70.75,2.78,High,Hydrated
50,Male,71.68,1.14,High,At Risk of Dehydration
43,Female,70.47,1.31,Low,At Risk of Dehydration
18,Female,64.42,3.71,High,At Risk of Dehydration
31,Male,84.25,3.58,Moderate,At Risk of Dehydration
49,Female,72.1,1.79,High,At Risk of Dehydration
32,Male,54.95,2.22,Moderate,At Risk of Dehydration
30,Female,49.18,1.14,Low,At Risk of Dehydration
38,Female,71.67,2.63,High,Hydrated
54,Female,65.19,3.7,High,Hydrated
40,Male,52.25,3.05,Low,Hydrated
26,Male,59.27,3.7,High,Hydrated
35,Male,73.49,2.36,High,At Risk of Dehydration
25,Female,54.93,1.29,Moderate,At Risk of Dehydration
48,Male,48.98,2.18,Moderate,At Risk of Dehydration
33,Male,88.26,1.99,Moderate,At Risk of Dehydration
57,Female,90.76,3.26,Moderate,Hydrated
33,Female,84.93,2.19,Low,At Risk of Dehydration
47,Female,58.34,1.82,Low,At Risk of Dehydration
44,Male,74.94,2.68,Moderate,Hydrated
27,Female,72.66,1.61,Low,At Risk of Dehydration
39,Female,61.08,3.73,High,Hydrated
55,Female,74.4,2.95,Low,At Risk of Dehydration
46,Female,67.9,3.27,High,At Risk of Dehydration
42,Female,54.45,1.63,High,At Risk of Dehydration
28,Male,89.6,2.6,High,At Risk of Dehydration
31,Female,79.33,1.09,Moderate,At Risk of Dehydration
50,Male,99.65,3.64,High,Hydrated
39,Male,65.18,2.0,Low,At Risk of Dehydration
41,Male,45.99,3.5,High,At Risk of Dehydration
36,Male,76.45,3.84,Moderate,Hydrated
25,Female,77.33,3.18,Low,Hydrated
39,Female,58.86,1.96,Moderate,At Risk of Dehydration
55,Male,67.29,2.62,Moderate,Hydrated
22,Male,89.15,3.53,High,At Risk of Dehydration
24,Female,46.53,1.9,High,At Risk of Dehydration
29,Male,67.1,2.31,High,At Risk of Dehydration
32,Male,52.99,3.68,High,Hydrated
39,Male,92.77,3.21,Moderate,Hydrated
34,Female,65.7,2.47,High,At Risk of Dehydration
32,Male,50.81,3.95,Moderate,Hydrated
58,Male,99.45,2.45,High,At Risk of Dehydration
42,Male,51.14,1.15,Low,At Risk of Dehydration
33,Female,47.03,3.99,Moderate,Hydrated
39,Male,56.53,3.7,Moderate,Hydrated
35,Female,78.44,3.92,Moderate,Hydrated
52,Female,65.14,3.78,Low,Hydrated
49,Male,58.08,2.53,Low,At Risk of Dehydration
29,Male,58.1,2.84,Low,At Risk of Dehydration
48,Male,87.58,1.02,High,At Risk of Dehydration
51,Female,92.84,1.97,Low,At Risk of Dehydration
25,Female,86.1,1.31,High,At Risk of Dehydration
43,Male,89.58,2.15,High,At Risk of Dehydration
55,Female,84.11,3.94,High,Hydrated
20,Male,73.78,3.7,Moderate,At Risk of Dehydration
18,Male,51.19,3.23,Low,At Risk of Dehydration
19,Female,89.13,3.71,Low,Hydrated
20,Male,95.13,3.56,High,Hydrated
40,Male,86.3,2.5,Moderate,At Risk of Dehydration
24,Female,78.89,3.56,Low,Hydrated
26,Female,78.02,3.86,Low,Hydrated
59,Male,87.44,3.02,Moderate,At Risk of Dehydration
59,Male,80.9,3.45,Moderate,Hydrated
22,Female,87.28,1.72,Moderate,At Risk of Dehydration
45,Female,80.02,1.21,Low,At Risk of Dehydration
52,Female,95.53,2.01,High,At Risk of Dehydration
25,Male,80.87,3.15,Low,At Risk of Dehydration
29,Male,87.54,1.46,Moderate,At Risk of Dehydration
20,Female,92.42,1.99,Moderate,At Risk of Dehydration
39,Male,88.65,1.04,High,At Risk of Dehydration
49,Female,53.73,1.19,High,At Risk of Dehydration
34,Female,62.16,3.87,Low,At Risk of Dehydration
42,Female,72.63,3.08,Low,Hydrated
47,Female,47.8,2.04,Moderate,Hydrated
39,Male,61.83,2.86,High,Hydrated
32,Female,47.32,3.88,High,Hydrated
58,Male,49.19,2.42,High,At Risk of Dehydration
28,Female,84.77,2.39,Moderate,At Risk of Dehydration
41,Male,51.57,3.96,Moderate,Hydrated
40,Male,59.15,2.87,High,At Risk of Dehydration
55,Female,95.69,2.3,Moderate,At Risk of Dehydration
24,Male,80.74,3.53,High,At Risk of Dehydration
51,Male,80.43,2.94,Moderate,Hydrated
51,Female,60.19,1.95,Moderate,At Risk of Dehydration
53,Male,69.39,2.92,High,At Risk of Dehydration
43,Female,83.51,2.83,Moderate,Hydrated
57,Female,55.62,2.64,Low,Hydrated
45,Female,48.2,1.57,High,At Risk of Dehydration
52,Female,87.9,2.78,Low,At Risk of Dehydration
29,Female,86.91,2.67,Moderate,At Risk of Dehydration
22,Female,67.45,2.92,High,Hydrated
23,Male,63.48,1.38,Moderate,At Risk of Dehydration
48,Female,46.04,1.17,Moderate,At Risk of Dehydration
45,Female,61.82,1.15,Low,At Risk of Dehydration
26,Male,67.66,1.21,High,At Risk of Dehydration
54,Female,60.78,1.37,High,At Risk of Dehydration
24,Female,91.79,3.19,High,At Risk of Dehydration
25,Female,94.9,3.02,High,At Risk of Dehydration
19,Female,55.08,3.53,Moderate,At Risk of Dehydration
29,Male,81.69,1.53,Low,At Risk of Dehydration
38,Female,57.6,1.47,High,At Risk of Dehydration
37,Female,81.87,2.98,Moderate,Hydrated
25,Male,60.43,3.01,Moderate,Hydrated
33,Female,53.24,1.6,Low,At Risk of Dehydration
49,Female,66.3,2.9,Low,Hydrated
38,Female,98.35,3.02,Moderate,At Risk of Dehydration
47,Female,95.94,3.66,High,Hydrated
19,Male,96.85,2.76,High,At Risk of Dehydration
33,Female,93.32,3.46,Low,At Risk of Dehydration
32,Female,83.44,3.4,Moderate,Hydrated
21,Male,50.21,1.07,Moderate,At Risk of Dehydration
29,Male,84.89,1.76,High,At Risk of Dehydration
30,Female,60.27,4.0,High,Hydrated
21,Female,86.82,3.23,Low,At Risk of Dehydration
38,Male,49.07,1.39,Moderate,At Risk of Dehydration
39,Female,65.83,1.59,Moderate,At Risk of Dehydration
31,Male,49.98,2.93,High,Hydrated
47,Male,84.7,2.4,Moderate,At Risk of Dehydration
19,Female,92.82,3.34,High,At Risk of Dehydration
22,Male,73.9,1.68,High,At Risk of Dehydration
35,Male,55.66,2.03,Low,Hydrated
30,Male,95.04,1.89,Moderate,At Risk of Dehydration
39,Female,66.25,2.69,High,At Risk of Dehydration
35,Male,95.0,3.38,High,Hydrated
54,Male,75.95,2.75,Low,At Risk of Dehydration
39,Male,62.43,3.51,Low,Hydrated
18,Male,80.71,3.39,High,Hydrated
48,Female,67.68,3.44,High,At Risk of Dehydration
47,Male,74.36,3.04,High,At Risk of Dehydration
52,Female,46.21,2.87,Low,Hydrated
30,Female,90.41,1.14,High,At Risk of Dehydration
55,Female,68.62,1.51,Moderate,At Risk of Dehydration
49,Male,93.83,2.03,Moderate,At Risk of Dehydration
25,Male,77.2,1.09,High,At Risk of Dehydration
25,Male,45.66,1.21,High,At Risk of Dehydration
32,Female,53.19,3.35,Low,Hydrated
32,Male,88.99,3.88,High,Hydrated
23,Male,95.95,1.62,High,Hydrated
26,Male,74.16,1.36,High,At Risk of Dehydration
56,Male,48.64,1.08,High,At Risk of Dehydration
56,Female,87.45,2.16,Low,At Risk of Dehydration
54,Female,71.65,1.74,High,At Risk of Dehydration
45,Female,66.16,1.43,High,At Risk of Dehydration
32,Female,85.53,3.01,Low,At Risk of Dehydration
28,Female,87.82,3.33,Moderate,At Risk of Dehydration
50,Male,52.27,2.37,Moderate,At Risk of Dehydration
41,Male,59.12,2.9,High,At Risk of Dehydration
51,Female,74.35,1.65,High,At Risk of Dehydration
29,Female,65.61,1.83,Moderate,At Risk of Dehydration
34,Female,86.46,2.88,High,Hydrated
33,Male,97.35,3.53,Low,Hydrated
26,Male,74.54,3.68,Moderate,Hydrated
52,Male,67.6,1.46,Moderate,At Risk of Dehydration
49,Female,54.87,2.58,Moderate,At Risk of Dehydration
23,Male,52.35,2.97,High,At Risk of Dehydration
45,Female,89.65,1.74,Moderate,At Risk of Dehydration
23,Male,80.15,1.91,High,At Risk of Dehydration
41,Female,91.07,1.28,High,At Risk of Dehydration
53,Male,80.87,3.82,Low,Hydrated
42,Male,94.18,3.59,High,At Risk of Dehydration
55,Female,60.17,2.89,Low,At Risk of Dehydration
18,Male,98.11,1.6,Low,At Risk of Dehydration
39,Female,45.89,1.45,Low,At Risk of Dehydration
28,Female,46.77,1.79,Moderate,At Risk of Dehydration
23,Male,68.12,3.62,Moderate,Hydrated
30,Male,82.06,2.31,Low,Hydrated
44,Male,60.47,2.47,Low,At Risk of Dehydration
57,Male,56.63,3.08,Low,At Risk of Dehydration
35,Male,83.68,1.49,High,At Risk of Dehydration
50,Female,88.45,1.11,Low,At Risk of Dehydration
26,Male,80.97,3.38,High,Hydrated
58,Male,57.07,2.59,Low,At Risk of Dehydration
20,Male,50.98,1.19,Moderate,Hydrated
52,Male,64.36,1.2,Low,At Risk of Dehydration
19,Male,49.24,3.6,High,At Risk of Dehydration
59,Male,95.47,3.78,High,At Risk of Dehydration
49,Male,80.22,2.16,High,At Risk of Dehydration
59,Female,84.82,3.41,Low,At Risk of Dehydration
52,Male,48.11,3.56,Moderate,Hydrated
21,Male,46.53,1.54,High,At Risk of Dehydration
49,Female,85.83,3.7,Moderate,At Risk of Dehydration
54,Male,55.72,1.45,High,At Risk of Dehydration
26,Male,99.21,3.14,Moderate,Hydrated
42,Female,47.97,1.77,Low,At Risk of Dehydration
32,Female,62.64,1.4,High,At Risk of Dehydration
28,Female,89.24,1.52,High,At Risk of Dehydration
50,Female,84.27,2.86,High,Hydrated
43,Male,70.77,2.91,Moderate,At Risk of Dehydration
38,Male,84.65,1.48,High,At Risk of Dehydration
30,Male,94.36,2.57,Low,At Risk of Dehydration
21,Male,70.39,3.19,High,At Risk of Dehydration
20,Male,70.31,2.02,Low,At Risk of Dehydration
43,Female,76.86,1.94,Low,At Risk of Dehydration
45,Female,53.9,1.05,Moderate,At Risk of Dehydration
22,Female,59.79,2.2,High,At Risk of Dehydration
46,Male,94.82,3.7,Low,Hydrated
41,Male,49.18,2.17,Moderate,Hydrated
52,Male,74.65,1.75,Moderate,At Risk of Dehydration
23,Female,61.97,2.36,High,At Risk of Dehydration
59,Female,54.06,3.18,Low,Hydrated
38,Male,89.9,1.71,Low,At Risk of Dehydration
30,Male,60.88,2.42,Moderate,At Risk of Dehydration
30,Male,89.41,1.72,Low,At Risk of Dehydration
33,Female,78.38,2.84,Moderate,At Risk of Dehydration
36,Female,97.41,3.84,Moderate,Hydrated
49,Male,78.17,3.26,Low,Hydrated
33,Female,65.13,1.63,High,At Risk of Dehydration
43,Male,62.21,2.64,Low,Hydrated
50,Female,87.15,3.39,High,At Risk of Dehydration
48,Male,80.57,1.95,Low,At Risk of Dehydration
44,Male,69.47,1.72,Moderate,At Risk of Dehydration
58,Female,46.86,3.18,Low,At Risk of Dehydration
43,Male,62.8,1.03,Low,At Risk of Dehydration
22,Female,66.55,2.58,High,At Risk of Dehydration
21,Female,65.7,2.73,Low,Hydrated
35,Female,46.09,3.84,Moderate,Hydrated
27,Female,70.91,1.07,High,At Risk of Dehydration
41,Male,83.82,3.33,Low,At Risk of Dehydration
23,Male,63.78,2.05,Low,At Risk of Dehydration
55,Male,85.91,1.9,Low,At Risk of Dehydration
58,Male,94.57,1.34,Low,At Risk of Dehydration
41,Male,90.99,1.6,Low,At Risk of Dehydration
50,Female,72.35,3.7,High,At Risk of Dehydration
36,Female,65.8,1.23,Low,At Risk of Dehydration
19,Female,67.68,1.67,High,At Risk of Dehydration
42,Female,59.31,1.39,High,At Risk of Dehydration
44,Male,61.68,2.36,Moderate,Hydrated
50,Female,73.36,2.03,Low,At Risk of Dehydration
39,Female,86.69,2.88,High,Hydrated
41,Female,58.09,2.99,Moderate,Hydrated
40,Male,78.91,3.39,Low,Hydrated
18,Male,99.39,2.94,Moderate,Hydrated
24,Male,55.79,1.16,Moderate,At Risk of Dehydration
23,Female,94.23,3.31,Low,Hydrated
58,Female,98.79,1.88,Moderate,At Risk of Dehydration
22,Female,55.61,2.03,Moderate,At Risk of Dehydration
41,Female,75.2,2.5,Low,Hydrated
19,Female,65.33,3.95,Low,Hydrated
58,Male,67.13,2.7,High,At Risk of Dehydration
32,Female,88.59,3.97,Low,Hydrated
25,Male,60.35,1.06,High,At Risk of Dehydration
38,Male,98.98,3.21,Moderate,At Risk of Dehydration
23,Male,70.57,3.77,Moderate,Hydrated
53,Male,83.78,3.13,High,Hydrated
57,Female,54.81,1.59,Low,At Risk of Dehydration
50,Male,50.46,3.63,Moderate,Hydrated
54,Female,68.01,1.51,Low,At Risk of Dehydration
38,Male,59.18,3.68,Low,At Risk of Dehydration
43,Male,87.58,2.94,Moderate,At Risk of Dehydration
37,Female,72.79,3.12,High,At Risk of Dehydration
31,Female,94.0,2.15,Low,At Risk of Dehydration
46,Female,56.54,1.92,High,At Risk of Dehydration
18,Male,64.99,1.93,High,At Risk of Dehydration
32,Female,97.67,2.38,Low,At Risk of Dehydration
51,Male,71.98,2.12,Low,At Risk of Dehydration
35,Male,76.31,2.15,Moderate,Hydrated
20,Female,71.43,1.26,Moderate,At Risk of Dehydration
20,Male,92.11,1.13,Low,At Risk of Dehydration
41,Female,80.0,3.64,High,Hydrated
43,Male,77.44,2.0,High,At Risk of Dehydration
33,Male,99.83,1.96,High,At Risk of Dehydration
53,Male,72.39,3.62,Low,Hydrated
42,Female,91.69,3.18,High,Hydrated
18,Male,49.35,3.96,High,Hydrated
18,Male,87.06,2.32,Low,Hydrated
31,Male,53.19,3.55,High,Hydrated
38,Female,81.01,1.35,High,At Risk of Dehydration
44,Male,77.61,3.1,High,Hydrated
57,Male,70.26,3.98,Moderate,At Risk of Dehydration
53,Female,81.47,2.72,Moderate,At Risk of Dehydration
29,Female,76.32,1.34,Low,At Risk of Dehydration
45,Male,93.42,2.45,Moderate,Hydrated
34,Female,65.98,1.64,Low,At Risk of Dehydration
58,Male,69.34,3.61,Moderate,At Risk of Dehydration
38,Male,64.59,1.78,Moderate,At Risk of Dehydration
55,Male,80.19,2.39,High,At Risk of Dehydration
57,Male,79.92,2.99,Moderate,At Risk of Dehydration
50,Male,53.94,2.31,Moderate,At Risk of Dehydration
38,Female,70.03,3.47,Moderate,Hydrated
37,Male,75.77,1.57,Moderate,At Risk of Dehydration
38,Male,58.69,3.81,Moderate,Hydrated
50,Male,61.37,2.28,Low,At Risk of Dehydration
42,Female,66.43,3.0,Moderate,At Risk of Dehydration
41,Female,80.42,3.89,Moderate,At Risk of Dehydration
35,Female,94.29,3.44,High,Hydrated
44,Male,60.33,1.51,Moderate,At Risk of Dehydration
42,Male,91.32,3.74,High,At Risk of Dehydration
40,Male,84.09,1.86,Low,At Risk of Dehydration
43,Male,67.67,2.44,Moderate,At Risk of Dehydration
49,Male,90.05,1.95,High,At Risk of Dehydration
38,Male,63.12,3.74,Low,Hydrated
57,Male,57.82,3.9,Moderate,At Risk of Dehydration
40,Female,74.79,1.75,High,At Risk of Dehydration
23,Female,62.62,1.51,Moderate,At Risk of Dehydration
54,Female,93.08,2.1,High,At Risk of Dehydration
20,Female,85.08,2.17,High,At Risk of Dehydration
28,Female,77.05,3.68,Low,At Risk of Dehydration
38,Female,49.42,1.44,Moderate,At Risk of Dehydration
18,Male,94.34,3.94,High,Hydrated
32,Male,62.3,2.68,Low,At Risk of Dehydration
41,Female,98.29,3.2,Low,Hydrated
22,Female,51.82,3.86,High,At Risk of Dehydration
23,Male,88.76,3.84,Moderate,At Risk of Dehydration
56,Male,61.18,3.93,Moderate,Hydrated
